file,line,function,kind,key,value,interpretation
python/a100_device_gate.py,16,<module>,literal_assignment,SCHEMA,"""ecsp.a100-production-gate/v1""",정적 리터럴; 물리/수치/운영/진단 혼재
python/a100_device_gate.py,17,<module>,literal_assignment,REQUIRED_NATIVE_CUDA_TEST_IDS,"[""python.tests.test_bc_native::test_native_cuda32_64_batch_size_invariance"", ""python.tests.test_bc_native::test_native_cuda_cpu_full_field_and_mixed_voltage_parity""]",정적 리터럴; 물리/수치/운영/진단 혼재
python/a100_device_gate.py,63,_nvidia_smi_rows,literal_assignment,rows,[],정적 리터럴; 물리/수치/운영/진단 혼재
python/a100_device_gate.py,159,collect_device_report,literal_assignment,report['failure_reason'],"""Installed PyTorch has no CUDA runtime support""",정적 리터럴; 물리/수치/운영/진단 혼재
python/a100_device_gate.py,162,collect_device_report,literal_assignment,report['failure_reason'],"""torch.cuda.is_available() is false""",정적 리터럴; 물리/수치/운영/진단 혼재
python/a100_device_gate.py,230,collect_device_report,literal_assignment,report['failure_reason'],"""NVIDIA driver version could not be recorded; nvidia-smi evidence is required""",정적 리터럴; 물리/수치/운영/진단 혼재
python/a100_device_gate.py,235,collect_device_report,literal_assignment,report['status'],"""passed_verified_nvidia_a100_sm80""",정적 리터럴; 물리/수치/운영/진단 혼재
python/a100_device_gate.py,236,collect_device_report,literal_assignment,report['a100_device_identity_verified'],true,정적 리터럴; 물리/수치/운영/진단 혼재
python/a100_device_gate.py,239,collect_device_report,literal_assignment,report['status'],"""passed_non_a100_non_certifying_override""",정적 리터럴; 물리/수치/운영/진단 혼재
python/a100_device_gate.py,240,collect_device_report,literal_assignment,report['non_certifying_override_used'],true,정적 리터럴; 물리/수치/운영/진단 혼재
python/a100_device_gate.py,241,collect_device_report,literal_assignment,report['limitations'],"[""This run is a functional CUDA check only."", ""It is not A100 validation or A100 certification.""]",정적 리터럴; 물리/수치/운영/진단 혼재
python/a100_device_gate.py,296,_load_preflight,dict_get,checks,{},코드 기본값; 실행 활성/단위는 문맥 확인
python/a100_device_gate.py,315,_load_preflight,dict_get,cuda_test_counts,{},코드 기본값; 실행 활성/단위는 문맥 확인
python/a100_device_gate.py,35,_cuda_visible_selector,dict_get,CUDA_VISIBLE_DEVICES,"""""",코드 기본값; 실행 활성/단위는 문맥 확인
python/a100_device_gate.py,319,_load_preflight,dict_get,tests,0,코드 기본값; 실행 활성/단위는 문맥 확인
python/a100_device_gate.py,132,_select_smi_row,dict_get,name,"""""",코드 기본값; 실행 활성/단위는 문맥 확인
python/a100_device_gate.py,256,_load_preflight,function_default,expected_kind,null,함수 기본 인수; 호출별 override 가능
python/audit_v800_preservation.py,14,main,literal_assignment,baseline_bytes,{},정적 리터럴; 물리/수치/운영/진단 혼재
python/audit_v800_preservation.py,22,main,literal_assignment,same,[],정적 리터럴; 물리/수치/운영/진단 혼재
python/audit_v800_preservation.py,22,main,literal_assignment,changed,[],정적 리터럴; 물리/수치/운영/진단 혼재
python/audit_v800_preservation.py,22,main,literal_assignment,missing,[],정적 리터럴; 물리/수치/운영/진단 혼재
python/audit_v800_preservation.py,22,main,literal_assignment,unexpected,[],정적 리터럴; 물리/수치/운영/진단 혼재
python/audit_v810_preservation.py,15,<module>,literal_assignment,EXCLUDED_PARTS,"""{'build', '.git', '__pycache__', '.native_build', '.pytest_cache', '.ruff_cache', 'runs'}""",정적 리터럴; 물리/수치/운영/진단 혼재
python/audit_v810_preservation.py,65,_load_mapping,literal_assignment,result,{},정적 리터럴; 물리/수치/운영/진단 혼재
python/audit_v810_preservation.py,82,_baseline_zip_files,literal_assignment,result,{},정적 리터럴; 물리/수치/운영/진단 혼재
python/audit_v810_preservation.py,162,audit,literal_assignment,baseline_zip_files,{},정적 리터럴; 물리/수치/운영/진단 혼재
python/audit_v810_preservation.py,163,audit,literal_assignment,baseline_zip_verification,"{""status"": ""not_provided"", ""provided"": false, ""archive_sha256_matches"": false, ""inventory_matches_embedded_manifest"": false}",정적 리터럴; 물리/수치/운영/진단 혼재
python/audit_v810_preservation.py,189,audit,literal_assignment,unsupported_symlinks,[],정적 리터럴; 물리/수치/운영/진단 혼재
python/audit_v810_preservation.py,234,audit,literal_assignment,deferred_declared_changes,[],정적 리터럴; 물리/수치/운영/진단 혼재
python/audit_v810_preservation.py,267,audit,literal_assignment,exact_failures,[],정적 리터럴; 물리/수치/운영/진단 혼재
python/audit_v810_preservation.py,132,audit,dict_get,allowed_modified,{},코드 기본값; 실행 활성/단위는 문맥 확인
python/audit_v810_preservation.py,134,audit,dict_get,allowed_added,{},코드 기본값; 실행 활성/단위는 문맥 확인
python/audit_v810_preservation.py,136,audit,dict_get,allowed_deleted,{},코드 기본값; 실행 활성/단위는 문맥 확인
python/audit_v810_preservation.py,129,audit,dict_get,file_count,-1,코드 기본값; 실행 활성/단위는 문맥 확인
python/audit_v810_preservation.py,112,audit,function_default,baseline_zip,null,함수 기본 인수; 호출별 override 가능
python/audit_v820_preservation.py,15,<module>,literal_assignment,EXCLUDED_PARTS,"""{'build', '.git', '__pycache__', '.native_build', '.pytest_cache', '.ruff_cache', 'runs'}""",정적 리터럴; 물리/수치/운영/진단 혼재
python/audit_v820_preservation.py,65,_load_mapping,literal_assignment,result,{},정적 리터럴; 물리/수치/운영/진단 혼재
python/audit_v820_preservation.py,82,_baseline_zip_files,literal_assignment,result,{},정적 리터럴; 물리/수치/운영/진단 혼재
python/audit_v820_preservation.py,162,audit,literal_assignment,baseline_zip_files,{},정적 리터럴; 물리/수치/운영/진단 혼재
python/audit_v820_preservation.py,163,audit,literal_assignment,baseline_zip_verification,"{""status"": ""not_provided"", ""provided"": false, ""archive_sha256_matches"": false, ""inventory_matches_embedded_manifest"": false}",정적 리터럴; 물리/수치/운영/진단 혼재
python/audit_v820_preservation.py,189,audit,literal_assignment,unsupported_symlinks,[],정적 리터럴; 물리/수치/운영/진단 혼재
python/audit_v820_preservation.py,234,audit,literal_assignment,deferred_declared_changes,[],정적 리터럴; 물리/수치/운영/진단 혼재
python/audit_v820_preservation.py,267,audit,literal_assignment,exact_failures,[],정적 리터럴; 물리/수치/운영/진단 혼재
python/audit_v820_preservation.py,132,audit,dict_get,allowed_modified,{},코드 기본값; 실행 활성/단위는 문맥 확인
python/audit_v820_preservation.py,134,audit,dict_get,allowed_added,{},코드 기본값; 실행 활성/단위는 문맥 확인
python/audit_v820_preservation.py,136,audit,dict_get,allowed_deleted,{},코드 기본값; 실행 활성/단위는 문맥 확인
python/audit_v820_preservation.py,129,audit,dict_get,file_count,-1,코드 기본값; 실행 활성/단위는 문맥 확인
python/audit_v820_preservation.py,112,audit,function_default,baseline_zip,null,함수 기본 인수; 호출별 override 가능
python/benchmark_bc_native_batches.py,36,main,literal_assignment,cfg['project']['device'],"""cuda""",정적 리터럴; 물리/수치/운영/진단 혼재
python/benchmark_bc_native_batches.py,38,main,literal_assignment,cfg['evaluator']['base_overrides']['numerics']['physicsDevice'],"""cuda""",정적 리터럴; 물리/수치/운영/진단 혼재
python/benchmark_bc_native_batches.py,51,main,literal_assignment,rows,[],정적 리터럴; 물리/수치/운영/진단 혼재
python/benchmark_bc_native_batches.py,54,main,literal_assignment,times,[],정적 리터럴; 물리/수치/운영/진단 혼재
python/benchmark_bc_native_batches.py,54,main,literal_assignment,validities,[],정적 리터럴; 물리/수치/운영/진단 혼재
python/benchmark_bc_native_batches.py,54,main,literal_assignment,mem,[],정적 리터럴; 물리/수치/운영/진단 혼재
python/benchmark_bc_native_batches.py,54,main,literal_assignment,parity,true,정적 리터럴; 물리/수치/운영/진단 혼재
python/benchmark_bc_native_batches.py,67,main,literal_assignment,parity,false,정적 리터럴; 물리/수치/운영/진단 혼재
python/benchmark_bc_native_batches.py,61,main,dict_get,minimumIgnitionVoltageSearchValid,false,코드 기본값; 실행 활성/단위는 문맥 확인
python/benchmark_bc_native_batches.py,70,main,literal_assignment,parity,false,정적 리터럴; 물리/수치/운영/진단 혼재
python/benchmark_bc_native_batches.py,71,main,literal_assignment,parity,false,정적 리터럴; 물리/수치/운영/진단 혼재
python/benchmark_reactive_backends.py,33,main,literal_assignment,rows,[],정적 리터럴; 물리/수치/운영/진단 혼재
python/benchmark_reactive_backends.py,43,main,literal_assignment,ref_times,[],정적 리터럴; 물리/수치/운영/진단 혼재
python/benchmark_reactive_backends.py,43,main,literal_assignment,tensor_times,[],정적 리터럴; 물리/수치/운영/진단 혼재
python/check_bc_native_cuda.py,28,main,dict_setdefault,TORCH_CUDA_ARCH_LIST,"""8.0""",코드 기본값; 실행 활성/단위는 문맥 확인
python/check_bc_native_cuda.py,35,main,literal_assignment,report['compile_status'],"""compiled_and_loaded""",정적 리터럴; 물리/수치/운영/진단 혼재
python/check_bc_native_cuda.py,43,main,literal_assignment,code,2,정적 리터럴; 물리/수치/운영/진단 혼재
python/check_bc_native_cuda.py,42,main,literal_assignment,report['compile_status'],"""failed""",정적 리터럴; 물리/수치/운영/진단 혼재
python/check_bc_native_cuda.py,42,main,literal_assignment,code,1,정적 리터럴; 물리/수치/운영/진단 혼재
python/compare_bc_native_python.py,16,main,literal_assignment,rows,[],정적 리터럴; 물리/수치/운영/진단 혼재
python/compare_bc_native_python.py,33,main,literal_assignment,"a[5:8, 5:26]",true,정적 리터럴; 물리/수치/운영/진단 혼재
python/compare_bc_native_python.py,33,main,literal_assignment,"b[24:27, 5:26]",true,정적 리터럴; 물리/수치/운영/진단 혼재
python/compare_bc_native_python.py,40,main,literal_assignment,comparisons,[],정적 리터럴; 물리/수치/운영/진단 혼재
python/compare_bc_native_python.py,29,main,dict_setdefault,nonlinearRobin,{},코드 기본값; 실행 활성/단위는 문맥 확인
python/compare_cpp_python_fp64.py,19,<module>,literal_assignment,ABSOLUTE_TOLERANCES,"{""finalAnodeCathodeCurrentMismatch"": 5e-06}",정적 리터럴; 물리/수치/운영/진단 혼재
python/compare_cpp_python_fp64.py,25,<module>,literal_assignment,METRICS,"[""peakMaximumTemperature_K"", ""peakCurrent_A"", ""peakCurrentCongestion"", ""inputElectricalEnergyAt2s_J"", ""areaAveragedUndecomposedFractionAt2s"", ""finalEffectiveResistance_ohm"", ""finalNonlinearRobinGaugeOffset_V"", ""finalAnodeCathodeCurrentMismatch""]",정적 리터럴; 물리/수치/운영/진단 혼재
python/compare_cpp_python_fp64.py,125,main,literal_assignment,rows,[],정적 리터럴; 물리/수치/운영/진단 혼재
python/compare_cpp_python_fp64.py,160,main,literal_assignment,all_passed,false,정적 리터럴; 물리/수치/운영/진단 혼재
python/compare_cpp_python_fp64.py,59,_run,dict_get,PYTHONPATH,"""""",코드 기본값; 실행 활성/단위는 문맥 확인
python/compare_cpp_python_fp64.py,164,main,literal_assignment,max_rel,0.0,정적 리터럴; 물리/수치/운영/진단 혼재
python/compare_cpu_mps_validation.py,12,<module>,literal_assignment,OBJECTIVES,"[""ignition_delay_s"", ""area_undecomposed_fraction_at_2s"", ""minimum_ignition_voltage_V"", ""current_congestion""]",정적 리터럴; 물리/수치/운영/진단 혼재
python/compare_cpu_mps_validation.py,77,main,literal_assignment,objective_summary,{},정적 리터럴; 물리/수치/운영/진단 혼재
python/compare_cpu_mps_validation.py,42,_pareto_ids,literal_assignment,dominated[i],true,정적 리터럴; 물리/수치/운영/진단 혼재
python/ecsp_cpp/__init__.py,4,<module>,literal_assignment,__all__,"[""CppPhysicsRunner"", ""write_mask_binary"", ""serialise_cpp_config""]",정적 리터럴; 물리/수치/운영/진단 혼재
python/ecsp_cpp/backend.py,241,write_cpp_config,literal_assignment,lines,[],정적 리터럴; 물리/수치/운영/진단 혼재
python/ecsp_cpp/backend.py,51,_channel_values,dict_get,waterStoichiometry_mol_per_molElectron,0.0,코드 기본값; 실행 활성/단위는 문맥 확인
python/ecsp_cpp/backend.py,52,_channel_values,dict_get,saltStoichiometry_mol_per_molElectron,0.0,코드 기본값; 실행 활성/단위는 문맥 확인
python/ecsp_cpp/backend.py,128,serialise_cpp_config,dict_get,speciesFixedSubsteps,2,코드 기본값; 실행 활성/단위는 문맥 확인
python/ecsp_cpp/backend.py,146,serialise_cpp_config,dict_get,contactNormalConductionLength_m,"""EXPRESSION: interface['numericalReactionLayerMinimum_m']""",코드 기본값; 실행 활성/단위는 문맥 확인
python/ecsp_cpp/backend.py,151,serialise_cpp_config,dict_get,initialContactPotentialDrop_V,5.0,코드 기본값; 실행 활성/단위는 문맥 확인
python/ecsp_cpp/backend.py,154,serialise_cpp_config,dict_get,hiddenBusConnectionAssumed,true,코드 기본값; 실행 활성/단위는 문맥 확인
python/ecsp_cpp/backend.py,184,serialise_cpp_config,dict_get,potentialUnderRelaxation,"""EXPRESSION: robin.get('underRelaxation', 0.35)""",코드 기본값; 실행 활성/단위는 문맥 확인
python/ecsp_cpp/backend.py,185,serialise_cpp_config,dict_get,currentBalanceAbsoluteTolerance_A,1e-12,코드 기본값; 실행 활성/단위는 문맥 확인
python/ecsp_cpp/backend.py,186,serialise_cpp_config,dict_get,gaugeBracketMargin_V,25.0,코드 기본값; 실행 활성/단위는 문맥 확인
python/ecsp_cpp/backend.py,187,serialise_cpp_config,dict_get,gaugeMaximumStep_V,65.0,코드 기본값; 실행 활성/단위는 문맥 확인
python/ecsp_cpp/backend.py,188,serialise_cpp_config,dict_get,gaugeDerivativeFloor_A_per_V,1e-14,코드 기본값; 실행 활성/단위는 문맥 확인
python/ecsp_cpp/backend.py,189,serialise_cpp_config,dict_get,gaugeMinimumIterations,1,코드 기본값; 실행 활성/단위는 문맥 확인
python/ecsp_cpp/backend.py,190,serialise_cpp_config,dict_get,gaugeMaximumIterations,24,코드 기본값; 실행 활성/단위는 문맥 확인
python/ecsp_cpp/backend.py,191,serialise_cpp_config,dict_get,gaugeUnderRelaxation,1.0,코드 기본값; 실행 활성/단위는 문맥 확인
python/ecsp_cpp/backend.py,192,serialise_cpp_config,dict_get,localInterfaceMinimumIterations,8,코드 기본값; 실행 활성/단위는 문맥 확인
python/ecsp_cpp/backend.py,193,serialise_cpp_config,dict_get,localInterfaceMaximumIterations,60,코드 기본값; 실행 활성/단위는 문맥 확인
python/ecsp_cpp/backend.py,194,serialise_cpp_config,dict_get,localNewtonPolishIterations,2,코드 기본값; 실행 활성/단위는 문맥 확인
python/ecsp_cpp/backend.py,195,serialise_cpp_config,dict_get,localRobinResidualTolerance_A_per_m2,0.01,코드 기본값; 실행 활성/단위는 문맥 확인
python/ecsp_cpp/backend.py,196,serialise_cpp_config,dict_get,localRobinRelativeResidualTolerance,0.0001,코드 기본값; 실행 활성/단위는 문맥 확인
python/ecsp_cpp/backend.py,222,serialise_cpp_config,dict_get,relativeToleranceStatic,1e-10,코드 기본값; 실행 활성/단위는 문맥 확인
python/ecsp_cpp/backend.py,223,serialise_cpp_config,dict_get,relativeToleranceCoupled,1e-09,코드 기본값; 실행 활성/단위는 문맥 확인
python/ecsp_cpp/backend.py,224,serialise_cpp_config,dict_get,absoluteTolerance,1e-12,코드 기본값; 실행 활성/단위는 문맥 확인
python/ecsp_cpp/backend.py,184,serialise_cpp_config,dict_get,underRelaxation,0.35,코드 기본값; 실행 활성/단위는 문맥 확인
python/ecsp_cpp/backend.py,220,serialise_cpp_config,dict_get,maximumIterationsStatic,3000,코드 기본값; 실행 활성/단위는 문맥 확인
python/ecsp_cpp/backend.py,220,serialise_cpp_config,dict_get,maximumIterationsCoupled,1500,코드 기본값; 실행 활성/단위는 문맥 확인
python/ecsp_cpp/backend.py,152,serialise_cpp_config,dict_get,contactModel,"""""",코드 기본값; 실행 활성/단위는 문맥 확인
python/ecsp_cpp/backend.py,252,__init__,function_default,executable,null,함수 기본 인수; 호출별 override 가능
python/ecsp_cuda/__init__.py,3,<module>,literal_assignment,__all__,"[""CudaBatchCase"", ""CudaPhysicsError"", ""TorchCudaSurfaceContactBatchRunner""]",정적 리터럴; 물리/수치/운영/진단 혼재
python/ecsp_cuda/solver.py,101,__init__,literal_assignment,self.pcg_host_check_interval,8,정적 리터럴; 물리/수치/운영/진단 혼재
python/ecsp_cuda/solver.py,102,__init__,literal_assignment,self.local_face_host_check_interval,8,정적 리터럴; 물리/수치/운영/진단 혼재
python/ecsp_cuda/solver.py,103,__init__,literal_assignment,self.robin_host_check_interval,4,정적 리터럴; 물리/수치/운영/진단 혼재
python/ecsp_cuda/solver.py,104,__init__,literal_assignment,self.time_host_check_interval,64,정적 리터럴; 물리/수치/운영/진단 혼재
python/ecsp_cuda/solver.py,128,_validate_common_config,literal_assignment,invariant_keys,"[""n"", ""domain"", ""layer"", ""cathode_voltage"", ""dt"", ""end_time"", ""eval_time"", ""electrical_interval"", ""density"", ""R"", ""F"", ""pcg_max_iter"", ""pcg_rtol_static"", ""pcg_rtol_coupled"", ""pcg_atol""]",정적 리터럴; 물리/수치/운영/진단 혼재
python/ecsp_cuda/solver.py,308,_build_system,literal_assignment,"active[:, 1:-1, 1:-1]",true,정적 리터럴; 물리/수치/운영/진단 혼재
python/ecsp_cuda/solver.py,1152,_simulate_batch,literal_assignment,outputs,[],정적 리터럴; 물리/수치/운영/진단 혼재
python/ecsp_cuda/solver.py,1224,run_batch,literal_assignment,final,[],정적 리터럴; 물리/수치/운영/진단 혼재
python/ecsp_cuda/solver.py,347,_solve_pcg,dict_get,diagonal_valid,"""EXPRESSION: torch.ones(batch, device=self.device, dtype=torch.bool)""",코드 기본값; 실행 활성/단위는 문맥 확인
python/ecsp_cuda/solver.py,1053,_simulate_batch,literal_assignment,merged_solver,{},정적 리터럴; 물리/수치/운영/진단 혼재
python/ecsp_cuda/solver.py,971,_simulate_batch,dict_get,stop_on_ignition,false,코드 기본값; 실행 활성/단위는 문맥 확인
python/ecsp_cuda/solver.py,74,__init__,function_default,device,"""cuda:0""",함수 기본 인수; 호출별 override 가능
python/ecsp_native/__init__.py,4,<module>,literal_assignment,__all__,"[""load_native"", ""build_info"", ""run_native_batch""]",정적 리터럴; 물리/수치/운영/진단 혼재
python/ecsp_native/adapter.py,141,pack_config,literal_assignment,integer_settings,"[""local_min"", ""local_max"", ""newton"", ""linear_max"", ""outer_min"", ""outer_max""]",정적 리터럴; 물리/수치/운영/진단 혼재
python/ecsp_native/adapter.py,196,pack_config,literal_assignment,table,[],정적 리터럴; 물리/수치/운영/진단 혼재
python/ecsp_native/adapter.py,59,pack_config,dict_get,nonlinearRobin,{},코드 기본값; 실행 활성/단위는 문맥 확인
python/ecsp_native/adapter.py,89,pack_config,dict_get,physicalFloors,{},코드 기본값; 실행 활성/단위는 문맥 확인
python/ecsp_native/adapter.py,92,pack_config,dict_get,numericalQuality,{},코드 기본값; 실행 활성/단위는 문맥 확인
python/ecsp_native/adapter.py,93,pack_config,literal_assignment,numerical_quality,{},정적 리터럴; 물리/수치/운영/진단 혼재
python/ecsp_native/adapter.py,192,pack_config,literal_assignment,cfg['joule_mode'],0,정적 리터럴; 물리/수치/운영/진단 혼재
python/ecsp_native/adapter.py,322,_package,dict_get,numericalQuality,{},코드 기본값; 실행 활성/단위는 문맥 확인
python/ecsp_native/adapter.py,323,_package,literal_assignment,numerical_quality,{},정적 리터럴; 물리/수치/운영/진단 혼재
python/ecsp_native/adapter.py,68,pack_config,dict_get,electrodeMasksRemovePropellant,false,코드 기본값; 실행 활성/단위는 문맥 확인
python/ecsp_native/adapter.py,74,pack_config,dict_get,continuedElectricalHeatingAfterOnset,false,코드 기본값; 실행 활성/단위는 문맥 확인
python/ecsp_native/adapter.py,76,pack_config,dict_get,usePaperMassTransferSaturation,false,코드 기본값; 실행 활성/단위는 문맥 확인
python/ecsp_native/adapter.py,76,pack_config,dict_get,enabled,false,코드 기본값; 실행 활성/단위는 문맥 확인
python/ecsp_native/adapter.py,78,pack_config,dict_get,includeActivationHeat,false,코드 기본값; 실행 활성/단위는 문맥 확인
python/ecsp_native/adapter.py,193,pack_config,literal_assignment,cfg['joule_mode'],1,정적 리터럴; 물리/수치/운영/진단 혼재
python/ecsp_native/adapter.py,201,prop,literal_assignment,cfg[prefix + 'mode'],0,정적 리터럴; 물리/수치/운영/진단 혼재
python/ecsp_native/adapter.py,208,prop,literal_assignment,cfg[prefix + 'mode'],1,정적 리터럴; 물리/수치/운영/진단 혼재
python/ecsp_native/adapter.py,220,pack_config,dict_get,conductivity,0.0,코드 기본값; 실행 활성/단위는 문맥 확인
python/ecsp_native/adapter.py,321,_package,dict_get,evaluationTime_s,"""EXPRESSION: end""",코드 기본값; 실행 활성/단위는 문맥 확인
python/ecsp_native/adapter.py,359,_package,dict_get,current_A,1e-15,코드 기본값; 실행 활성/단위는 문맥 확인
python/ecsp_native/adapter.py,70,pack_config,dict_get,hiddenBusConnectionAssumed,true,코드 기본값; 실행 활성/단위는 문맥 확인
python/ecsp_native/adapter.py,80,pack_config,dict_get,enabled,false,코드 기본값; 실행 활성/단위는 문맥 확인
python/ecsp_native/adapter.py,99,pack_config,dict_get,evaluationTime_s,"""EXPRESSION: bc['endTime_s']""",코드 기본값; 실행 활성/단위는 문맥 확인
python/ecsp_native/adapter.py,100,pack_config,dict_get,handoffSnapshotInterval_s,0.02,코드 기본값; 실행 활성/단위는 문맥 확인
python/ecsp_native/adapter.py,104,pack_config,dict_get,ambientTemperature_K,298.15,코드 기본값; 실행 활성/단위는 문맥 확인
python/ecsp_native/adapter.py,110,pack_config,dict_get,maximum_rate_per_s,1000000.0,코드 기본값; 실행 활성/단위는 문맥 확인
python/ecsp_native/adapter.py,110,pack_config,dict_get,minimumTemperature_K,200,코드 기본값; 실행 활성/단위는 문맥 확인
python/ecsp_native/adapter.py,111,pack_config,dict_get,maximumTemperature_K,3000,코드 기본값; 실행 활성/단위는 문맥 확인
python/ecsp_native/adapter.py,111,pack_config,dict_get,convectionCoefficient_W_per_m2K,0,코드 기본값; 실행 활성/단위는 문맥 확인
python/ecsp_native/adapter.py,112,pack_config,dict_get,emissivity,0,코드 기본값; 실행 활성/단위는 문맥 확인
python/ecsp_native/adapter.py,112,pack_config,dict_get,stefanBoltzmann_W_per_m2K4,5.670374419e-08,코드 기본값; 실행 활성/단위는 문맥 확인
python/ecsp_native/adapter.py,114,pack_config,dict_get,limiterComparisonRelativeTolerance,1e-07,코드 기본값; 실행 활성/단위는 문맥 확인
python/ecsp_native/adapter.py,125,pack_config,dict_get,maximumExplicitThermalCFL,"""EXPRESSION: numerical_quality.get('maximumDiffusiveCFLFraction', 1.0)""",코드 기본값; 실행 활성/단위는 문맥 확인
python/ecsp_native/adapter.py,128,pack_config,dict_get,relativeToleranceCoupled,1e-09,코드 기본값; 실행 활성/단위는 문맥 확인
python/ecsp_native/adapter.py,128,pack_config,dict_get,absoluteTolerance,1e-12,코드 기본값; 실행 활성/단위는 문맥 확인
python/ecsp_native/adapter.py,129,pack_config,dict_get,maximumIterationsCoupled,1500,코드 기본값; 실행 활성/단위는 문맥 확인
python/ecsp_native/adapter.py,136,pack_config,dict_get,minimumIterations,2,코드 기본값; 실행 활성/단위는 문맥 확인
python/ecsp_native/adapter.py,137,pack_config,dict_get,underRelaxation,0.35,코드 기본값; 실행 활성/단위는 문맥 확인
python/ecsp_native/adapter.py,194,pack_config,literal_assignment,cfg['joule_mode'],2,정적 리터럴; 물리/수치/운영/진단 혼재
python/ecsp_native/adapter.py,305,run_native_batch,dict_get,cpu_runtime,"""extension""",코드 기본값; 실행 활성/단위는 문맥 확인
python/ecsp_native/adapter.py,76,pack_config,dict_get,nernst,{},코드 기본값; 실행 활성/단위는 문맥 확인
python/ecsp_native/adapter.py,78,pack_config,dict_get,liquidKineticsGain,0,코드 기본값; 실행 활성/단위는 문맥 확인
python/ecsp_native/adapter.py,82,pack_config,dict_get,methodCoupled,"""EXPRESSION: ps.get('method', 'auto')""",코드 기본값; 실행 활성/단위는 문맥 확인
python/ecsp_native/adapter.py,83,pack_config,dict_get,preconditioner,"""jacobi""",코드 기본값; 실행 활성/단위는 문맥 확인
python/ecsp_native/adapter.py,120,pack_config,dict_get,useFullNernstPlanckTransport,true,코드 기본값; 실행 활성/단위는 문맥 확인
python/ecsp_native/adapter.py,121,pack_config,dict_get,diffusionPotentialEnabled,true,코드 기본값; 실행 활성/단위는 문맥 확인
python/ecsp_native/adapter.py,122,pack_config,dict_get,enabled,false,코드 기본값; 실행 활성/단위는 문맥 확인
python/ecsp_native/adapter.py,126,pack_config,dict_get,maximumDiffusiveCFLFraction,1.0,코드 기본값; 실행 활성/단위는 문맥 확인
python/ecsp_native/adapter.py,191,pack_config,dict_get,jouleHeatModel,"""conductive_sigma_E2""",코드 기본값; 실행 활성/단위는 문맥 확인
python/ecsp_native/adapter.py,217,prop,literal_assignment,cfg[prefix + 'mode'],0,정적 리터럴; 물리/수치/운영/진단 혼재
python/ecsp_native/adapter.py,220,pack_config,dict_get,augmentedElectronicConduction,{},코드 기본값; 실행 활성/단위는 문맥 확인
python/ecsp_native/adapter.py,300,run_native_batch,dict_get,host_check_interval_steps,16,코드 기본값; 실행 활성/단위는 문맥 확인
python/ecsp_native/adapter.py,300,run_native_batch,dict_get,linear_check_interval,8,코드 기본값; 실행 활성/단위는 문맥 확인
python/ecsp_native/adapter.py,359,_package,dict_get,physicalFloors,{},코드 기본값; 실행 활성/단위는 문맥 확인
python/ecsp_native/adapter.py,426,_package,dict_get,maximumExplicitThermalCFL,"""EXPRESSION: numerical_quality.get('maximumDiffusiveCFLFraction', 1.0)""",코드 기본값; 실행 활성/단위는 문맥 확인
python/ecsp_native/adapter.py,63,pack_config,dict_get,boundaryCouplingModel,"""""",코드 기본값; 실행 활성/단위는 문맥 확인
python/ecsp_native/adapter.py,65,pack_config,dict_get,contactModel,"""surface_overlay_full_propellant""",코드 기본값; 실행 활성/단위는 문맥 확인
python/ecsp_native/adapter.py,72,pack_config,dict_get,currentDirectionModel,"""signed_normal""",코드 기본값; 실행 활성/단위는 문맥 확인
python/ecsp_native/adapter.py,82,pack_config,dict_get,method,"""auto""",코드 기본값; 실행 활성/단위는 문맥 확인
python/ecsp_native/adapter.py,202,prop,dict_get,mode,"""table""",코드 기본값; 실행 활성/단위는 문맥 확인
python/ecsp_native/adapter.py,210,prop,dict_get,activation_energy_J_per_mol,0,코드 기본값; 실행 활성/단위는 문맥 확인
python/ecsp_native/adapter.py,314,run_native_batch,dict_get,verbose_build,false,코드 기본값; 실행 활성/단위는 문맥 확인
python/ecsp_native/adapter.py,427,_package,dict_get,maximumDiffusiveCFLFraction,1.0,코드 기본값; 실행 활성/단위는 문맥 확인
python/ecsp_native/adapter.py,122,pack_config,dict_get,augmentedElectronicConduction,{},코드 기본값; 실행 활성/단위는 문맥 확인
python/ecsp_native/adapter.py,311,run_native_batch,dict_get,torch_threads,1,코드 기본값; 실행 활성/단위는 문맥 확인
python/ecsp_native/adapter.py,312,run_native_batch,dict_get,trial_timeout_s,0,코드 기본값; 실행 활성/단위는 문맥 확인
python/ecsp_native/adapter.py,80,pack_config,dict_get,blocking,{},코드 기본값; 실행 활성/단위는 문맥 확인
python/ecsp_native/adapter.py,21,_native_step_count,function_default,maximum_steps,"""EXPRESSION: (1 << 31) - 1""",함수 기본 인수; 호출별 override 가능
python/ecsp_native/adapter.py,253,run_native_batch,function_default,dtype,"""EXPRESSION: torch.float64""",함수 기본 인수; 호출별 override 가능
python/ecsp_native/loader.py,59,load_native,dict_setdefault,MAX_JOBS,"""1""",코드 기본값; 실행 활성/단위는 문맥 확인
python/ecsp_native/loader.py,35,build_info,dict_get,TORCH_CUDA_ARCH_LIST,"""8.0""",코드 기본값; 실행 활성/단위는 문맥 확인
python/ecsp_native/loader.py,35,build_info,dict_get,CXX,"""c++""",코드 기본값; 실행 활성/단위는 문맥 확인
python/ecsp_native/loader.py,58,load_native,dict_setdefault,TORCH_CUDA_ARCH_LIST,"""8.0""",코드 기본값; 실행 활성/단위는 문맥 확인
python/ecsp_native/loader.py,41,build_info,dict_get,ECSP_NATIVE_BUILD_ROOT,"""EXPRESSION: str(ROOT / '.native_build')""",코드 기본값; 실행 활성/단위는 문맥 확인
python/ecsp_native/loader.py,14,required_cpp_standard,function_default,torch_version,null,함수 기본 인수; 호출별 override 가능
python/ecsp_native/loader.py,28,build_info,function_default,with_cuda,false,함수 기본 인수; 호출별 override 가능
python/ecsp_native/loader.py,44,load_native,function_default,with_cuda,false,함수 기본 인수; 호출별 override 가능
python/ecsp_native/loader.py,44,load_native,function_default,verbose,false,함수 기본 인수; 호출별 override 가능
python/ecsp_native/standalone.py,85,_read_tensor,literal_assignment,n,1,정적 리터럴; 물리/수치/운영/진단 혼재
python/ecsp_native/standalone.py,22,standalone_build_info,dict_get,CXX,"""c++""",코드 기본값; 실행 활성/단위는 문맥 확인
python/ecsp_native/standalone.py,38,build_standalone,dict_setdefault,KMP_USE_SHM,"""0""",코드 기본값; 실행 활성/단위는 문맥 확인
python/ecsp_native/standalone.py,49,build_standalone,literal_assignment,commands,[],정적 리터럴; 물리/수치/운영/진단 혼재
python/ecsp_native/standalone.py,107,run_standalone,literal_assignment,child_env['KMP_USE_SHM'],"""0""",정적 리터럴; 물리/수치/운영/진단 혼재
python/ecsp_native/standalone.py,123,run_standalone,literal_assignment,result,{},정적 리터럴; 물리/수치/운영/진단 혼재
python/ecsp_native/standalone.py,26,standalone_build_info,dict_get,ECSP_NATIVE_BUILD_ROOT,"""EXPRESSION: str(ROOT / '.native_build')""",코드 기본값; 실행 활성/단위는 문맥 확인
python/ecsp_native/standalone.py,32,build_standalone,function_default,verbose,false,함수 기본 인수; 호출별 override 가능
python/ecsp_nsga2/__init__.py,5,<module>,literal_assignment,__all__,"[""Individual"", ""fast_non_dominated_sort"", ""assign_crowding_distance"", ""NSGA2ElectricalSolidWorkflow""]",정적 리터럴; 물리/수치/운영/진단 혼재
python/ecsp_nsga2/baselines.py,55,<module>,literal_assignment,hidden_bus_contact_area_fraction,0.0,정적 리터럴; 물리/수치/운영/진단 혼재
python/ecsp_nsga2/baselines.py,73,_component_boxes,literal_assignment,boxes,[],정적 리터럴; 물리/수치/운영/진단 혼재
python/ecsp_nsga2/baselines.py,240,generate_area_matched_staggered,literal_assignment,candidates,[],정적 리터럴; 물리/수치/운영/진단 혼재
python/ecsp_nsga2/baselines.py,513,generate_area_matched_staggered,literal_assignment,geometry_id,"""AREA_MATCHED_STAGGERED""",정적 리터럴; 물리/수치/운영/진단 혼재
python/ecsp_nsga2/baselines.py,601,write_objective_comparison_csv,literal_assignment,rows,[],정적 리터럴; 물리/수치/운영/진단 혼재
python/ecsp_nsga2/baselines.py,662,write_comparison_image,literal_assignment,y,520,정적 리터럴; 물리/수치/운영/진단 혼재
python/ecsp_nsga2/baselines.py,665,write_comparison_image,literal_assignment,labels,"{""ignition_delay_s"": ""Ignition delay [s]"", ""area_undecomposed_fraction_at_evaluation_time"": ""Undecomposed at configured evaluation time [-]"", ""area_undecomposed_fraction_at_2s"": ""Undecomposed at configured evaluation time [-] (deprecated At2s alias)"", ""minimum_ignition_voltage_V"": ""Minimum ignition voltage [V]"", ""current_congestion"": ""Current congestion [-]""}",정적 리터럴; 물리/수치/운영/진단 혼재
python/ecsp_nsga2/baselines.py,663,write_comparison_image,dict_get,objectives,{},코드 기본값; 실행 활성/단위는 문맥 확인
python/ecsp_nsga2/baselines.py,664,write_comparison_image,dict_get,objectives,{},코드 기본값; 실행 활성/단위는 문맥 확인
python/ecsp_nsga2/baselines.py,136,_build_hidden_bus_vertical_staggered_masks,literal_assignment,"anode[0:length, x0:x0 + width]",true,정적 리터럴; 물리/수치/운영/진단 혼재
python/ecsp_nsga2/baselines.py,138,_build_hidden_bus_vertical_staggered_masks,literal_assignment,"cathode[n - length:n, x0:x0 + width]",true,정적 리터럴; 물리/수치/운영/진단 혼재
python/ecsp_nsga2/baselines.py,610,write_objective_comparison_csv,dict_get,objectives,{},코드 기본값; 실행 활성/단위는 문맥 확인
python/ecsp_nsga2/bc_native.py,196,evaluate_batch,literal_assignment,results,[],정적 리터럴; 물리/수치/운영/진단 혼재
python/ecsp_nsga2/bc_native.py,204,evaluate_handoff_batch,literal_assignment,result,[],정적 리터럴; 물리/수치/운영/진단 혼재
python/ecsp_nsga2/bc_native.py,255,__init__,literal_assignment,main['backend'],"""bc_global_native""",정적 리터럴; 물리/수치/운영/진단 혼재
python/ecsp_nsga2/bc_native.py,264,__init__,literal_assignment,"self.cpu_config.setdefault('base_overrides', {}).setdefault('numerics', {})['physicsDevice']","""cpu""",정적 리터럴; 물리/수치/운영/진단 혼재
python/ecsp_nsga2/bc_native.py,295,evaluate_batch,literal_assignment,futures,{},정적 리터럴; 물리/수치/운영/진단 혼재
python/ecsp_nsga2/bc_native.py,135,_safe_run,literal_assignment,allrows,[],정적 리터럴; 물리/수치/운영/진단 혼재
python/ecsp_nsga2/bc_native.py,135,_safe_run,literal_assignment,allhands,[],정적 리터럴; 물리/수치/운영/진단 혼재
python/ecsp_nsga2/bc_native.py,136,_safe_run,literal_assignment,pos,0,정적 리터럴; 물리/수치/운영/진단 혼재
python/ecsp_nsga2/bc_native.py,174,trials,literal_assignment,batch,[],정적 리터럴; 물리/수치/운영/진단 혼재
python/ecsp_nsga2/bc_native.py,69,__init__,dict_get,native,{},코드 기본값; 실행 활성/단위는 문맥 확인
python/ecsp_nsga2/bc_native.py,101,__init__,dict_get,cpu_runtime,"""extension""",코드 기본값; 실행 활성/단위는 문맥 확인
python/ecsp_nsga2/bc_native.py,162,_safe_run,literal_assignment,row['backend'],"""bc_global_native""",정적 리터럴; 물리/수치/운영/진단 혼재
python/ecsp_nsga2/bc_native.py,242,__init__,dict_get,native,{},코드 기본값; 실행 활성/단위는 문맥 확인
python/ecsp_nsga2/bc_native.py,243,__init__,dict_get,backend,"""bc_global_native_hybrid""",코드 기본값; 실행 활성/단위는 문맥 확인
python/ecsp_nsga2/bc_native.py,248,__init__,dict_get,cpu_budget,8,코드 기본값; 실행 활성/단위는 문맥 확인
python/ecsp_nsga2/bc_native.py,256,__init__,dict_setdefault,numerics,{},코드 기본값; 실행 활성/단위는 문맥 확인
python/ecsp_nsga2/bc_native.py,264,__init__,dict_setdefault,numerics,{},코드 기본값; 실행 활성/단위는 문맥 확인
python/ecsp_nsga2/bc_native.py,95,__init__,dict_get,handoff_batch_size,4,코드 기본값; 실행 활성/단위는 문맥 확인
python/ecsp_nsga2/bc_native.py,247,__init__,dict_get,cpu_threads_per_worker,1,코드 기본값; 실행 활성/단위는 문맥 확인
python/ecsp_nsga2/bc_native.py,249,__init__,dict_get,host_reserve,"""EXPRESSION: 2 if self.use_cuda else 1""",코드 기본값; 실행 활성/단위는 문맥 확인
python/ecsp_nsga2/bc_native.py,250,__init__,dict_get,cpu_workers,6,코드 기본값; 실행 활성/단위는 문맥 확인
python/ecsp_nsga2/bc_native.py,267,__init__,dict_get,cpu_runtime,"""extension""",코드 기본값; 실행 활성/단위는 문맥 확인
python/ecsp_nsga2/bc_native.py,73,__init__,dict_get,torch_threads,1,코드 기본값; 실행 활성/단위는 문맥 확인
python/ecsp_nsga2/bc_native.py,106,__init__,dict_get,verbose_build,false,코드 기본값; 실행 활성/단위는 문맥 확인
python/ecsp_nsga2/bc_native.py,108,__init__,dict_get,verbose_build,false,코드 기본값; 실행 활성/단위는 문맥 확인
python/ecsp_nsga2/bc_native.py,256,__init__,dict_setdefault,base_overrides,{},코드 기본값; 실행 활성/단위는 문맥 확인
python/ecsp_nsga2/bc_native.py,264,__init__,dict_setdefault,base_overrides,{},코드 기본값; 실행 활성/단위는 문맥 확인
python/ecsp_nsga2/bc_native.py,167,_safe_run,dict_get,nativeExecution,{},코드 기본값; 실행 활성/단위는 문맥 확인
python/ecsp_nsga2/bc_native.py,269,__init__,dict_get,verbose_build,false,코드 기본값; 실행 활성/단위는 문맥 확인
python/ecsp_nsga2/bc_native.py,270,__init__,dict_get,verbose_build,false,코드 기본값; 실행 활성/단위는 문맥 확인
python/ecsp_nsga2/bc_native.py,210,evaluate_handoff_batch,dict_get,physicsRejectionReason,"""Native candidate handoff failed""",코드 기본값; 실행 활성/단위는 문맥 확인
python/ecsp_nsga2/bc_native.py,34,available_cpu_budget,function_default,requested,null,함수 기본 인수; 호출별 override 가능
python/ecsp_nsga2/bc_native.py,299,collect,function_default,block,false,함수 기본 인수; 호출별 override 가능
python/ecsp_nsga2/bc_vmin.py,88,_monotonicity_violation,literal_assignment,outcomes_by_voltage,{},정적 리터럴; 물리/수치/운영/진단 혼재
python/ecsp_nsga2/bc_vmin.py,108,_monotonicity_violation,literal_assignment,igniting,[],정적 리터럴; 물리/수치/운영/진단 혼재
python/ecsp_nsga2/bc_vmin.py,143,batched_voltage_search,literal_assignment,states,[],정적 리터럴; 물리/수치/운영/진단 혼재
python/ecsp_nsga2/bc_vmin.py,58,validate_voltage_search_contract,literal_assignment,required_iterations,0,정적 리터럴; 물리/수치/운영/진단 혼재
python/ecsp_nsga2/bc_vmin.py,165,apply,dict_get,nativeExecution,{},코드 기본값; 실행 활성/단위는 문맥 확인
python/ecsp_nsga2/bc_vmin.py,90,_monotonicity_violation,dict_get,numerically_valid,false,코드 기본값; 실행 활성/단위는 문맥 확인
python/ecsp_nsga2/bc_vmin.py,164,apply,dict_get,ignitionSucceeded,false,코드 기본값; 실행 활성/단위는 문맥 확인
python/ecsp_nsga2/bc_vmin.py,95,_monotonicity_violation,dict_get,ignited,false,코드 기본값; 실행 활성/단위는 문맥 확인
python/ecsp_nsga2/bc_vmin.py,154,batched_voltage_search,dict_get,ignitionSucceeded,false,코드 기본값; 실행 활성/단위는 문맥 확인
python/ecsp_nsga2/bc_vmin.py,168,apply,dict_get,validity_window,"""full_horizon""",코드 기본값; 실행 활성/단위는 문맥 확인
python/ecsp_nsga2/bc_vmin.py,170,apply,dict_get,earlyStopped,false,코드 기본값; 실행 활성/단위는 문맥 확인
python/ecsp_nsga2/bc_vmin.py,212,batched_voltage_search,dict_get,numerically_valid,false,코드 기본값; 실행 활성/단위는 문맥 확인
python/ecsp_nsga2/bc_vmin.py,151,batched_voltage_search,dict_get,ignitionSucceeded,false,코드 기본값; 실행 활성/단위는 문맥 확인
python/ecsp_nsga2/diversity.py,9,<module>,literal_assignment,DESCRIPTOR_NAMES,"[""n_line"", ""n_arc"", ""n_branch"", ""branch_depth"", ""n_components"", ""length_mean"", ""length_std"", ""arc_radius_mean"", ""orientation_entropy"", ""minimum_gap_mm"", ""perimeter_px"", ""spatial_dispersion""]",정적 리터럴; 물리/수치/운영/진단 혼재
python/ecsp_nsga2/diversity.py,58,farthest_point_selection,literal_assignment,chosen_idx,[],정적 리터럴; 물리/수치/운영/진단 혼재
python/ecsp_nsga2/diversity.py,103,quota_preserving_mating_pool,literal_assignment,by_topology,{},정적 리터럴; 물리/수치/운영/진단 혼재
python/ecsp_nsga2/diversity.py,106,quota_preserving_mating_pool,literal_assignment,topo_picks,[],정적 리터럴; 물리/수치/운영/진단 혼재
python/ecsp_nsga2/diversity.py,26,descriptor_vector,dict_get,geometry_descriptors,{},코드 기본값; 실행 활성/단위는 문맥 확인
python/ecsp_nsga2/evaluator.py,40,<module>,literal_assignment,OBJECTIVE_ALIASES,"{""ignition_delay_s"": [""ignition_delay_s"", ""ignitionDelay_s"", ""condensedPhaseIgnitionDelay_s"", ""t_ignition_s"", ""condensed_phase_ignition_delay_s""], ""area_undecomposed_fraction_at_evaluation_time"": [""area_undecomposed_fraction_at_evaluation_time"", ""remainingReactiveMassFractionAtEvaluationTime"", ""areaAveragedUndecomposedFractionAtEvaluationTime"", ""areaWeightedUndecomposedFractionAtEvaluationTime"", ""area_undecomposed_fraction_at_2s"", ""remainingReactiveMassFractionAt2s"", ""areaAveragedUndecomposedFractionAt2s"", ""areaWeightedUndecomposedFractionAt2s"", ""finalAreaAveragedUndecomposedFraction"", ""residual_undecomposed_fraction_at_2s"", ""UspAt2s"", ""U_rem_at_2s""], ""minimum_ignition_voltage_V"": [""minimumIgnitionVoltageObjective_V"", ""minimum_ignition_voltage_V"", ""minimumIgnitionVoltage_V"", ""VminIgnition_V"", ""V_min_ignition_V""], ""current_congestion"": [""peakCurrentCongestionToEvaluationTime"", ""current_congestion"", ""peakCurrentCongestionTo2s"", ""peakCurrentCongestion"", ""peakCurrentCongestion_A"", ""peak_current_congestion"", ""current_congestion_ratio"", ""j99_over_mean""]}",정적 리터럴; 물리/수치/운영/진단 혼재
python/ecsp_nsga2/evaluator.py,84,<module>,literal_assignment,EVALUATION_TIME_METRIC_ALIASES,"{""areaAveragedUndecomposedFractionAtEvaluationTime"": [""areaAveragedUndecomposedFractionAt2s""], ""areaWeightedUndecomposedFractionAtEvaluationTime"": [""areaWeightedUndecomposedFractionAt2s""], ""remainingReactiveMassFractionAtEvaluationTime"": [""remainingReactiveMassFractionAt2s""], ""meanChemicalProgressAtEvaluationTime"": [""meanChemicalProgressAt2s""], ""meanGlobalProgressAtEvaluationTime"": [""meanGlobalProgressAt2s""], ""temperatureOnsetAreaFractionAtEvaluationTime"": [""temperatureOnsetAreaFractionAt2s""], ""inputElectricalEnergyAtEvaluationTime_J"": [""inputElectricalEnergyAt2s_J""], ""peakCurrentCongestionToEvaluationTime"": [""peakCurrentCongestionTo2s""]}",정적 리터럴; 물리/수치/운영/진단 혼재
python/ecsp_nsga2/evaluator.py,107,_normalise_evaluation_time_aliases,literal_assignment,deprecated,{},정적 리터럴; 물리/수치/운영/진단 혼재
python/ecsp_nsga2/evaluator.py,234,canonicalise_metrics,literal_assignment,missing,[],정적 리터럴; 물리/수치/운영/진단 혼재
python/ecsp_nsga2/evaluator.py,252,canonicalise_metrics,dict_get,ignition_delay_s,"""EXPRESSION: np.nan""",코드 기본값; 실행 활성/단위는 문맥 확인
python/ecsp_nsga2/evaluator.py,428,__init__,literal_assignment,fraction_to_mass_key,"{""lithium_perchlorate_mass_fraction"": ""LP"", ""water_mass_fraction"": ""water"", ""pva_mass_fraction"": ""PVA"", ""glycerol_mass_fraction"": ""glycerol"", ""boric_acid_mass_fraction"": ""boric_acid""}",정적 리터럴; 물리/수치/운영/진단 혼재
python/ecsp_nsga2/evaluator.py,541,__init__,literal_assignment,resolved['reducedCFD']['enabled'],false,정적 리터럴; 물리/수치/운영/진단 혼재
python/ecsp_nsga2/evaluator.py,542,__init__,literal_assignment,resolved['project']['modelStatus'],"""electrical_electrochemical_solid_decomposition_no_F_nominal_unvalidated""",정적 리터럴; 물리/수치/운영/진단 혼재
python/ecsp_nsga2/evaluator.py,641,_build_geometry_batch,literal_assignment,anodes,[],정적 리터럴; 물리/수치/운영/진단 혼재
python/ecsp_nsga2/evaluator.py,642,_build_geometry_batch,literal_assignment,cathodes,[],정적 리터럴; 물리/수치/운영/진단 혼재
python/ecsp_nsga2/evaluator.py,643,_build_geometry_batch,literal_assignment,ids,[],정적 리터럴; 물리/수치/운영/진단 혼재
python/ecsp_nsga2/evaluator.py,729,_evaluate_chunk,literal_assignment,scalar_keys,"[""ignitionDelay_s"", ""condensedPhaseIgnitionDelay_s"", ""ignitionSucceeded"", ""areaAveragedUndecomposedFractionAt2s"", ""areaAveragedUndecomposedFractionAtEvaluationTime"", ""meanChemicalProgressAt2s"", ""meanChemicalProgressAtEvaluationTime"", ""temperatureOnsetAreaFractionAt2s"", ""maximumTemperatureAtEvaluationTime_K"", ""evaluationStateTime_s"", ""objectiveEvaluationStateTime_s"", ""evaluationStateAvailable"", ""postOnsetContinuationApplied"", ""postOnsetContinuationDuration_s"", ""inputElectricalEnergyToIgnition_J"", ""inputElectricalEnergyAt2s_J"", ""inputElectricalEnergyAtEvaluationTime_J"", ""inputElectricalEnergy_J"", ""peakMaximumTemperature_K"", ""peakCurrent_A"", ""peakCurrentCongestion"", ""peakCurrentCongestionToEvaluationTime"", ""finalEffectiveResistance_ohm"", ""preflameTerminationEffectiveResistance_ohm"", ""evaluationEffectiveResistance_ohm"", ""meanAnodeCathodeCurrentMismatch"", ""finalAnodeCathodeCurrentMismatch"", ""maximumAnodeCathodeCurrentMismatch"", ""finalNonlinearRobinOuterIterations"", ""finalNonlinearRobinConverged"", ""finalNonlinearRobinGaugeConverged"", ""finalNonlinearRobinCurrentBalanceCombinedResidual"", ""finalNonlinearRobinGaugeIterations"", ""finalNonlinearRobinGaugeTotalIterations"", ""finalNonlinearRobinGaugeOffset_V"", ""finalNonlinearRobinGaugeBracketWidth_V"", ""finalNonlinearRobinAnodeCurrent_A"", ""finalNonlinearRobinCathodeCurrent_A"", ""finalNonlinearRobinAbsoluteCurrentDifference_A"", ""maximumSpeciesLimiterFraction"", ""maximumTemperatureCapFraction"", ""maximumGasCapFraction"", ""maximumChemicalRateCapFraction"", ""equation32ElectricalHeatRateAtEvaluationTime_W"", ""equation32ElectricalHeatEnergyAtEvaluationTime_J"", ""equation32ElectricalHeatEnergy_J"", ""finalMeanChemicalProgress"", ""finalAreaAveragedUndecomposedFraction"", ""maximumLocalRobinResidual_A_per_m2"", ""maximumLocalRobinRelativeResidual"", ""maximumLocalRobinCombinedResidual"", ""maximumLocalRobinRoundoffFloor_A_per_m2"", ""maximumRoundoffLimitedLocalRobinFaceCount"", ""maximumLocalRobinIterations"", ""maximumUnresolvedLocalRobinFaceCount"", ""minimumLocalRobinAllFacesConvergedFraction""]",정적 리터럴; 물리/수치/운영/진단 혼재
python/ecsp_nsga2/evaluator.py,787,_evaluate_chunk,literal_assignment,rows,[],정적 리터럴; 물리/수치/운영/진단 혼재
python/ecsp_nsga2/evaluator.py,903,evaluate_batch,literal_assignment,rows,[],정적 리터럴; 물리/수치/운영/진단 혼재
python/ecsp_nsga2/evaluator.py,1127,__init__,literal_assignment,potential_solver['methodStatic'],"""pcg""",정적 리터럴; 물리/수치/운영/진단 혼재
python/ecsp_nsga2/evaluator.py,1128,__init__,literal_assignment,potential_solver['methodCoupled'],"""pcg""",정적 리터럴; 물리/수치/운영/진단 혼재
python/ecsp_nsga2/evaluator.py,1129,__init__,literal_assignment,potential_solver['preconditioner'],"""jacobi""",정적 리터럴; 물리/수치/운영/진단 혼재
python/ecsp_nsga2/evaluator.py,1130,__init__,literal_assignment,potential_solver['symmetricEquilibration'],true,정적 리터럴; 물리/수치/운영/진단 혼재
python/ecsp_nsga2/evaluator.py,1131,__init__,literal_assignment,potential_solver['correctionForm'],true,정적 리터럴; 물리/수치/운영/진단 혼재
python/ecsp_nsga2/evaluator.py,1132,__init__,literal_assignment,self.config['project']['modelStatus'],"""bc_global_preflame_species_electrochemical_thermal_literature_nominal_uncalibrated""",정적 리터럴; 물리/수치/운영/진단 혼재
python/ecsp_nsga2/evaluator.py,1485,_run_model,literal_assignment,scalar_keys,"[""ignitionDelay_s"", ""condensedPhaseIgnitionDelay_s"", ""ignitionSucceeded"", ""areaAveragedUndecomposedFractionAt2s"", ""areaAveragedUndecomposedFractionAtEvaluationTime"", ""remainingReactiveMassFractionAt2s"", ""remainingReactiveMassFractionAtEvaluationTime"", ""meanGlobalProgressAt2s"", ""meanGlobalProgressAtEvaluationTime"", ""temperatureOnsetAreaFractionAt2s"", ""maximumTemperatureAtEvaluationTime_K"", ""evaluationStateTime_s"", ""objectiveEvaluationStateTime_s"", ""evaluationStateAvailable"", ""postOnsetContinuationApplied"", ""postOnsetContinuationDuration_s"", ""inputElectricalEnergyToIgnition_J"", ""inputElectricalEnergyAt2s_J"", ""inputElectricalEnergyAtEvaluationTime_J"", ""inputElectricalEnergy_J"", ""peakMaximumTemperature_K"", ""peakCurrent_A"", ""peakCurrentCongestion"", ""peakCurrentCongestionToEvaluationTime"", ""finalEffectiveResistance_ohm"", ""preflameTerminationEffectiveResistance_ohm"", ""evaluationEffectiveResistance_ohm"", ""maximumSpeciesLimiterFraction"", ""maximumTemperatureCapFraction"", ""maximumGasCapFraction"", ""maximumChemicalRateCapFraction"", ""equation32ElectricalHeatRateAtEvaluationTime_W"", ""equation32ElectricalHeatEnergyAtEvaluationTime_J"", ""equation32ElectricalHeatEnergy_J"", ""finalMeanChemicalProgress"", ""finalAreaAveragedUndecomposedFraction"", ""finalRemainingReactiveMassFraction"", ""finalGlobalProgress"", ""meanAnodeCathodeCurrentMismatch"", ""finalAnodeCathodeCurrentMismatch"", ""maximumAnodeCathodeCurrentMismatch"", ""maximumThermalDiffusiveCFL"", ""maximumThermalStabilityCFL"", ""allElectricalLinearSolvesConverged"", ""allNonlinearRobinSolvesConverged""]",정적 리터럴; 물리/수치/운영/진단 혼재
python/ecsp_nsga2/evaluator.py,1532,_run_model,literal_assignment,rows,[],정적 리터럴; 물리/수치/운영/진단 혼재
python/ecsp_nsga2/evaluator.py,1638,_trial_valid,literal_assignment,aliases,"{""temperature"": [""maximumTemperatureCapFraction"", ""maximum_temperature_cap_fraction""], ""species"": [""maximumSpeciesLimiterFraction"", ""maximum_species_limiter_fraction""], ""chemical_rate"": [""maximumChemicalRateCapFraction"", ""maximum_chemical_rate_cap_fraction""]}",정적 리터럴; 물리/수치/운영/진단 혼재
python/ecsp_nsga2/evaluator.py,1824,evaluate_batch,literal_assignment,rows,[],정적 리터럴; 물리/수치/운영/진단 혼재
python/ecsp_nsga2/evaluator.py,1873,_extract_handoff_batch,literal_assignment,results,[],정적 리터럴; 물리/수치/운영/진단 혼재
python/ecsp_nsga2/evaluator.py,2018,_failed_handoff_result,literal_assignment,row['physicsRejectionScope'],"""preflame_handoff""",정적 리터럴; 물리/수치/운영/진단 혼재
python/ecsp_nsga2/evaluator.py,2101,evaluate_handoff_batch,literal_assignment,results,[],정적 리터럴; 물리/수치/운영/진단 혼재
python/ecsp_nsga2/evaluator.py,2130,__init__,literal_assignment,adapter['device'],"""cpu""",정적 리터럴; 물리/수치/운영/진단 혼재
python/ecsp_nsga2/evaluator.py,2514,_vmin_trial_validity,literal_assignment,aliases,"{""temperature"": [""maximumTemperatureCapFraction"", ""maximum_temperature_cap_fraction""], ""species"": [""maximumSpeciesLimiterFraction"", ""maximum_species_limiter_fraction""], ""gas"": [""maximumGasCapFraction"", ""maximum_gas_cap_fraction""], ""chemical_rate"": [""maximumChemicalRateCapFraction"", ""maximum_chemical_rate_cap_fraction""]}",정적 리터럴; 물리/수치/운영/진단 혼재
python/ecsp_nsga2/evaluator.py,2573,_vmin_monotonicity_ok,literal_assignment,ignition_seen,false,정적 리터럴; 물리/수치/운영/진단 혼재
python/ecsp_nsga2/evaluator.py,2604,_attach_minimum_ignition_voltage_search,literal_assignment,states,{},정적 리터럴; 물리/수치/운영/진단 혼재
python/ecsp_nsga2/evaluator.py,2732,_attach_minimum_ignition_voltage_search,literal_assignment,running,{},정적 리터럴; 물리/수치/운영/진단 혼재
python/ecsp_nsga2/evaluator.py,2737,_attach_minimum_ignition_voltage_search,literal_assignment,launched_trials,0,정적 리터럴; 물리/수치/운영/진단 혼재
python/ecsp_nsga2/evaluator.py,2738,_attach_minimum_ignition_voltage_search,literal_assignment,completed_trials,0,정적 리터럴; 물리/수치/운영/진단 혼재
python/ecsp_nsga2/evaluator.py,2944,evaluate_batch,literal_assignment,prepared_items,{},정적 리터럴; 물리/수치/운영/진단 혼재
python/ecsp_nsga2/evaluator.py,2947,evaluate_batch,literal_assignment,rejected,0,정적 리터럴; 물리/수치/운영/진단 혼재
python/ecsp_nsga2/evaluator.py,2969,evaluate_batch,literal_assignment,running,{},정적 리터럴; 물리/수치/운영/진단 혼재
python/ecsp_nsga2/evaluator.py,3088,__init__,literal_assignment,base,{},정적 리터럴; 물리/수치/운영/진단 혼재
python/ecsp_nsga2/evaluator.py,3154,_score_callable,literal_assignment,score,0,정적 리터럴; 물리/수치/운영/진단 혼재
python/ecsp_nsga2/evaluator.py,3155,_score_callable,literal_assignment,patterns,"{""run_coupled_batch"": 100, ""evaluate_coupled_batch"": 95, ""run_electrical_solid"": 90, ""evaluate_electrical_solid"": 90, ""run_coupled"": 80, ""evaluate_coupled"": 80, ""coupled"": 35, ""solid"": 20, ""evaluate"": 12, ""simulate"": 12}",정적 리터럴; 물리/수치/운영/진단 혼재
python/ecsp_nsga2/evaluator.py,3213,_discover,literal_assignment,candidates,[],정적 리터럴; 물리/수치/운영/진단 혼재
python/ecsp_nsga2/evaluator.py,3214,_discover,literal_assignment,failures,{},정적 리터럴; 물리/수치/운영/진단 혼재
python/ecsp_nsga2/evaluator.py,3277,_build_call,literal_assignment,args,[],정적 리터럴; 물리/수치/운영/진단 혼재
python/ecsp_nsga2/evaluator.py,3278,_build_call,literal_assignment,kwargs,{},정적 리터럴; 물리/수치/운영/진단 혼재
python/ecsp_nsga2/evaluator.py,3279,_build_call,literal_assignment,unsupported,[],정적 리터럴; 물리/수치/운영/진단 혼재
python/ecsp_nsga2/evaluator.py,3327,evaluate_batch,literal_assignment,batch_names,"""{'candidates', 'geometries', 'geometry_batch', 'items', 'batch'}""",정적 리터럴; 물리/수치/운영/진단 혼재
python/ecsp_nsga2/evaluator.py,122,_normalise_evaluation_time_aliases,dict_get,deprecatedMetricAliases,{},코드 기본값; 실행 활성/단위는 문맥 확인
python/ecsp_nsga2/evaluator.py,412,__init__,dict_get,base_overrides,{},코드 기본값; 실행 활성/단위는 문맥 확인
python/ecsp_nsga2/evaluator.py,416,__init__,dict_get,physics_config,{},코드 기본값; 실행 활성/단위는 문맥 확인
python/ecsp_nsga2/evaluator.py,418,__init__,literal_assignment,nsga_config,{},정적 리터럴; 물리/수치/운영/진단 혼재
python/ecsp_nsga2/evaluator.py,419,__init__,dict_get,physics,{},코드 기본값; 실행 활성/단위는 문맥 확인
python/ecsp_nsga2/evaluator.py,420,__init__,dict_get,geometry,{},코드 기본값; 실행 활성/단위는 문맥 확인
python/ecsp_nsga2/evaluator.py,421,__init__,dict_get,project,{},코드 기본값; 실행 활성/단위는 문맥 확인
python/ecsp_nsga2/evaluator.py,422,__init__,dict_get,condensed_ignition,{},코드 기본값; 실행 활성/단위는 문맥 확인
python/ecsp_nsga2/evaluator.py,424,__init__,literal_assignment,condensed_ignition,{},정적 리터럴; 물리/수치/운영/진단 혼재
python/ecsp_nsga2/evaluator.py,936,evaluate_batch,literal_assignment,isolated_success,0,정적 리터럴; 물리/수치/운영/진단 혼재
python/ecsp_nsga2/evaluator.py,937,evaluate_batch,literal_assignment,isolated_rejected,0,정적 리터럴; 물리/수치/운영/진단 혼재
python/ecsp_nsga2/evaluator.py,976,__init__,dict_get,physics_config,{},코드 기본값; 실행 활성/단위는 문맥 확인
python/ecsp_nsga2/evaluator.py,978,__init__,literal_assignment,physics_config,{},정적 리터럴; 물리/수치/운영/진단 혼재
python/ecsp_nsga2/evaluator.py,979,__init__,dict_get,bc_global,"""EXPRESSION: physics_config.get('bcGlobal', {})""",코드 기본값; 실행 활성/단위는 문맥 확인
python/ecsp_nsga2/evaluator.py,984,__init__,dict_get,base_overrides,{},코드 기본값; 실행 활성/단위는 문맥 확인
python/ecsp_nsga2/evaluator.py,986,__init__,literal_assignment,overrides,{},정적 리터럴; 물리/수치/운영/진단 혼재
python/ecsp_nsga2/evaluator.py,1051,__init__,dict_get,thermal,{},코드 기본값; 실행 활성/단위는 문맥 확인
python/ecsp_nsga2/evaluator.py,1104,__init__,dict_setdefault,onsetCriterion,{},코드 기본값; 실행 활성/단위는 문맥 확인
python/ecsp_nsga2/evaluator.py,1126,__init__,dict_setdefault,potentialSolver,{},코드 기본값; 실행 활성/단위는 문맥 확인
python/ecsp_nsga2/evaluator.py,1141,__init__,dict_get,minimum_ignition_voltage_search,{},코드 기본값; 실행 활성/단위는 문맥 확인
python/ecsp_nsga2/evaluator.py,1143,__init__,literal_assignment,vmin_cfg,{},정적 리터럴; 물리/수치/운영/진단 혼재
python/ecsp_nsga2/evaluator.py,1151,__init__,dict_get,upper_bound_V,"""EXPRESSION: self.voltage""",코드 기본값; 실행 활성/단위는 문맥 확인
python/ecsp_nsga2/evaluator.py,1156,__init__,dict_get,maximum_bisection_iterations,8,코드 기본값; 실행 활성/단위는 문맥 확인
python/ecsp_nsga2/evaluator.py,1158,__init__,dict_get,stop_successful_trials_at_ignition,true,코드 기본값; 실행 활성/단위는 문맥 확인
python/ecsp_nsga2/evaluator.py,1161,__init__,dict_get,verify_final_upper_full_horizon,true,코드 기본값; 실행 활성/단위는 문맥 확인
python/ecsp_nsga2/evaluator.py,1199,__init__,dict_get,geometry,{},코드 기본값; 실행 활성/단위는 문맥 확인
python/ecsp_nsga2/evaluator.py,1201,__init__,literal_assignment,geometry_contract,{},정적 리터럴; 물리/수치/운영/진단 혼재
python/ecsp_nsga2/evaluator.py,1228,__init__,dict_get,numerical_cap_thresholds,{},코드 기본값; 실행 활성/단위는 문맥 확인
python/ecsp_nsga2/evaluator.py,1690,run_trials,literal_assignment,results,[],정적 리터럴; 물리/수치/운영/진단 혼재
python/ecsp_nsga2/evaluator.py,2001,_extract_handoff_batch,literal_assignment,scalar_meta['field_file'],"""bc_handoff_fields.npz""",정적 리터럴; 물리/수치/운영/진단 혼재
python/ecsp_nsga2/evaluator.py,2131,__init__,dict_get,base_overrides,{},코드 기본값; 실행 활성/단위는 문맥 확인
python/ecsp_nsga2/evaluator.py,2133,__init__,literal_assignment,overrides,{},정적 리터럴; 물리/수치/운영/진단 혼재
python/ecsp_nsga2/evaluator.py,2200,__init__,dict_get,physics_config,{},코드 기본값; 실행 활성/단위는 문맥 확인
python/ecsp_nsga2/evaluator.py,2202,__init__,literal_assignment,physics_config,{},정적 리터럴; 물리/수치/운영/진단 혼재
python/ecsp_nsga2/evaluator.py,2203,__init__,dict_get,minimum_ignition_voltage_search,{},코드 기본값; 실행 활성/단위는 문맥 확인
python/ecsp_nsga2/evaluator.py,2205,__init__,literal_assignment,vmin_cfg,{},정적 리터럴; 물리/수치/운영/진단 혼재
python/ecsp_nsga2/evaluator.py,2208,__init__,dict_get,upper_bound_V,"""EXPRESSION: self.voltage""",코드 기본값; 실행 활성/단위는 문맥 확인
python/ecsp_nsga2/evaluator.py,2223,__init__,dict_get,optimization,{},코드 기본값; 실행 활성/단위는 문맥 확인
python/ecsp_nsga2/evaluator.py,2225,__init__,literal_assignment,opt_cfg,{},정적 리터럴; 물리/수치/운영/진단 혼재
python/ecsp_nsga2/evaluator.py,2226,__init__,dict_get,numerical_cap_thresholds,{},코드 기본값; 실행 활성/단위는 문맥 확인
python/ecsp_nsga2/evaluator.py,2228,__init__,literal_assignment,thresholds,{},정적 리터럴; 물리/수치/운영/진단 혼재
python/ecsp_nsga2/evaluator.py,2261,__init__,dict_get,geometry,{},코드 기본값; 실행 활성/단위는 문맥 확인
python/ecsp_nsga2/evaluator.py,2681,finalise,literal_assignment,state['done'],true,정적 리터럴; 물리/수치/운영/진단 혼재
python/ecsp_nsga2/evaluator.py,2784,_attach_minimum_ignition_voltage_search,literal_assignment,finished_any,false,정적 리터럴; 물리/수치/운영/진단 혼재
python/ecsp_nsga2/evaluator.py,3089,__init__,dict_get,base_config_candidates,"[""config/default_lp_pva.yaml"", ""config/default_config.yaml"", ""config/default.yaml""]",코드 기본값; 실행 활성/단위는 문맥 확인
python/ecsp_nsga2/evaluator.py,3099,__init__,dict_get,physics_config,{},코드 기본값; 실행 활성/단위는 문맥 확인
python/ecsp_nsga2/evaluator.py,3104,__init__,dict_get,physics,{},코드 기본값; 실행 활성/단위는 문맥 확인
python/ecsp_nsga2/evaluator.py,3137,_candidate_modules,dict_get,module_candidates,[],코드 기본값; 실행 활성/단위는 문맥 확인
python/ecsp_nsga2/evaluator.py,3173,_score_callable,literal_assignment,anode_names,"""{'anodemask', 'anode', 'anode_mask', 'mask_a'}""",정적 리터럴; 물리/수치/운영/진단 혼재
python/ecsp_nsga2/evaluator.py,3174,_score_callable,literal_assignment,cathode_names,"""{'cathodemask', 'cathode_mask', 'cathode', 'mask_c'}""",정적 리터럴; 물리/수치/운영/진단 혼재
python/ecsp_nsga2/evaluator.py,3175,_score_callable,literal_assignment,geometry_names,"""{'geometry_data', 'candidate', 'metadata', 'geometry'}""",정적 리터럴; 물리/수치/운영/진단 혼재
python/ecsp_nsga2/evaluator.py,3176,_score_callable,literal_assignment,batch_names,"""{'candidates', 'geometries', 'geometry_batch', 'items', 'batch'}""",정적 리터럴; 물리/수치/운영/진단 혼재
python/ecsp_nsga2/evaluator.py,3282,_build_call,literal_assignment,value_found,false,정적 리터럴; 물리/수치/운영/진단 혼재
python/ecsp_nsga2/evaluator.py,140,_bc_solver_converged,dict_get,allElectricalLinearSolvesConverged,false,코드 기본값; 실행 활성/단위는 문맥 확인
python/ecsp_nsga2/evaluator.py,141,_bc_solver_converged,dict_get,allNonlinearRobinSolvesConverged,false,코드 기본값; 실행 활성/단위는 문맥 확인
python/ecsp_nsga2/evaluator.py,350,evaluate,dict_get,minimum_gap_mm,0.5,코드 기본값; 실행 활성/단위는 문맥 확인
python/ecsp_nsga2/evaluator.py,351,evaluate,dict_get,perimeter_px,1.0,코드 기본값; 실행 활성/단위는 문맥 확인
python/ecsp_nsga2/evaluator.py,352,evaluate,dict_get,spatial_dispersion,0.1,코드 기본값; 실행 활성/단위는 문맥 확인
python/ecsp_nsga2/evaluator.py,353,evaluate,dict_get,n_branch,0.0,코드 기본값; 실행 활성/단위는 문맥 확인
python/ecsp_nsga2/evaluator.py,407,__init__,dict_get,base_config,"""config/default_lp_pva.yaml""",코드 기본값; 실행 활성/단위는 문맥 확인
python/ecsp_nsga2/evaluator.py,427,__init__,dict_get,composition,{},코드 기본값; 실행 활성/단위는 문맥 확인
python/ecsp_nsga2/evaluator.py,477,__init__,literal_assignment,resolved['composition']['retained_water_fraction_basis'],"""user_supplied_for_nsga2""",정적 리터럴; 물리/수치/운영/진단 혼재
python/ecsp_nsga2/evaluator.py,481,__init__,literal_assignment,resolved['project']['calibrationStatus'],"""nominal_unvalidated""",정적 리터럴; 물리/수치/운영/진단 혼재
python/ecsp_nsga2/evaluator.py,482,__init__,literal_assignment,resolved['composition']['retained_water_fraction_basis'],"""legacy_nominal_pending_cure_mass_measurement""",정적 리터럴; 물리/수치/운영/진단 혼재
python/ecsp_nsga2/evaluator.py,487,__init__,dict_get,voltage_V,"""EXPRESSION: physics.get('voltage_V', 260.0)""",코드 기본값; 실행 활성/단위는 문맥 확인
python/ecsp_nsga2/evaluator.py,492,__init__,dict_get,end_time_s,"""EXPRESSION: physics.get('end_time_s', 2.0)""",코드 기본값; 실행 활성/단위는 문맥 확인
python/ecsp_nsga2/evaluator.py,497,__init__,dict_get,metric_evaluation_time_s,"""EXPRESSION: condensed_ignition.get('reference_time_s', physics.get('metric_evaluation_time_s', 2.0))""",코드 기본값; 실행 활성/단위는 문맥 확인
python/ecsp_nsga2/evaluator.py,506,__init__,dict_get,ignition_onset_temperature_K,"""EXPRESSION: condensed_ignition.get('onset_temperature_K', physics.get('ignition_onset_temperature_K', 622.15))""",코드 기본값; 실행 활성/단위는 문맥 확인
python/ecsp_nsga2/evaluator.py,515,__init__,dict_get,minimum_conversion_numerical_guard,"""EXPRESSION: condensed_ignition.get('minimum_conversion_numerical_guard', 0.0)""",코드 기본값; 실행 활성/단위는 문맥 확인
python/ecsp_nsga2/evaluator.py,521,__init__,dict_get,minimum_rate_numerical_guard_per_s,"""EXPRESSION: condensed_ignition.get('minimum_rate_numerical_guard_per_s', 0.0)""",코드 기본값; 실행 활성/단위는 문맥 확인
python/ecsp_nsga2/evaluator.py,591,__init__,dict_get,grid_size,"""EXPRESSION: resolved['coupled']['gridSize']""",코드 기본값; 실행 활성/단위는 문맥 확인
python/ecsp_nsga2/evaluator.py,979,__init__,dict_get,bcGlobal,{},코드 기본값; 실행 활성/단위는 문맥 확인
python/ecsp_nsga2/evaluator.py,1028,__init__,dict_get,endTime_s,"""EXPRESSION: self.end_time_s""",코드 기본값; 실행 활성/단위는 문맥 확인
python/ecsp_nsga2/evaluator.py,1031,__init__,dict_get,evaluationTime_s,"""EXPRESSION: self.end_time_s""",코드 기본값; 실행 활성/단위는 문맥 확인
python/ecsp_nsga2/evaluator.py,1056,__init__,dict_get,initialTemperature_K,"""EXPRESSION: shared_initial_temperature""",코드 기본값; 실행 활성/단위는 문맥 확인
python/ecsp_nsga2/evaluator.py,1061,__init__,dict_get,initialTemperature_K,"""EXPRESSION: shared_initial_temperature""",코드 기본값; 실행 활성/단위는 문맥 확인
python/ecsp_nsga2/evaluator.py,1080,__init__,dict_setdefault,thermal,{},코드 기본값; 실행 활성/단위는 문맥 확인
python/ecsp_nsga2/evaluator.py,1092,__init__,dict_get,minimumChemicalProgressNumericalGuard,0.0,코드 기본값; 실행 활성/단위는 문맥 확인
python/ecsp_nsga2/evaluator.py,1144,__init__,dict_get,enabled,true,코드 기본값; 실행 활성/단위는 문맥 확인
python/ecsp_nsga2/evaluator.py,1150,__init__,dict_get,lower_bound_V,20.0,코드 기본값; 실행 활성/단위는 문맥 확인
python/ecsp_nsga2/evaluator.py,1155,__init__,dict_get,tolerance_V,5.0,코드 기본값; 실행 활성/단위는 문맥 확인
python/ecsp_nsga2/evaluator.py,1180,__init__,dict_get,right_censor_objective_penalty_V,50.0,코드 기본값; 실행 활성/단위는 문맥 확인
python/ecsp_nsga2/evaluator.py,1183,__init__,dict_get,invalid_search_objective_penalty_V,100.0,코드 기본값; 실행 활성/단위는 문맥 확인
python/ecsp_nsga2/evaluator.py,1203,__init__,dict_get,target_area_fraction_per_polarity,0.175,코드 기본값; 실행 활성/단위는 문맥 확인
python/ecsp_nsga2/evaluator.py,1206,__init__,dict_get,area_tolerance_fraction,0.035,코드 기본값; 실행 활성/단위는 문맥 확인
python/ecsp_nsga2/evaluator.py,1209,__init__,dict_get,maximum_components_per_polarity,3,코드 기본값; 실행 활성/단위는 문맥 확인
python/ecsp_nsga2/evaluator.py,1212,__init__,dict_get,maximum_total_components,4,코드 기본값; 실행 활성/단위는 문맥 확인
python/ecsp_nsga2/evaluator.py,1215,__init__,dict_get,minimum_width_mm,0.0,코드 기본값; 실행 활성/단위는 문맥 확인
python/ecsp_nsga2/evaluator.py,1624,_run_model,literal_assignment,row['backend'],"""bc_global_native""",정적 리터럴; 물리/수치/운영/진단 혼재
python/ecsp_nsga2/evaluator.py,1625,_run_model,literal_assignment,row['solverRevision'],"""v8_2_compiled_fp64_surface_bv_fixed_time_continuation""",정적 리터럴; 물리/수치/운영/진단 혼재
python/ecsp_nsga2/evaluator.py,1906,_extract_handoff_batch,literal_assignment,handoff_authorization_reason,"""ignition_and_numerics_valid""",정적 리터럴; 물리/수치/운영/진단 혼재
python/ecsp_nsga2/evaluator.py,2206,__init__,dict_get,enabled,true,코드 기본값; 실행 활성/단위는 문맥 확인
python/ecsp_nsga2/evaluator.py,2207,__init__,dict_get,lower_bound_V,20.0,코드 기본값; 실행 활성/단위는 문맥 확인
python/ecsp_nsga2/evaluator.py,2212,__init__,dict_get,tolerance_V,5.0,코드 기본값; 실행 활성/단위는 문맥 확인
python/ecsp_nsga2/evaluator.py,2213,__init__,dict_get,maximum_bisection_iterations,8,코드 기본값; 실행 활성/단위는 문맥 확인
python/ecsp_nsga2/evaluator.py,2215,__init__,dict_get,right_censor_objective_penalty_V,50.0,코드 기본값; 실행 활성/단위는 문맥 확인
python/ecsp_nsga2/evaluator.py,2218,__init__,dict_get,invalid_search_objective_penalty_V,100.0,코드 기본값; 실행 활성/단위는 문맥 확인
python/ecsp_nsga2/evaluator.py,2221,__init__,dict_get,stop_successful_trials_at_ignition,true,코드 기본값; 실행 활성/단위는 문맥 확인
python/ecsp_nsga2/evaluator.py,2263,__init__,dict_get,target_area_fraction_per_polarity,0.175,코드 기본값; 실행 활성/단위는 문맥 확인
python/ecsp_nsga2/evaluator.py,2266,__init__,dict_get,area_tolerance_fraction,0.035,코드 기본값; 실행 활성/단위는 문맥 확인
python/ecsp_nsga2/evaluator.py,2269,__init__,dict_get,maximum_components_per_polarity,3,코드 기본값; 실행 활성/단위는 문맥 확인
python/ecsp_nsga2/evaluator.py,2272,__init__,dict_get,maximum_total_components,4,코드 기본값; 실행 활성/단위는 문맥 확인
python/ecsp_nsga2/evaluator.py,2360,_prepare_cpp_item,dict_get,intended_anode_components,"""EXPRESSION: anode_components""",코드 기본값; 실행 활성/단위는 문맥 확인
python/ecsp_nsga2/evaluator.py,2361,_prepare_cpp_item,dict_get,intended_cathode_components,"""EXPRESSION: cathode_components""",코드 기본값; 실행 활성/단위는 문맥 확인
python/ecsp_nsga2/evaluator.py,2510,_vmin_trial_validity,dict_get,physicsRejected,false,코드 기본값; 실행 활성/단위는 문맥 확인
python/ecsp_nsga2/evaluator.py,2576,_vmin_monotonicity_ok,literal_assignment,ignition_seen,true,정적 리터럴; 물리/수치/운영/진단 혼재
python/ecsp_nsga2/evaluator.py,2627,finalise,literal_assignment,search_valid,false,정적 리터럴; 물리/수치/운영/진단 혼재
python/ecsp_nsga2/evaluator.py,2628,finalise,literal_assignment,status,"""invalid_nonmonotonic_sampled_ignition_response""",정적 리터럴; 물리/수치/운영/진단 혼재
python/ecsp_nsga2/evaluator.py,2629,finalise,literal_assignment,failure_reason,"""sampled_ignition_response_is_nonmonotonic_in_voltage""",정적 리터럴; 물리/수치/운영/진단 혼재
python/ecsp_nsga2/evaluator.py,2795,_attach_minimum_ignition_voltage_search,literal_assignment,finished_any,true,정적 리터럴; 물리/수치/운영/진단 혼재
python/ecsp_nsga2/evaluator.py,2994,evaluate_batch,literal_assignment,finished_any,false,정적 리터럴; 물리/수치/운영/진단 혼재
python/ecsp_nsga2/evaluator.py,3115,__init__,literal_assignment,"self.config.setdefault('parameter_status', {})['retained_water_fraction']","""not_measured_using_legacy_nominal_for_pipeline_only""",정적 리터럴; 물리/수치/운영/진단 혼재
python/ecsp_nsga2/evaluator.py,3266,_build_call,dict_get,physics_config,"""EXPRESSION: self.config""",코드 기본값; 실행 활성/단위는 문맥 확인
python/ecsp_nsga2/evaluator.py,3267,_build_call,dict_get,physics_config,"""EXPRESSION: self.config""",코드 기본값; 실행 활성/단위는 문맥 확인
python/ecsp_nsga2/evaluator.py,3268,_build_call,dict_get,physics_config,"""EXPRESSION: self.config""",코드 기본값; 실행 활성/단위는 문맥 확인
python/ecsp_nsga2/evaluator.py,3272,_build_call,dict_get,device,"""auto""",코드 기본값; 실행 활성/단위는 문맥 확인
python/ecsp_nsga2/evaluator.py,3287,_build_call,literal_assignment,aliases,"{""anode"": ""anode_mask"", ""cathode"": ""cathode_mask"", ""mask_a"": ""anode_mask"", ""mask_c"": ""cathode_mask"", ""geometry_data"": ""geometry"", ""usercfg"": ""user_cfg"", ""outdir"": ""output_dir"", ""outputroot"": ""output_dir""}",정적 리터럴; 물리/수치/운영/진단 혼재
python/ecsp_nsga2/evaluator.py,436,__init__,dict_get,tungsten_mass_fraction,0.0,코드 기본값; 실행 활성/단위는 문맥 확인
python/ecsp_nsga2/evaluator.py,463,__init__,dict_get,cured_water_mass_fraction_basis,"""literature_nominal_uncalibrated""",코드 기본값; 실행 활성/단위는 문맥 확인
python/ecsp_nsga2/evaluator.py,472,__init__,dict_get,calibration_status,"""literature_nominal_uncalibrated""",코드 기본값; 실행 활성/단위는 문맥 확인
python/ecsp_nsga2/evaluator.py,488,__init__,dict_get,voltage_V,260.0,코드 기본값; 실행 활성/단위는 문맥 확인
python/ecsp_nsga2/evaluator.py,493,__init__,dict_get,end_time_s,2.0,코드 기본값; 실행 활성/단위는 문맥 확인
python/ecsp_nsga2/evaluator.py,499,__init__,dict_get,reference_time_s,"""EXPRESSION: physics.get('metric_evaluation_time_s', 2.0)""",코드 기본값; 실행 활성/단위는 문맥 확인
python/ecsp_nsga2/evaluator.py,508,__init__,dict_get,onset_temperature_K,"""EXPRESSION: physics.get('ignition_onset_temperature_K', 622.15)""",코드 기본값; 실행 활성/단위는 문맥 확인
python/ecsp_nsga2/evaluator.py,517,__init__,dict_get,minimum_conversion_numerical_guard,0.0,코드 기본값; 실행 활성/단위는 문맥 확인
python/ecsp_nsga2/evaluator.py,523,__init__,dict_get,minimum_rate_numerical_guard_per_s,0.0,코드 기본값; 실행 활성/단위는 문맥 확인
python/ecsp_nsga2/evaluator.py,529,__init__,dict_get,save_full_fields,false,코드 기본값; 실행 활성/단위는 문맥 확인
python/ecsp_nsga2/evaluator.py,598,__init__,dict_get,internal_batch_size,"""EXPRESSION: resolved.get('numerics', {}).get('coupledBatchSize', 4)""",코드 기본값; 실행 활성/단위는 문맥 확인
python/ecsp_nsga2/evaluator.py,1228,__init__,dict_get,optimization,{},코드 기본값; 실행 활성/단위는 문맥 확인
python/ecsp_nsga2/evaluator.py,1232,__init__,dict_get,temperature,0.02,코드 기본값; 실행 활성/단위는 문맥 확인
python/ecsp_nsga2/evaluator.py,1233,__init__,dict_get,species,0.02,코드 기본값; 실행 활성/단위는 문맥 확인
python/ecsp_nsga2/evaluator.py,1234,__init__,dict_get,chemical_rate,0.02,코드 기본값; 실행 활성/단위는 문맥 확인
python/ecsp_nsga2/evaluator.py,1422,_build_geometry_batch,literal_assignment,minimum_component_widths,[],정적 리터럴; 물리/수치/운영/진단 혼재
python/ecsp_nsga2/evaluator.py,1636,_trial_valid,dict_get,converged,false,코드 기본값; 실행 활성/단위는 문맥 확인
python/ecsp_nsga2/evaluator.py,1901,_extract_handoff_batch,dict_get,ignitionSucceeded,false,코드 기본값; 실행 활성/단위는 문맥 확인
python/ecsp_nsga2/evaluator.py,1908,_extract_handoff_batch,literal_assignment,handoff_authorization_reason,"""no_condensed_onset""",정적 리터럴; 물리/수치/운영/진단 혼재
python/ecsp_nsga2/evaluator.py,2157,__init__,dict_get,cpp_auto_build,true,코드 기본값; 실행 활성/단위는 문맥 확인
python/ecsp_nsga2/evaluator.py,2195,__init__,dict_get,cpp_parallel_cases,4,코드 기본값; 실행 활성/단위는 문맥 확인
python/ecsp_nsga2/evaluator.py,2230,__init__,dict_get,temperature,0.02,코드 기본값; 실행 활성/단위는 문맥 확인
python/ecsp_nsga2/evaluator.py,2231,__init__,dict_get,species,0.02,코드 기본값; 실행 활성/단위는 문맥 확인
python/ecsp_nsga2/evaluator.py,2232,__init__,dict_get,gas,0.02,코드 기본값; 실행 활성/단위는 문맥 확인
python/ecsp_nsga2/evaluator.py,2233,__init__,dict_get,chemical_rate,0.02,코드 기본값; 실행 활성/단위는 문맥 확인
python/ecsp_nsga2/evaluator.py,2261,__init__,dict_get,physics_config,{},코드 기본값; 실행 활성/단위는 문맥 확인
python/ecsp_nsga2/evaluator.py,2364,_prepare_cpp_item,dict_get,allow_hidden_bus_reference_component_override,false,코드 기본값; 실행 활성/단위는 문맥 확인
python/ecsp_nsga2/evaluator.py,2512,_vmin_trial_validity,dict_get,converged,"""EXPRESSION: row.get('finalElectricalConverged', False)""",코드 기본값; 실행 활성/단위는 문맥 확인
python/ecsp_nsga2/evaluator.py,2544,_vmin_trial_summary,dict_get,ignitionSucceeded,false,코드 기본값; 실행 활성/단위는 문맥 확인
python/ecsp_nsga2/evaluator.py,2552,_vmin_trial_summary,dict_get,converged,false,코드 기본값; 실행 활성/단위는 문맥 확인
python/ecsp_nsga2/evaluator.py,2558,_vmin_trial_summary,dict_get,terminatedAtIgnition,false,코드 기본값; 실행 활성/단위는 문맥 확인
python/ecsp_nsga2/evaluator.py,2747,_attach_minimum_ignition_voltage_search,dict_get,done,false,코드 기본값; 실행 활성/단위는 문맥 확인
python/ecsp_nsga2/evaluator.py,2998,evaluate_batch,literal_assignment,finished_any,true,정적 리터럴; 물리/수치/운영/진단 혼재
python/ecsp_nsga2/evaluator.py,3104,__init__,dict_get,physics_config,{},코드 기본값; 실행 활성/단위는 문맥 확인
python/ecsp_nsga2/evaluator.py,3108,__init__,dict_get,composition,{},코드 기본값; 실행 활성/단위는 문맥 확인
python/ecsp_nsga2/evaluator.py,3110,__init__,literal_assignment,legacy_composition,{},정적 리터럴; 물리/수치/운영/진단 혼재
python/ecsp_nsga2/evaluator.py,3273,_build_call,dict_get,voltage_V,260.0,코드 기본값; 실행 활성/단위는 문맥 확인
python/ecsp_nsga2/evaluator.py,3274,_build_call,dict_get,voltage_V,260.0,코드 기본값; 실행 활성/단위는 문맥 확인
python/ecsp_nsga2/evaluator.py,3275,_build_call,dict_get,end_time_s,2.0,코드 기본값; 실행 활성/단위는 문맥 확인
python/ecsp_nsga2/evaluator.py,3348,evaluate_batch,dict_get,physics_config,"""EXPRESSION: self.config""",코드 기본값; 실행 활성/단위는 문맥 확인
python/ecsp_nsga2/evaluator.py,3404,create_evaluator,dict_get,backend,"""auto_v772""",코드 기본값; 실행 활성/단위는 문맥 확인
python/ecsp_nsga2/evaluator.py,3416,create_evaluator,dict_get,end_time_s,2.0,코드 기본값; 실행 활성/단위는 문맥 확인
python/ecsp_nsga2/evaluator.py,350,evaluate,dict_get,geometry_descriptors,{},코드 기본값; 실행 활성/단위는 문맥 확인
python/ecsp_nsga2/evaluator.py,351,evaluate,dict_get,geometry_descriptors,{},코드 기본값; 실행 활성/단위는 문맥 확인
python/ecsp_nsga2/evaluator.py,352,evaluate,dict_get,geometry_descriptors,{},코드 기본값; 실행 활성/단위는 문맥 확인
python/ecsp_nsga2/evaluator.py,353,evaluate,dict_get,geometry_descriptors,{},코드 기본값; 실행 활성/단위는 문맥 확인
python/ecsp_nsga2/evaluator.py,501,__init__,dict_get,metric_evaluation_time_s,2.0,코드 기본값; 실행 활성/단위는 문맥 확인
python/ecsp_nsga2/evaluator.py,510,__init__,dict_get,ignition_onset_temperature_K,622.15,코드 기본값; 실행 활성/단위는 문맥 확인
python/ecsp_nsga2/evaluator.py,567,__init__,dict_get,device,"""EXPRESSION: project.get('device', 'auto')""",코드 기본값; 실행 활성/단위는 문맥 확인
python/ecsp_nsga2/evaluator.py,575,__init__,dict_get,physicsDtype,"""float64""",코드 기본값; 실행 활성/단위는 문맥 확인
python/ecsp_nsga2/evaluator.py,584,__init__,dict_get,deterministic,true,코드 기본값; 실행 활성/단위는 문맥 확인
python/ecsp_nsga2/evaluator.py,600,__init__,dict_get,coupledBatchSize,4,코드 기본값; 실행 활성/단위는 문맥 확인
python/ecsp_nsga2/evaluator.py,1040,__init__,dict_get,boundaryCouplingModel,"""""",코드 기본값; 실행 활성/단위는 문맥 확인
python/ecsp_nsga2/evaluator.py,1581,_run_model,dict_get,evaluationStateModel,"""preflame_state_only""",코드 기본값; 실행 활성/단위는 문맥 확인
python/ecsp_nsga2/evaluator.py,1717,run_trials,literal_assignment,trial_row['physicsRejectionScope'],"""vmin_trial""",정적 리터럴; 물리/수치/운영/진단 혼재
python/ecsp_nsga2/evaluator.py,1910,_extract_handoff_batch,literal_assignment,handoff_authorization_reason,"""invalid_ignition_delay""",정적 리터럴; 물리/수치/운영/진단 혼재
python/ecsp_nsga2/evaluator.py,1966,_extract_handoff_batch,dict_get,continuedElectricalHeating,false,코드 기본값; 실행 활성/단위는 문맥 확인
python/ecsp_nsga2/evaluator.py,2175,__init__,dict_get,cpp_auto_build,true,코드 기본값; 실행 활성/단위는 문맥 확인
python/ecsp_nsga2/evaluator.py,2375,_prepare_cpp_item,dict_get,reference_maximum_components_per_polarity,2,코드 기본값; 실행 활성/단위는 문맥 확인
python/ecsp_nsga2/evaluator.py,2379,_prepare_cpp_item,dict_get,reference_maximum_total_components,4,코드 기본값; 실행 활성/단위는 문맥 확인
python/ecsp_nsga2/evaluator.py,2512,_vmin_trial_validity,dict_get,finalElectricalConverged,false,코드 기본값; 실행 활성/단위는 문맥 확인
python/ecsp_nsga2/evaluator.py,2567,_vmin_monotonicity_ok,dict_get,numerically_valid_for_threshold_classification,false,코드 기본값; 실행 활성/단위는 문맥 확인
python/ecsp_nsga2/evaluator.py,3115,__init__,dict_setdefault,parameter_status,{},코드 기본값; 실행 활성/단위는 문맥 확인
python/ecsp_nsga2/evaluator.py,3350,evaluate_batch,dict_get,device,"""auto""",코드 기본값; 실행 활성/단위는 문맥 확인
python/ecsp_nsga2/evaluator.py,567,__init__,dict_get,device,"""auto""",코드 기본값; 실행 활성/단위는 문맥 확인
python/ecsp_nsga2/evaluator.py,726,_evaluate_chunk,dict_get,save_full_fields,false,코드 기본값; 실행 활성/단위는 문맥 확인
python/ecsp_nsga2/evaluator.py,834,_evaluate_chunk,dict_get,restarts,0,코드 기본값; 실행 활성/단위는 문맥 확인
python/ecsp_nsga2/evaluator.py,836,_evaluate_chunk,dict_get,refinement_rounds,0,코드 기본값; 실행 활성/단위는 문맥 확인
python/ecsp_nsga2/evaluator.py,839,_evaluate_chunk,dict_get,fallback_used,false,코드 기본값; 실행 활성/단위는 문맥 확인
python/ecsp_nsga2/evaluator.py,1356,_build_geometry_batch,dict_get,allow_hidden_bus_reference_component_override,false,코드 기본값; 실행 활성/단위는 문맥 확인
python/ecsp_nsga2/evaluator.py,1841,evaluate_batch,dict_get,physicsRejected,false,코드 기본값; 실행 활성/단위는 문맥 확인
python/ecsp_nsga2/evaluator.py,2662,finalise,dict_get,bisection_iterations,0,코드 기본값; 실행 활성/단위는 문맥 확인
python/ecsp_nsga2/evaluator.py,600,__init__,dict_get,numerics,{},코드 기본값; 실행 활성/단위는 문맥 확인
python/ecsp_nsga2/evaluator.py,1040,__init__,dict_get,interface,{},코드 기본값; 실행 활성/단위는 문맥 확인
python/ecsp_nsga2/evaluator.py,1365,_build_geometry_batch,dict_get,reference_maximum_components_per_polarity,2,코드 기본값; 실행 활성/단위는 문맥 확인
python/ecsp_nsga2/evaluator.py,1376,_build_geometry_batch,dict_get,reference_maximum_total_components,4,코드 기본값; 실행 활성/단위는 문맥 확인
python/ecsp_nsga2/evaluator.py,1586,_run_model,dict_get,evaluationStateAvailable,false,코드 기본값; 실행 활성/단위는 문맥 확인
python/ecsp_nsga2/evaluator.py,1589,_run_model,dict_get,postOnsetContinuationApplied,false,코드 기본값; 실행 활성/단위는 문맥 확인
python/ecsp_nsga2/evaluator.py,1592,_run_model,dict_get,postOnsetContinuationDuration_s,0.0,코드 기본값; 실행 활성/단위는 문맥 확인
python/ecsp_nsga2/evaluator.py,338,__init__,function_default,end_time_s,2.0,함수 기본 인수; 호출별 override 가능
python/ecsp_nsga2/geometry.py,25,<module>,literal_assignment,HIDDEN_BUS_ASSUMPTION,"""Every disconnected same-polarity surface-contact component is connected to its terminal by an out-of-plane/backside conductor that is outside the 2-D propellant-surface model.""",정적 리터럴; 물리/수치/운영/진단 혼재
python/ecsp_nsga2/geometry.py,60,<module>,literal_assignment,domain_mm,20.0,정적 리터럴; 물리/수치/운영/진단 혼재
python/ecsp_nsga2/geometry.py,61,<module>,literal_assignment,grid_size,96,정적 리터럴; 물리/수치/운영/진단 혼재
python/ecsp_nsga2/geometry.py,62,<module>,literal_assignment,margin_mm,0.75,정적 리터럴; 물리/수치/운영/진단 혼재
python/ecsp_nsga2/geometry.py,63,<module>,literal_assignment,minimum_gap_mm,0.5,정적 리터럴; 물리/수치/운영/진단 혼재
python/ecsp_nsga2/geometry.py,64,<module>,literal_assignment,minimum_width_mm,0.3,정적 리터럴; 물리/수치/운영/진단 혼재
python/ecsp_nsga2/geometry.py,65,<module>,literal_assignment,maximum_width_mm,1.2,정적 리터럴; 물리/수치/운영/진단 혼재
python/ecsp_nsga2/geometry.py,66,<module>,literal_assignment,target_area_fraction_per_polarity,0.175,정적 리터럴; 물리/수치/운영/진단 혼재
python/ecsp_nsga2/geometry.py,67,<module>,literal_assignment,area_tolerance_fraction,0.035,정적 리터럴; 물리/수치/운영/진단 혼재
python/ecsp_nsga2/geometry.py,68,<module>,literal_assignment,maximum_components_per_polarity,3,정적 리터럴; 물리/수치/운영/진단 혼재
python/ecsp_nsga2/geometry.py,69,<module>,literal_assignment,maximum_total_components,4,정적 리터럴; 물리/수치/운영/진단 혼재
python/ecsp_nsga2/geometry.py,70,<module>,literal_assignment,disconnected_component_powering,"""implicit_3d_hidden_bus""",정적 리터럴; 물리/수치/운영/진단 혼재
python/ecsp_nsga2/geometry.py,71,<module>,literal_assignment,surface_contact_model,"""overlay_on_full_propellant_domain""",정적 리터럴; 물리/수치/운영/진단 혼재
python/ecsp_nsga2/geometry.py,72,<module>,literal_assignment,maximum_branch_depth,2,정적 리터럴; 물리/수치/운영/진단 혼재
python/ecsp_nsga2/geometry.py,73,<module>,literal_assignment,maximum_branches_per_component,2,정적 리터럴; 물리/수치/운영/진단 혼재
python/ecsp_nsga2/geometry.py,74,<module>,literal_assignment,minimum_segment_mm,0.65,정적 리터럴; 물리/수치/운영/진단 혼재
python/ecsp_nsga2/geometry.py,75,<module>,literal_assignment,maximum_segment_mm,5.0,정적 리터럴; 물리/수치/운영/진단 혼재
python/ecsp_nsga2/geometry.py,101,_valid_component_pairs,literal_assignment,preferred,"[[1, 1], [1, 2], [2, 1], [2, 2], [3, 1], [1, 3]]",정적 리터럴; 물리/수치/운영/진단 혼재
python/ecsp_nsga2/geometry.py,136,_make_path_template,literal_assignment,nodes,[],정적 리터럴; 물리/수치/운영/진단 혼재
python/ecsp_nsga2/geometry.py,151,_make_path_template,literal_assignment,branch_count,0,정적 리터럴; 물리/수치/운영/진단 혼재
python/ecsp_nsga2/geometry.py,275,make_topology_templates,literal_assignment,templates,[],정적 리터럴; 물리/수치/운영/진단 혼재
python/ecsp_nsga2/geometry.py,276,make_topology_templates,literal_assignment,signatures,"""set()""",정적 리터럴; 물리/수치/운영/진단 혼재
python/ecsp_nsga2/geometry.py,277,make_topology_templates,literal_assignment,attempt,0,정적 리터럴; 물리/수치/운영/진단 혼재
python/ecsp_nsga2/geometry.py,384,genome_to_component_polylines,literal_assignment,result,"{""anode"": [], ""cathode"": []}",정적 리터럴; 물리/수치/운영/진단 혼재
python/ecsp_nsga2/geometry.py,479,_fit_area_components,literal_assignment,candidates,[],정적 리터럴; 물리/수치/운영/진단 혼재
python/ecsp_nsga2/geometry.py,524,_orientation_entropy,literal_assignment,angles,[],정적 리터럴; 물리/수치/운영/진단 혼재
python/ecsp_nsga2/geometry.py,525,_orientation_entropy,literal_assignment,weights,[],정적 리터럴; 물리/수치/운영/진단 혼재
python/ecsp_nsga2/geometry.py,565,_branch_stats,literal_assignment,events,0,정적 리터럴; 물리/수치/운영/진단 혼재
python/ecsp_nsga2/geometry.py,700,_nodes_in_component,literal_assignment,result,[],정적 리터럴; 물리/수치/운영/진단 혼재
python/ecsp_nsga2/geometry.py,771,_normalise_component_metadata,literal_assignment,genome['electrode_mask_semantics'],"""surface_contact_overlay""",정적 리터럴; 물리/수치/운영/진단 혼재
python/ecsp_nsga2/geometry.py,835,mutate_genome,literal_assignment,operations,"[""parameter"", ""type"", ""add_segment"", ""remove_leaf"", ""add_branch"", ""remove_branch"", ""add_component"", ""remove_component"", ""split_component"", ""merge_component""]",정적 리터럴; 물리/수치/운영/진단 혼재
python/ecsp_nsga2/geometry.py,847,mutate_genome,literal_assignment,weights,"[0.32, 0.07, 0.07, 0.05, 0.07, 0.05, 0.12, 0.08, 0.1, 0.07]",정적 리터럴; 물리/수치/운영/진단 혼재
python/ecsp_nsga2/geometry.py,153,_make_path_template,literal_assignment,branch_count,1,정적 리터럴; 물리/수치/운영/진단 혼재
python/ecsp_nsga2/geometry.py,155,_make_path_template,literal_assignment,branch_count,2,정적 리터럴; 물리/수치/운영/진단 혼재
python/ecsp_nsga2/geometry.py,377,_walk_tree,dict_get,children,[],코드 기본값; 실행 활성/단위는 문맥 확인
python/ecsp_nsga2/geometry.py,477,_fit_area_components,literal_assignment,"scale_low, scale_high",1.0,정적 리터럴; 물리/수치/운영/진단 혼재
python/ecsp_nsga2/geometry.py,546,_count_nodes,dict_get,children,[],코드 기본값; 실행 활성/단위는 문맥 확인
python/ecsp_nsga2/geometry.py,179,_attach_parameters,dict_get,role,"""EXPRESSION: 'branch' if is_branch else 'horizontal'""",코드 기본값; 실행 활성/단위는 문맥 확인
python/ecsp_nsga2/geometry.py,201,_attach_parameters,dict_get,children,[],코드 기본값; 실행 활성/단위는 문맥 확인
python/ecsp_nsga2/geometry.py,350,_walk_tree,dict_get,width_mm,0.6,코드 기본값; 실행 활성/단위는 문맥 확인
python/ecsp_nsga2/geometry.py,394,genome_to_component_polylines,literal_assignment,paths,[],정적 리터럴; 물리/수치/운영/진단 혼재
python/ecsp_nsga2/geometry.py,567,_branch_stats,dict_get,children,[],코드 기본값; 실행 활성/단위는 문맥 확인
python/ecsp_nsga2/geometry.py,704,visit,dict_get,children,[],코드 기본값; 실행 활성/단위는 문맥 확인
python/ecsp_nsga2/geometry.py,181,_attach_parameters,dict_get,horizontal_half_length_mm,3.8,코드 기본값; 실행 활성/단위는 문맥 확인
python/ecsp_nsga2/geometry.py,192,_attach_parameters,dict_get,base_turn_deg,0.0,코드 기본값; 실행 활성/단위는 문맥 확인
python/ecsp_nsga2/geometry.py,199,_attach_parameters,dict_get,base_turn_deg,0.0,코드 기본값; 실행 활성/단위는 문맥 확인
python/ecsp_nsga2/geometry.py,348,_walk_tree,dict_get,turn_deg,0.0,코드 기본값; 실행 활성/단위는 문맥 확인
python/ecsp_nsga2/geometry.py,355,_walk_tree,dict_get,sweep_deg,45.0,코드 기본값; 실행 활성/단위는 문맥 확인
python/ecsp_nsga2/geometry.py,371,_walk_tree,dict_get,length_mm,1.5,코드 기본값; 실행 활성/단위는 문맥 확인
python/ecsp_nsga2/geometry.py,390,genome_to_component_polylines,dict_get,initial_heading_deg,0.0,코드 기본값; 실행 활성/단위는 문맥 확인
python/ecsp_nsga2/geometry.py,549,_count_nodes,dict_get,length_mm,0.0,코드 기본값; 실행 활성/단위는 문맥 확인
python/ecsp_nsga2/geometry.py,759,_normalise_component_metadata,dict_get,start,"""EXPRESSION: [base_x, 0.5 * limits.domain_mm]""",코드 기본값; 실행 활성/단위는 문맥 확인
python/ecsp_nsga2/geometry.py,994,mutate_genome,dict_get,start,"""EXPRESSION: [limits.margin_mm, 0.5 * limits.domain_mm]""",코드 기본값; 실행 활성/단위는 문맥 확인
python/ecsp_nsga2/geometry.py,88,_canonical_node,dict_get,children,[],코드 기본값; 실행 활성/단위는 문맥 확인
python/ecsp_nsga2/geometry.py,158,_make_path_template,dict_setdefault,children,[],코드 기본값; 실행 활성/단위는 문맥 확인
python/ecsp_nsga2/geometry.py,184,_attach_parameters,dict_get,lane_pitch_mm,1.8,코드 기본값; 실행 활성/단위는 문맥 확인
python/ecsp_nsga2/geometry.py,204,_attach_parameters,dict_get,base_turn_deg,0.0,코드 기본값; 실행 활성/단위는 문맥 확인
python/ecsp_nsga2/geometry.py,242,_assign_component_poses,dict_get,pass_count,3,코드 기본값; 실행 활성/단위는 문맥 확인
python/ecsp_nsga2/geometry.py,347,_walk_tree,dict_get,branch_turn_deg,0.0,코드 기본값; 실행 활성/단위는 문맥 확인
python/ecsp_nsga2/geometry.py,352,_walk_tree,dict_get,type,"""LINE""",코드 기본값; 실행 활성/단위는 문맥 확인
python/ecsp_nsga2/geometry.py,354,_walk_tree,dict_get,radius_mm,1.5,코드 기본값; 실행 활성/단위는 문맥 확인
python/ecsp_nsga2/geometry.py,393,genome_to_component_polylines,dict_get,initial_heading_deg,"""EXPRESSION: legacy_heading""",코드 기본값; 실행 활성/단위는 문맥 확인
python/ecsp_nsga2/geometry.py,550,_count_nodes,dict_get,radius_mm,0.0,코드 기본값; 실행 활성/단위는 문맥 확인
python/ecsp_nsga2/geometry.py,764,_normalise_component_metadata,dict_get,initial_heading_deg,"""EXPRESSION: base_heading""",코드 기본값; 실행 활성/단위는 문맥 확인
python/ecsp_nsga2/geometry.py,893,mutate_genome,dict_setdefault,radius_mm,"""EXPRESSION: rng.uniform(0.8, 2.5)""",코드 기본값; 실행 활성/단위는 문맥 확인
python/ecsp_nsga2/geometry.py,894,mutate_genome,dict_setdefault,sweep_deg,"""EXPRESSION: rng.choice([-1.0, 1.0]) * rng.uniform(25.0, 65.0)""",코드 기본값; 실행 활성/단위는 문맥 확인
python/ecsp_nsga2/geometry.py,89,_canonical_node,dict_get,type,"""LINE""",코드 기본값; 실행 활성/단위는 문맥 확인
python/ecsp_nsga2/geometry.py,196,_attach_parameters,dict_get,type,"""LINE""",코드 기본값; 실행 활성/단위는 문맥 확인
python/ecsp_nsga2/geometry.py,389,genome_to_component_polylines,dict_get,start,"[0.0, 0.0]",코드 기본값; 실행 활성/단위는 문맥 확인
python/ecsp_nsga2/geometry.py,917,mutate_genome,literal_assignment,eligible,[],정적 리터럴; 물리/수치/운영/진단 혼재
python/ecsp_nsga2/geometry.py,999,mutate_genome,dict_get,initial_heading_deg,"""EXPRESSION: base_heading""",코드 기본값; 실행 활성/단위는 문맥 확인
python/ecsp_nsga2/geometry.py,392,genome_to_component_polylines,dict_get,start,"""EXPRESSION: legacy_start""",코드 기본값; 실행 활성/단위는 문맥 확인
python/ecsp_nsga2/geometry.py,544,_count_nodes,dict_get,type,"""LINE""",코드 기본값; 실행 활성/단위는 문맥 확인
python/ecsp_nsga2/geometry.py,545,_count_nodes,dict_get,type,"""LINE""",코드 기본값; 실행 활성/단위는 문맥 확인
python/ecsp_nsga2/geometry.py,897,mutate_genome,dict_setdefault,children,[],코드 기본값; 실행 활성/단위는 문맥 확인
python/ecsp_nsga2/geometry.py,857,mutate_genome,dict_get,length_mm,1.5,코드 기본값; 실행 활성/단위는 문맥 확인
python/ecsp_nsga2/geometry.py,865,mutate_genome,dict_get,width_mm,0.7,코드 기본값; 실행 활성/단위는 문맥 확인
python/ecsp_nsga2/geometry.py,873,mutate_genome,dict_get,turn_deg,0.0,코드 기본값; 실행 활성/단위는 문맥 확인
python/ecsp_nsga2/geometry.py,878,mutate_genome,dict_get,type,"""LINE""",코드 기본값; 실행 활성/단위는 문맥 확인
python/ecsp_nsga2/geometry.py,903,mutate_genome,dict_get,width_mm,0.7,코드 기본값; 실행 활성/단위는 문맥 확인
python/ecsp_nsga2/geometry.py,881,mutate_genome,dict_get,radius_mm,1.5,코드 기본값; 실행 활성/단위는 문맥 확인
python/ecsp_nsga2/geometry.py,887,mutate_genome,dict_get,sweep_deg,45.0,코드 기본값; 실행 활성/단위는 문맥 확인
python/ecsp_nsga2/geometry.py,891,mutate_genome,dict_get,type,"""LINE""",코드 기본값; 실행 활성/단위는 문맥 확인
python/ecsp_nsga2/geometry.py,912,mutate_genome,dict_get,children,[],코드 기본값; 실행 활성/단위는 문맥 확인
python/ecsp_nsga2/geometry.py,925,mutate_genome,dict_setdefault,children,[],코드 기본값; 실행 활성/단위는 문맥 확인
python/ecsp_nsga2/geometry.py,930,mutate_genome,dict_get,width_mm,0.7,코드 기본값; 실행 활성/단위는 문맥 확인
python/ecsp_nsga2/geometry.py,938,mutate_genome,dict_get,children,[],코드 기본값; 실행 활성/단위는 문맥 확인
python/ecsp_nsga2/geometry.py,984,mutate_genome,literal_assignment,donor['branch_turn_deg'],0.0,정적 리터럴; 물리/수치/운영/진단 혼재
python/ecsp_nsga2/geometry.py,971,mutate_genome,dict_get,turn_deg,0.0,코드 기본값; 실행 활성/단위는 문맥 확인
python/ecsp_nsga2/geometry.py,985,mutate_genome,dict_setdefault,children,[],코드 기본값; 실행 활성/단위는 문맥 확인
python/ecsp_nsga2/geometry.py,969,mutate_genome,dict_get,length_mm,1.5,코드 기본값; 실행 활성/단위는 문맥 확인
python/ecsp_nsga2/geometry.py,413,_draw_polylines,function_default,width_scale,1.0,함수 기본 인수; 호출별 override 가능
python/ecsp_nsga2/geometry.py,542,_count_nodes,function_default,depth,0,함수 기본 인수; 호출별 override 가능
python/ecsp_nsga2/geometry.py,564,_branch_stats,function_default,branch_depth,0,함수 기본 인수; 호출별 override 가능
python/ecsp_nsga2/geometry.py,739,_normalise_component_metadata,function_default,rng,null,함수 기본 인수; 호출별 override 가능
python/ecsp_nsga2/geometry.py,831,mutate_genome,function_default,mutation_strength,1.0,함수 기본 인수; 호출별 override 가능
python/ecsp_nsga2/geometry.py,832,mutate_genome,function_default,operation,null,함수 기본 인수; 호출별 override 가능
python/ecsp_nsga2/geometry.py,1010,crossover_genomes,function_default,limits,null,함수 기본 인수; 호출별 override 가능
python/ecsp_nsga2/hybrid.py,41,<module>,literal_assignment,force_cpu,false,정적 리터럴; 물리/수치/운영/진단 혼재
python/ecsp_nsga2/hybrid.py,42,<module>,literal_assignment,cuda_attempts,0,정적 리터럴; 물리/수치/운영/진단 혼재
python/ecsp_nsga2/hybrid.py,73,__init__,literal_assignment,adapter['cpp_auto_build'],false,정적 리터럴; 물리/수치/운영/진단 혼재
python/ecsp_nsga2/hybrid.py,132,__init__,literal_assignment,self.cuda_info,{},정적 리터럴; 물리/수치/운영/진단 혼재
python/ecsp_nsga2/hybrid.py,152,__init__,literal_assignment,self._hybrid_stats,"{""cpu_completed"": 0, ""cuda_completed"": 0, ""cuda_batches"": 0, ""cuda_failures_requeued_to_cpu"": 0, ""cpu_failures"": 0, ""cuda_failures"": 0}",정적 리터럴; 물리/수치/운영/진단 혼재
python/ecsp_nsga2/hybrid.py,306,_pop_gpu_batch,literal_assignment,reserve,0,정적 리터럴; 물리/수치/운영/진단 혼재
python/ecsp_nsga2/hybrid.py,316,_pop_gpu_batch,literal_assignment,chosen,[],정적 리터럴; 물리/수치/운영/진단 혼재
python/ecsp_nsga2/hybrid.py,337,_execute_hybrid_tasks,literal_assignment,results,{},정적 리터럴; 물리/수치/운영/진단 혼재
python/ecsp_nsga2/hybrid.py,338,_execute_hybrid_tasks,literal_assignment,cpu_running,{},정적 리터럴; 물리/수치/운영/진단 혼재
python/ecsp_nsga2/hybrid.py,340,_execute_hybrid_tasks,literal_assignment,gpu_tasks,[],정적 리터럴; 물리/수치/운영/진단 혼재
python/ecsp_nsga2/hybrid.py,540,_attach_minimum_ignition_voltage_search_hybrid,literal_assignment,states,{},정적 리터럴; 물리/수치/운영/진단 혼재
python/ecsp_nsga2/hybrid.py,603,_attach_minimum_ignition_voltage_search_hybrid,literal_assignment,active,[],정적 리터럴; 물리/수치/운영/진단 혼재
python/ecsp_nsga2/hybrid.py,633,_attach_minimum_ignition_voltage_search_hybrid,literal_assignment,wave,0,정적 리터럴; 물리/수치/운영/진단 혼재
python/ecsp_nsga2/hybrid.py,758,evaluate_batch,literal_assignment,prepared_items,{},정적 리터럴; 물리/수치/운영/진단 혼재
python/ecsp_nsga2/hybrid.py,759,evaluate_batch,literal_assignment,tasks,[],정적 리터럴; 물리/수치/운영/진단 혼재
python/ecsp_nsga2/hybrid.py,601,finalise,literal_assignment,state['done'],true,정적 리터럴; 물리/수치/운영/진단 혼재
python/ecsp_nsga2/hybrid.py,635,_attach_minimum_ignition_voltage_search_hybrid,literal_assignment,tasks,[],정적 리터럴; 물리/수치/운영/진단 혼재
python/ecsp_nsga2/hybrid.py,636,_attach_minimum_ignition_voltage_search_hybrid,literal_assignment,task_to_candidate,{},정적 리터럴; 물리/수치/운영/진단 혼재
python/ecsp_nsga2/hybrid.py,637,_attach_minimum_ignition_voltage_search_hybrid,literal_assignment,next_task_id,0,정적 리터럴; 물리/수치/운영/진단 혼재
python/ecsp_nsga2/hybrid.py,672,_attach_minimum_ignition_voltage_search_hybrid,literal_assignment,next_active,[],정적 리터럴; 물리/수치/운영/진단 혼재
python/ecsp_nsga2/hybrid.py,102,__init__,dict_get,hybrid_allow_cpu_oversubscription,false,코드 기본값; 실행 활성/단위는 문맥 확인
python/ecsp_nsga2/hybrid.py,116,__init__,dict_get,hybrid_cuda_device,"""cuda:0""",코드 기본값; 실행 활성/단위는 문맥 확인
python/ecsp_nsga2/hybrid.py,117,__init__,dict_get,hybrid_cuda_enabled,true,코드 기본값; 실행 활성/단위는 문맥 확인
python/ecsp_nsga2/hybrid.py,118,__init__,dict_get,hybrid_cuda_fallback_to_cpu,true,코드 기본값; 실행 활성/단위는 문맥 확인
python/ecsp_nsga2/hybrid.py,121,__init__,dict_get,hybrid_cuda_allow_partial_final_batch,true,코드 기본값; 실행 활성/단위는 문맥 확인
python/ecsp_nsga2/hybrid.py,385,_execute_hybrid_tasks,literal_assignment,progressed,false,정적 리터럴; 물리/수치/운영/진단 혼재
python/ecsp_nsga2/hybrid.py,562,finalise,literal_assignment,search_valid,false,정적 리터럴; 물리/수치/운영/진단 혼재
python/ecsp_nsga2/hybrid.py,563,finalise,literal_assignment,status,"""invalid_nonmonotonic_sampled_ignition_response""",정적 리터럴; 물리/수치/운영/진단 혼재
python/ecsp_nsga2/hybrid.py,564,finalise,literal_assignment,failure_reason,"""sampled_ignition_response_is_nonmonotonic_in_voltage""",정적 리터럴; 물리/수치/운영/진단 혼재
python/ecsp_nsga2/hybrid.py,58,__init__,dict_get,hybrid_cpu_executable,"""build/ecsp_cpp_solver_hybrid""",코드 기본값; 실행 활성/단위는 문맥 확인
python/ecsp_nsga2/hybrid.py,61,__init__,dict_get,cpp_auto_build,true,코드 기본값; 실행 활성/단위는 문맥 확인
python/ecsp_nsga2/hybrid.py,119,__init__,dict_get,hybrid_cuda_max_retries,1,코드 기본값; 실행 활성/단위는 문맥 확인
python/ecsp_nsga2/hybrid.py,150,__init__,dict_get,hybrid_poll_interval_s,0.05,코드 기본값; 실행 활성/단위는 문맥 확인
python/ecsp_nsga2/hybrid.py,389,_execute_hybrid_tasks,literal_assignment,progressed,true,정적 리터럴; 물리/수치/운영/진단 혼재
python/ecsp_nsga2/hybrid.py,403,_execute_hybrid_tasks,literal_assignment,progressed,true,정적 리터럴; 물리/수치/운영/진단 혼재
python/ecsp_nsga2/hybrid.py,642,_attach_minimum_ignition_voltage_search_hybrid,literal_assignment,role,"""lower_bound""",정적 리터럴; 물리/수치/운영/진단 혼재
python/ecsp_nsga2/hybrid.py,647,_attach_minimum_ignition_voltage_search_hybrid,literal_assignment,role,"""bisection""",정적 리터럴; 물리/수치/운영/진단 혼재
python/ecsp_nsga2/hybrid.py,494,_execute_hybrid_tasks,literal_assignment,gpu_tasks,[],정적 리터럴; 물리/수치/운영/진단 혼재
python/ecsp_nsga2/hybrid.py,144,__init__,dict_get,hybrid_require_cuda,true,코드 기본값; 실행 활성/단위는 문맥 확인
python/ecsp_nsga2/hybrid.py,139,__init__,dict_get,hybrid_cuda_deterministic,true,코드 기본값; 실행 활성/단위는 문맥 확인
python/ecsp_nsga2/hybrid.py,411,_execute_hybrid_tasks,dict_get,physicsRejected,false,코드 기본값; 실행 활성/단위는 문맥 확인
python/ecsp_nsga2/hybrid.py,413,_execute_hybrid_tasks,dict_get,physicsRejectionReason,"""CUDA physics rejected""",코드 기본값; 실행 활성/단위는 문맥 확인
python/ecsp_nsga2/nsga2.py,22,<module>,literal_assignment,constraint_violation,0.0,정적 리터럴; 물리/수치/운영/진단 혼재
python/ecsp_nsga2/nsga2.py,25,<module>,literal_assignment,crowding_distance,0.0,정적 리터럴; 물리/수치/운영/진단 혼재
python/ecsp_nsga2/nsga2.py,26,<module>,literal_assignment,topology_id,"""""",정적 리터럴; 물리/수치/운영/진단 혼재
python/ecsp_nsga2/nsga2.py,27,<module>,literal_assignment,source_role,"""""",정적 리터럴; 물리/수치/운영/진단 혼재
python/ecsp_nsga2/nsga2.py,76,fast_non_dominated_sort,literal_assignment,first,[],정적 리터럴; 물리/수치/운영/진단 혼재
python/ecsp_nsga2/nsga2.py,91,fast_non_dominated_sort,literal_assignment,f,0,정적 리터럴; 물리/수치/운영/진단 혼재
python/ecsp_nsga2/nsga2.py,172,environmental_selection,literal_assignment,selected,[],정적 리터럴; 물리/수치/운영/진단 혼재
python/ecsp_nsga2/nsga2.py,93,fast_non_dominated_sort,literal_assignment,nxt,[],정적 리터럴; 물리/수치/운영/진단 혼재
python/ecsp_nsga2/nsga2.py,111,assign_crowding_distance,literal_assignment,ind.crowding_distance,0.0,정적 리터럴; 물리/수치/운영/진단 혼재
python/ecsp_nsga2/nsga2.py,87,fast_non_dominated_sort,literal_assignment,p.rank,0,정적 리터럴; 물리/수치/운영/진단 혼재
python/ecsp_nsga2/nsga2.py,33,_feasible,function_default,eps,1e-12,함수 기본 인수; 호출별 override 가능
python/ecsp_nsga2/nsga2.py,37,constrained_dominates,function_default,eps,1e-12,함수 기본 인수; 호출별 override 가능
python/ecsp_nsga2/nsga2.py,188,pareto_front,function_default,feasible_only,true,함수 기본 인수; 호출별 override 가능
python/ecsp_nsga2/post_onset.py,19,<module>,literal_assignment,BACKENDS,"[""condensed_propagation"", ""reactive_euler""]",정적 리터럴; 물리/수치/운영/진단 혼재
python/ecsp_nsga2/post_onset.py,20,<module>,literal_assignment,COMPARISON_METRICS,"[""establishedTimeAfterOnset_s"", ""finalUnreactedAreaFraction"", ""finalRemainingReactiveMassFraction"", ""meanEffectiveRegressionVelocity_m_per_s"", ""maximumEffectiveRegressionVelocity_m_per_s"", ""reactionFrontNonuniformity"", ""maximumTemperatureDuringPropagation_K"", ""finalMaximumTemperature_K"", ""initialMass_kg"", ""finalMass_kg"", ""finalMassBudgetResidual_kg"", ""finalEnergyBudgetResidual_J"", ""integratedJouleHeat_J"", ""integratedElectrochemicalHeat_J"", ""integratedChemicalHeat_J"", ""integratedHeatLoss_J""]",정적 리터럴; 물리/수치/운영/진단 혼재
python/ecsp_nsga2/post_onset.py,85,_comparison,literal_assignment,rows,[],정적 리터럴; 물리/수치/운영/진단 혼재
python/ecsp_nsga2/post_onset.py,120,run_post_onset,literal_assignment,results,{},정적 리터럴; 물리/수치/운영/진단 혼재
python/ecsp_nsga2/post_onset.py,149,_nondominated_ranks,literal_assignment,level,0,정적 리터럴; 물리/수치/운영/진단 혼재
python/ecsp_nsga2/post_onset.py,165,write_backend_rank_comparison,literal_assignment,pairs,[],정적 리터럴; 물리/수치/운영/진단 혼재
python/ecsp_nsga2/post_onset.py,174,write_backend_rank_comparison,literal_assignment,matrices,[],정적 리터럴; 물리/수치/운영/진단 혼재
python/ecsp_nsga2/post_onset.py,191,write_backend_rank_comparison,literal_assignment,rows,[],정적 리터럴; 물리/수치/운영/진단 혼재
python/ecsp_nsga2/post_onset.py,198,write_backend_rank_comparison,literal_assignment,per_objective,[],정적 리터럴; 물리/수치/운영/진단 혼재
python/ecsp_nsga2/post_onset.py,35,validate_post_onset_config,dict_get,compare_backends,false,코드 기본값; 실행 활성/단위는 문맥 확인
python/ecsp_nsga2/post_onset.py,82,_comparison,dict_get,condensed_propagation,{},코드 기본값; 실행 활성/단위는 문맥 확인
python/ecsp_nsga2/post_onset.py,82,_comparison,dict_get,reactive_euler,{},코드 기본값; 실행 활성/단위는 문맥 확인
python/ecsp_nsga2/post_onset.py,176,write_backend_rank_comparison,literal_assignment,rows,[],정적 리터럴; 물리/수치/운영/진단 혼재
python/ecsp_nsga2/post_onset.py,31,validate_post_onset_config,dict_get,backend,"""condensed_propagation""",코드 기본값; 실행 활성/단위는 문맥 확인
python/ecsp_nsga2/post_onset.py,45,validate_post_onset_config,dict_get,caloric_closure,"""bc_cp_integral_plus_tait_cold_energy""",코드 기본값; 실행 활성/단위는 문맥 확인
python/ecsp_nsga2/post_onset.py,39,validate_post_onset_config,dict_get,allow_experimental_ranking,false,코드 기본값; 실행 활성/단위는 문맥 확인
python/ecsp_nsga2/post_onset.py,48,validate_post_onset_config,dict_get,allow_experimental_ranking,false,코드 기본값; 실행 활성/단위는 문맥 확인
python/ecsp_nsga2/post_onset.py,111,run_post_onset,dict_get,continued_electrical_heating,false,코드 기본값; 실행 활성/단위는 문맥 확인
python/ecsp_nsga2/post_onset.py,113,run_post_onset,dict_get,onsetSucceeded,false,코드 기본값; 실행 활성/단위는 문맥 확인
python/ecsp_nsga2/post_onset_batch.py,22,_cpu_init,literal_assignment,os.environ['OMP_NUM_THREADS'],"""1""",정적 리터럴; 물리/수치/운영/진단 혼재
python/ecsp_nsga2/post_onset_batch.py,22,_cpu_init,literal_assignment,os.environ['MKL_NUM_THREADS'],"""1""",정적 리터럴; 물리/수치/운영/진단 혼재
python/ecsp_nsga2/post_onset_batch.py,22,_cpu_init,literal_assignment,os.environ['OPENBLAS_NUM_THREADS'],"""1""",정적 리터럴; 물리/수치/운영/진단 혼재
python/ecsp_nsga2/post_onset_batch.py,56,run_post_onset_batch,dict_get,execution,{},코드 기본값; 실행 활성/단위는 문맥 확인
python/ecsp_nsga2/post_onset_batch.py,59,run_post_onset_batch,dict_get,continued_electrical_heating,false,코드 기본값; 실행 활성/단위는 문맥 확인
python/ecsp_nsga2/post_onset_batch.py,79,run_post_onset_batch,literal_assignment,pending,{},정적 리터럴; 물리/수치/운영/진단 혼재
python/ecsp_nsga2/post_onset_batch.py,79,run_post_onset_batch,literal_assignment,next_index,0,정적 리터럴; 물리/수치/운영/진단 혼재
python/ecsp_nsga2/post_onset_batch.py,88,run_post_onset_batch,literal_assignment,baseline_futures,{},정적 리터럴; 물리/수치/운영/진단 혼재
python/ecsp_nsga2/post_onset_batch.py,88,run_post_onset_batch,literal_assignment,baseline_results,{},정적 리터럴; 물리/수치/운영/진단 혼재
python/ecsp_nsga2/post_onset_batch.py,88,run_post_onset_batch,literal_assignment,baseline_cursor,0,정적 리터럴; 물리/수치/운영/진단 혼재
python/ecsp_nsga2/post_onset_batch.py,102,run_post_onset_batch,literal_assignment,reactive,{},정적 리터럴; 물리/수치/운영/진단 혼재
python/ecsp_nsga2/post_onset_batch.py,135,run_post_onset_batch,literal_assignment,paired,{},정적 리터럴; 물리/수치/운영/진단 혼재
python/ecsp_nsga2/post_onset_batch.py,135,run_post_onset_batch,literal_assignment,errors,{},정적 리터럴; 물리/수치/운영/진단 혼재
python/ecsp_nsga2/post_onset_batch.py,89,run_post_onset_batch,dict_get,onsetSucceeded,false,코드 기본값; 실행 활성/단위는 문맥 확인
python/ecsp_nsga2/post_onset_batch.py,100,run_post_onset_batch,dict_get,onsetSucceeded,false,코드 기본값; 실행 활성/단위는 문맥 확인
python/ecsp_nsga2/post_onset_batch.py,116,group,dict_get,estimated_memory_splits,0,코드 기본값; 실행 활성/단위는 문맥 확인
python/ecsp_nsga2/post_onset_batch.py,123,group,dict_get,candidate_isolation_splits,0,코드 기본값; 실행 활성/단위는 문맥 확인
python/ecsp_nsga2/propagation.py,203,<module>,literal_assignment,front_arrival_coverage_fraction,0.0,정적 리터럴; 물리/수치/운영/진단 혼재
python/ecsp_nsga2/propagation.py,318,_div_k_grad,literal_assignment,result[~m],0.0,정적 리터럴; 물리/수치/운영/진단 혼재
python/ecsp_nsga2/propagation.py,717,run_condensed_propagation,literal_assignment,off_modes,"""{'off', 'disabled', 'none'}""",정적 리터럴; 물리/수치/운영/진단 혼재
python/ecsp_nsga2/propagation.py,1069,run_condensed_propagation,literal_assignment,alpha_tolerance,1e-10,정적 리터럴; 물리/수치/운영/진단 혼재
python/ecsp_nsga2/propagation.py,1173,run_condensed_propagation,literal_assignment,inventory_keys,"[""mobileLPAtOnset_mol_per_m3"", ""pvaReactiveRepeatAtOnset_mol_per_m3"", ""generatedWaterProductAtOnset_mol_per_m3"", ""mobileWaterAtOnset_mol_per_m3"", ""electrochemicalLPConsumedAtOnset_mol_per_m3"", ""xiMax_mol_per_m3"", ""molarMassLP_kg_per_mol"", ""molarMassPVARepeat_kg_per_mol"", ""initialReactiveMass_kg_per_m3"", ""initialMobileLP_mol_per_m3"", ""initialPVARepeat_mol_per_m3"", ""initialMobileWater_mol_per_m3""]",정적 리터럴; 물리/수치/운영/진단 혼재
python/ecsp_nsga2/propagation.py,1423,run_condensed_propagation,literal_assignment,arrival[(progress >= front_threshold) & mask],0.0,정적 리터럴; 물리/수치/운영/진단 혼재
python/ecsp_nsga2/propagation.py,1458,run_condensed_propagation,literal_assignment,next_snapshot,0.0,정적 리터럴; 물리/수치/운영/진단 혼재
python/ecsp_nsga2/propagation.py,1459,run_condensed_propagation,literal_assignment,snapshot_times,[],정적 리터럴; 물리/수치/운영/진단 혼재
python/ecsp_nsga2/propagation.py,1460,run_condensed_propagation,literal_assignment,temperature_snapshots,[],정적 리터럴; 물리/수치/운영/진단 혼재
python/ecsp_nsga2/propagation.py,1461,run_condensed_propagation,literal_assignment,progress_snapshots,[],정적 리터럴; 물리/수치/운영/진단 혼재
python/ecsp_nsga2/propagation.py,1462,run_condensed_propagation,literal_assignment,level_set_snapshots,[],정적 리터럴; 물리/수치/운영/진단 혼재
python/ecsp_nsga2/propagation.py,1482,run_condensed_propagation,literal_assignment,"comparison_qchem, comparison_qj, comparison_qe, comparison_loss",0.0,정적 리터럴; 물리/수치/운영/진단 혼재
python/ecsp_nsga2/propagation.py,724,run_condensed_propagation,literal_assignment,heating_mode,"""off""",정적 리터럴; 물리/수치/운영/진단 혼재
python/ecsp_nsga2/propagation.py,1107,run_condensed_propagation,literal_assignment,heating_time_origin,"""relative_to_onset""",정적 리터럴; 물리/수치/운영/진단 혼재
python/ecsp_nsga2/propagation.py,712,run_condensed_propagation,dict_get,continued_electrical_heating,false,코드 기본값; 실행 활성/단위는 문맥 확인
python/ecsp_nsga2/propagation.py,768,run_condensed_propagation,dict_get,maximum_time_steps,100000,코드 기본값; 실행 활성/단위는 문맥 확인
python/ecsp_nsga2/propagation.py,774,run_condensed_propagation,dict_get,maximum_history_allocation_bytes,"""EXPRESSION: 16 * 1024 ** 3""",코드 기본값; 실행 활성/단위는 문맥 확인
python/ecsp_nsga2/propagation.py,780,run_condensed_propagation,dict_get,snapshot_interval_s,"""EXPRESSION: max(duration / 10.0, dt)""",코드 기본값; 실행 활성/단위는 문맥 확인
python/ecsp_nsga2/propagation.py,787,run_condensed_propagation,dict_get,maximum_thermal_stability_cfl,"""EXPRESSION: prop_cfg.get('maximum_thermal_diffusive_cfl', 1.0)""",코드 기본값; 실행 활성/단위는 문맥 확인
python/ecsp_nsga2/propagation.py,800,run_condensed_propagation,dict_get,maximum_temperature_cap_fraction,0.0,코드 기본값; 실행 활성/단위는 문맥 확인
python/ecsp_nsga2/propagation.py,803,run_condensed_propagation,dict_get,maximum_chemical_rate_cap_fraction,0.0,코드 기본값; 실행 활성/단위는 문맥 확인
python/ecsp_nsga2/propagation.py,837,run_condensed_propagation,dict_get,onsetSucceeded,false,코드 기본값; 실행 활성/단위는 문맥 확인
python/ecsp_nsga2/propagation.py,838,run_condensed_propagation,dict_get,onsetReportedByPhysics,false,코드 기본값; 실행 활성/단위는 문맥 확인
python/ecsp_nsga2/propagation.py,840,run_condensed_propagation,dict_get,numericallyValidForPropagationHandoff,false,코드 기본값; 실행 활성/단위는 문맥 확인
python/ecsp_nsga2/propagation.py,843,run_condensed_propagation,dict_get,propagationHandoffAuthorizationReason,"""""",코드 기본값; 실행 활성/단위는 문맥 확인
python/ecsp_nsga2/propagation.py,891,run_condensed_propagation,dict_get,endTime_s,"""EXPRESSION: math.nan""",코드 기본값; 실행 활성/단위는 문맥 확인
python/ecsp_nsga2/propagation.py,994,run_condensed_propagation,dict_get,maximum_rate_per_s,1000000.0,코드 기본값; 실행 활성/단위는 문맥 확인
python/ecsp_nsga2/propagation.py,1029,run_condensed_propagation,dict_get,ambientTemperature_K,298.15,코드 기본값; 실행 활성/단위는 문맥 확인
python/ecsp_nsga2/propagation.py,1030,run_condensed_propagation,dict_get,minimumTemperature_K,200.0,코드 기본값; 실행 활성/단위는 문맥 확인
python/ecsp_nsga2/propagation.py,1031,run_condensed_propagation,dict_get,maximumTemperature_K,3000.0,코드 기본값; 실행 활성/단위는 문맥 확인
python/ecsp_nsga2/propagation.py,1032,run_condensed_propagation,dict_get,convectionCoefficient_W_per_m2K,0.0,코드 기본값; 실행 활성/단위는 문맥 확인
python/ecsp_nsga2/propagation.py,1033,run_condensed_propagation,dict_get,emissivity,0.0,코드 기본값; 실행 활성/단위는 문맥 확인
python/ecsp_nsga2/propagation.py,1034,run_condensed_propagation,dict_get,stefanBoltzmann_W_per_m2K4,5.670374419e-08,코드 기본값; 실행 활성/단위는 문맥 확인
python/ecsp_nsga2/propagation.py,1036,run_condensed_propagation,dict_get,front_progress_threshold,0.5,코드 기본값; 실행 활성/단위는 문맥 확인
python/ecsp_nsga2/propagation.py,1037,run_condensed_propagation,dict_get,established_reacted_area_fraction,0.5,코드 기본값; 실행 활성/단위는 문맥 확인
python/ecsp_nsga2/propagation.py,1114,run_condensed_propagation,literal_assignment,heating_time_origin,"""absolute_preflame_time_legacy""",정적 리터럴; 물리/수치/운영/진단 혼재
python/ecsp_nsga2/propagation.py,1121,run_condensed_propagation,literal_assignment,heating_time_origin,"""disabled""",정적 리터럴; 물리/수치/운영/진단 혼재
python/ecsp_nsga2/propagation.py,1638,run_condensed_propagation,literal_assignment,inventory_scale[~mask],0.0,정적 리터럴; 물리/수치/운영/진단 혼재
python/ecsp_nsga2/propagation.py,265,_table_property,dict_get,activation_energy_J_per_mol,0.0,코드 기본값; 실행 활성/단위는 문맥 확인
python/ecsp_nsga2/propagation.py,789,run_condensed_propagation,dict_get,maximum_thermal_diffusive_cfl,1.0,코드 기본값; 실행 활성/단위는 문맥 확인
python/ecsp_nsga2/propagation.py,1094,run_condensed_propagation,dict_get,postOnsetTimes_s,[],코드 기본값; 실행 활성/단위는 문맥 확인
python/ecsp_nsga2/propagation.py,1096,run_condensed_propagation,dict_get,postOnsetQJ_W_per_m3,[],코드 기본값; 실행 활성/단위는 문맥 확인
python/ecsp_nsga2/propagation.py,1099,run_condensed_propagation,dict_get,postOnsetQEchem_W_per_m3,[],코드 기본값; 실행 활성/단위는 문맥 확인
python/ecsp_nsga2/propagation.py,1102,run_condensed_propagation,dict_get,postOnsetSaltSink_mol_per_m3_s,[],코드 기본값; 실행 활성/단위는 문맥 확인
python/ecsp_nsga2/propagation.py,1105,run_condensed_propagation,dict_get,postOnsetWaterSink_mol_per_m3_s,[],코드 기본값; 실행 활성/단위는 문맥 확인
python/ecsp_nsga2/propagation.py,1470,run_condensed_propagation,dict_get,initialTemperature_K,298.15,코드 기본값; 실행 활성/단위는 문맥 확인
python/ecsp_nsga2/propagation.py,232,_table_property,dict_get,mode,"""table""",코드 기본값; 실행 활성/단위는 문맥 확인
python/ecsp_nsga2/propagation.py,1109,run_condensed_propagation,dict_get,times_s,[],코드 기본값; 실행 활성/단위는 문맥 확인
python/ecsp_nsga2/propagation.py,1110,run_condensed_propagation,dict_get,qJ_W_per_m3,[],코드 기본값; 실행 활성/단위는 문맥 확인
python/ecsp_nsga2/propagation.py,1111,run_condensed_propagation,dict_get,qEchem_W_per_m3,[],코드 기본값; 실행 활성/단위는 문맥 확인
python/ecsp_nsga2/propagation.py,715,run_condensed_propagation,dict_get,electrical_heating_mode,"""off""",코드 기본값; 실행 활성/단위는 문맥 확인
python/ecsp_nsga2/workflow.py,45,<module>,literal_assignment,OBJECTIVE_NAMES,"[""ignition_delay_s"", ""area_undecomposed_fraction_at_evaluation_time"", ""minimum_ignition_voltage_V"", ""current_congestion""]",정적 리터럴; 물리/수치/운영/진단 혼재
python/ecsp_nsga2/workflow.py,52,<module>,literal_assignment,PROPAGATION_OBJECTIVE_NAMES,"[""final_unreacted_area_fraction"", ""established_time_after_onset_s"", ""negative_mean_regression_velocity_m_per_s"", ""reaction_front_nonuniformity""]",정적 리터럴; 물리/수치/운영/진단 혼재
python/ecsp_nsga2/workflow.py,262,_initial_population,literal_assignment,population,[],정적 리터럴; 물리/수치/운영/진단 혼재
python/ecsp_nsga2/workflow.py,263,_initial_population,literal_assignment,rasters,{},정적 리터럴; 물리/수치/운영/진단 혼재
python/ecsp_nsga2/workflow.py,328,_numerical_violation,literal_assignment,aliases,"{""temperature"": [""maximumTemperatureCapFraction"", ""maximum_temperature_cap_fraction""], ""species"": [""maximumSpeciesLimiterFraction"", ""maximum_species_limiter_fraction""], ""gas"": [""maximumGasCapFraction"", ""maximum_gas_cap_fraction""], ""chemical_rate"": [""maximumChemicalRateCapFraction"", ""maximum_chemical_rate_cap_fraction""]}",정적 리터럴; 물리/수치/운영/진단 혼재
python/ecsp_nsga2/workflow.py,335,_numerical_violation,literal_assignment,total,0.0,정적 리터럴; 물리/수치/운영/진단 혼재
python/ecsp_nsga2/workflow.py,475,_evaluate_population,literal_assignment,pending,[],정적 리터럴; 물리/수치/운영/진단 혼재
python/ecsp_nsga2/workflow.py,537,_write_population_csv,literal_assignment,rows,[],정적 리터럴; 물리/수치/운영/진단 혼재
python/ecsp_nsga2/workflow.py,642,_offspring,literal_assignment,children,[],정적 리터럴; 물리/수치/운영/진단 혼재
python/ecsp_nsga2/workflow.py,643,_offspring,literal_assignment,rasters,{},정적 리터럴; 물리/수치/운영/진단 혼재
python/ecsp_nsga2/workflow.py,766,_evaluate_area_matched_staggered,literal_assignment,individual.metrics['included_in_nsga2_population'],false,정적 리터럴; 물리/수치/운영/진단 혼재
python/ecsp_nsga2/workflow.py,767,_evaluate_area_matched_staggered,literal_assignment,individual.metrics['included_in_final_pareto_front'],false,정적 리터럴; 물리/수치/운영/진단 혼재
python/ecsp_nsga2/workflow.py,768,_evaluate_area_matched_staggered,literal_assignment,individual.metrics['selection_role'],"""post_optimization_reference_only""",정적 리터럴; 물리/수치/운영/진단 혼재
python/ecsp_nsga2/workflow.py,901,_write_area_matched_staggered_comparison,literal_assignment,improvement,{},정적 리터럴; 물리/수치/운영/진단 혼재
python/ecsp_nsga2/workflow.py,1191,_validate_handoff_reevaluation,literal_assignment,tolerances,"{""ignition_delay_s"": [1e-12, 0.0], ""remaining_reactive_mass_fraction"": [1e-08, 2e-06], ""current_congestion"": [0.0002, 0.0005]}",정적 리터럴; 물리/수치/운영/진단 혼재
python/ecsp_nsga2/workflow.py,1196,_validate_handoff_reevaluation,literal_assignment,deltas,{},정적 리터럴; 물리/수치/운영/진단 혼재
python/ecsp_nsga2/workflow.py,1197,_validate_handoff_reevaluation,literal_assignment,inconsistent,[],정적 리터럴; 물리/수치/운영/진단 혼재
python/ecsp_nsga2/workflow.py,1369,_write_propagation_comparison,literal_assignment,rows,[],정적 리터럴; 물리/수치/운영/진단 혼재
python/ecsp_nsga2/workflow.py,1370,_write_propagation_comparison,literal_assignment,directions,"{""final_unreacted_area_fraction"": ""minimise"", ""established_time_after_onset_s"": ""minimise"", ""mean_regression_velocity_m_per_s"": ""maximise"", ""reaction_front_nonuniformity"": ""minimise""}",정적 리터럴; 물리/수치/운영/진단 혼재
python/ecsp_nsga2/workflow.py,1503,_finalise_with_propagation,literal_assignment,refined,[],정적 리터럴; 물리/수치/운영/진단 혼재
python/ecsp_nsga2/workflow.py,1505,_finalise_with_propagation,literal_assignment,prepared,[],정적 리터럴; 물리/수치/운영/진단 혼재
python/ecsp_nsga2/workflow.py,1506,_finalise_with_propagation,literal_assignment,handoff_payloads,[],정적 리터럴; 물리/수치/운영/진단 혼재
python/ecsp_nsga2/workflow.py,1818,run,literal_assignment,stagnant,0,정적 리터럴; 물리/수치/운영/진단 혼재
python/ecsp_nsga2/workflow.py,97,__init__,dict_get,project,{},코드 기본값; 실행 활성/단위는 문맥 확인
python/ecsp_nsga2/workflow.py,161,__init__,dict_setdefault,end_time_s,"""EXPRESSION: self.end_time_s""",코드 기본값; 실행 활성/단위는 문맥 확인
python/ecsp_nsga2/workflow.py,162,__init__,dict_setdefault,device,"""EXPRESSION: project.get('device', 'auto')""",코드 기본값; 실행 활성/단위는 문맥 확인
python/ecsp_nsga2/workflow.py,163,__init__,dict_setdefault,voltage_V,"""EXPRESSION: self.config.get('physics', {}).get('voltage_V', 260.0)""",코드 기본값; 실행 활성/단위는 문맥 확인
python/ecsp_nsga2/workflow.py,266,_initial_population,literal_assignment,accepted,0,정적 리터럴; 물리/수치/운영/진단 혼재
python/ecsp_nsga2/workflow.py,267,_initial_population,literal_assignment,attempt,0,정적 리터럴; 물리/수치/운영/진단 혼재
python/ecsp_nsga2/workflow.py,268,_initial_population,literal_assignment,best_invalid,[],정적 리터럴; 물리/수치/운영/진단 혼재
python/ecsp_nsga2/workflow.py,327,_numerical_violation,dict_get,numerical_cap_thresholds,{},코드 기본값; 실행 활성/단위는 문맥 확인
python/ecsp_nsga2/workflow.py,362,_numerical_violation,dict_get,converged,"""EXPRESSION: metrics.get('solverConverged', False)""",코드 기본값; 실행 활성/단위는 문맥 확인
python/ecsp_nsga2/workflow.py,380,_apply_raw_metrics,literal_assignment,ignition_violation,0.0,정적 리터럴; 물리/수치/운영/진단 혼재
python/ecsp_nsga2/workflow.py,381,_apply_raw_metrics,literal_assignment,temperature_shortfall,0.0,정적 리터럴; 물리/수치/운영/진단 혼재
python/ecsp_nsga2/workflow.py,490,_evaluate_population,literal_assignment,payload,[],정적 리터럴; 물리/수치/운영/진단 혼재
python/ecsp_nsga2/workflow.py,634,_offspring,dict_get,offspring_fractions,"{""crossover"": 0.6, ""mutation"": 0.25, ""new_grammar"": 0.15}",코드 기본값; 실행 활성/단위는 문맥 확인
python/ecsp_nsga2/workflow.py,682,_area_matched_staggered_enabled,dict_get,area_matched_staggered,{},코드 기본값; 실행 활성/단위는 문맥 확인
python/ecsp_nsga2/workflow.py,690,_recommended_area_match_target,literal_assignment,metric_pairs,"[[""anodeContactAreaFraction"", ""cathodeContactAreaFraction"", ""recommended_physics_grid_contact_area""], [""anode_contact_area_fraction"", ""cathode_contact_area_fraction"", ""recommended_physics_grid_contact_area""]]",정적 리터럴; 물리/수치/운영/진단 혼재
python/ecsp_nsga2/workflow.py,729,_evaluate_area_matched_staggered,dict_get,area_matched_staggered,{},코드 기본값; 실행 활성/단위는 문맥 확인
python/ecsp_nsga2/workflow.py,731,_evaluate_area_matched_staggered,literal_assignment,cfg,{},정적 리터럴; 물리/수치/운영/진단 혼재
python/ecsp_nsga2/workflow.py,868,_comparison_record,literal_assignment,raw_unpenalized,true,정적 리터럴; 물리/수치/운영/진단 혼재
python/ecsp_nsga2/workflow.py,871,_comparison_record,literal_assignment,raw_unpenalized,false,정적 리터럴; 물리/수치/운영/진단 혼재
python/ecsp_nsga2/workflow.py,973,_select_propagation_candidates,dict_get,selection,{},코드 기본값; 실행 활성/단위는 문맥 확인
python/ecsp_nsga2/workflow.py,975,_select_propagation_candidates,literal_assignment,cfg,{},정적 리터럴; 물리/수치/운영/진단 혼재
python/ecsp_nsga2/workflow.py,1029,_select_propagation_candidates,literal_assignment,ind.metrics['propagation_selection_role'],"""preflame_pareto""",정적 리터럴; 물리/수치/운영/진단 혼재
python/ecsp_nsga2/workflow.py,1031,_select_propagation_candidates,literal_assignment,ind.metrics['propagation_selection_role'],"""near_pareto_max_geometry_diversity""",정적 리터럴; 물리/수치/운영/진단 혼재
python/ecsp_nsga2/workflow.py,1035,_select_propagation_candidates,literal_assignment,ind.metrics['propagation_selected'],true,정적 리터럴; 물리/수치/운영/진단 혼재
python/ecsp_nsga2/workflow.py,1083,_resolved_propagation_config,literal_assignment,numerical_quality,{},정적 리터럴; 물리/수치/운영/진단 혼재
python/ecsp_nsga2/workflow.py,1084,_resolved_propagation_config,dict_setdefault,maximum_thermal_stability_cfl,"""EXPRESSION: float(numerical_quality.get('maximumExplicitThermalCFL', numerical_quality.get('maximumDiffusiveCFLFraction', 1.0)))""",코드 기본값; 실행 활성/단위는 문맥 확인
python/ecsp_nsga2/workflow.py,1109,_resolved_propagation_config,dict_setdefault,maximum_temperature_cap_fraction,0.0,코드 기본값; 실행 활성/단위는 문맥 확인
python/ecsp_nsga2/workflow.py,1121,_resolved_propagation_config,literal_assignment,cap_thresholds,{},정적 리터럴; 물리/수치/운영/진단 혼재
python/ecsp_nsga2/workflow.py,1122,_resolved_propagation_config,dict_setdefault,maximum_chemical_rate_cap_fraction,"""EXPRESSION: float(cap_thresholds.get('chemical_rate', 0.0))""",코드 기본값; 실행 활성/단위는 문맥 확인
python/ecsp_nsga2/workflow.py,1173,_validate_handoff_reevaluation,dict_get,metrics,{},코드 기본값; 실행 활성/단위는 문맥 확인
python/ecsp_nsga2/workflow.py,1533,_finalise_with_propagation,dict_get,execution,{},코드 기본값; 실행 활성/단위는 문맥 확인
python/ecsp_nsga2/workflow.py,1535,_finalise_with_propagation,literal_assignment,execution_cfg,{},정적 리터럴; 물리/수치/운영/진단 혼재
python/ecsp_nsga2/workflow.py,1574,_finalise_with_propagation,literal_assignment,ready,[],정적 리터럴; 물리/수치/운영/진단 혼재
python/ecsp_nsga2/workflow.py,1615,_finalise_with_propagation,dict_get,compare_backends,false,코드 기본값; 실행 활성/단위는 문맥 확인
python/ecsp_nsga2/workflow.py,98,__init__,dict_get,seed,20260827,코드 기본값; 실행 활성/단위는 문맥 확인
python/ecsp_nsga2/workflow.py,101,__init__,dict_get,optimization,{},코드 기본값; 실행 활성/단위는 문맥 확인
python/ecsp_nsga2/workflow.py,107,__init__,dict_get,population_size,1000,코드 기본값; 실행 활성/단위는 문맥 확인
python/ecsp_nsga2/workflow.py,108,__init__,dict_get,generations,5,코드 기본값; 실행 활성/단위는 문맥 확인
python/ecsp_nsga2/workflow.py,109,__init__,dict_get,end_time_s,2.0,코드 기본값; 실행 활성/단위는 문맥 확인
python/ecsp_nsga2/workflow.py,110,__init__,dict_get,no_ignition_penalty_s,2.0,코드 기본값; 실행 활성/단위는 문맥 확인
python/ecsp_nsga2/workflow.py,112,__init__,dict_get,no_ignition_constraint_violation,1.0,코드 기본값; 실행 활성/단위는 문맥 확인
python/ecsp_nsga2/workflow.py,115,__init__,dict_get,minimum_no_ignition_violation,1e-06,코드 기본값; 실행 활성/단위는 문맥 확인
python/ecsp_nsga2/workflow.py,117,__init__,dict_get,minimum_ignition_voltage_search,{},코드 기본값; 실행 활성/단위는 문맥 확인
python/ecsp_nsga2/workflow.py,119,__init__,dict_get,voltage_V,260.0,코드 기본값; 실행 활성/단위는 문맥 확인
python/ecsp_nsga2/workflow.py,127,__init__,dict_get,vmin_invalid_search_constraint_violation,1.0,코드 기본값; 실행 활성/단위는 문맥 확인
python/ecsp_nsga2/workflow.py,154,__init__,dict_get,condensed_ignition,{},코드 기본값; 실행 활성/단위는 문맥 확인
python/ecsp_nsga2/workflow.py,156,__init__,dict_get,onset_temperature_K,622.15,코드 기본값; 실행 활성/단위는 문맥 확인
python/ecsp_nsga2/workflow.py,160,__init__,dict_get,evaluator,{},코드 기본값; 실행 활성/단위는 문맥 확인
python/ecsp_nsga2/workflow.py,162,__init__,dict_get,device,"""auto""",코드 기본값; 실행 활성/단위는 문맥 확인
python/ecsp_nsga2/workflow.py,163,__init__,dict_get,voltage_V,260.0,코드 기본값; 실행 활성/단위는 문맥 확인
python/ecsp_nsga2/workflow.py,173,__init__,dict_get,bcGlobal,{},코드 기본값; 실행 활성/단위는 문맥 확인
python/ecsp_nsga2/workflow.py,193,__init__,dict_get,propagation_refinement,{},코드 기본값; 실행 활성/단위는 문맥 확인
python/ecsp_nsga2/workflow.py,194,__init__,dict_get,enabled,false,코드 기본값; 실행 활성/단위는 문맥 확인
python/ecsp_nsga2/workflow.py,197,__init__,dict_get,post_onset,{},코드 기본값; 실행 활성/단위는 문맥 확인
python/ecsp_nsga2/workflow.py,254,_initial_population,dict_get,initial_topologies,20,코드 기본값; 실행 활성/단위는 문맥 확인
python/ecsp_nsga2/workflow.py,255,_initial_population,dict_get,variants_per_topology,50,코드 기본값; 실행 활성/단위는 문맥 확인
python/ecsp_nsga2/workflow.py,362,_numerical_violation,dict_get,solverConverged,false,코드 기본값; 실행 활성/단위는 문맥 확인
python/ecsp_nsga2/workflow.py,375,_apply_raw_metrics,dict_get,ignition_success,false,코드 기본값; 실행 활성/단위는 문맥 확인
python/ecsp_nsga2/workflow.py,377,_apply_raw_metrics,dict_get,require_ignition_for_feasibility,true,코드 기본값; 실행 활성/단위는 문맥 확인
python/ecsp_nsga2/workflow.py,437,_apply_raw_metrics,dict_get,minimumIgnitionVoltageSearchValid,false,코드 기본값; 실행 활성/단위는 문맥 확인
python/ecsp_nsga2/workflow.py,484,_evaluate_population,literal_assignment,ind.metrics['physics_skipped'],"""manufacturability_constraint""",정적 리터럴; 물리/수치/운영/진단 혼재
python/ecsp_nsga2/workflow.py,568,_make_child,dict_get,offspring_generation_attempts,40,코드 기본값; 실행 활성/단위는 문맥 확인
python/ecsp_nsga2/workflow.py,576,_make_child,literal_assignment,role,"""crossover""",정적 리터럴; 물리/수치/운영/진단 혼재
python/ecsp_nsga2/workflow.py,701,_recommended_area_match_target,dict_get,geometry_descriptors,{},코드 기본값; 실행 활성/단위는 문맥 확인
python/ecsp_nsga2/workflow.py,873,_comparison_record,dict_get,numerical_constraint_violation,0.0,코드 기본값; 실행 활성/단위는 문맥 확인
python/ecsp_nsga2/workflow.py,876,_comparison_record,dict_get,minimumIgnitionVoltageSearchValid,false,코드 기본값; 실행 활성/단위는 문맥 확인
python/ecsp_nsga2/workflow.py,985,_select_propagation_candidates,dict_get,additional_fraction,0.15,코드 기본값; 실행 활성/단위는 문맥 확인
python/ecsp_nsga2/workflow.py,1042,_resolved_propagation_config,dict_get,geometry,{},코드 기본값; 실행 활성/단위는 문맥 확인
python/ecsp_nsga2/workflow.py,1047,_resolved_propagation_config,dict_get,thermal,{},코드 기본값; 실행 활성/단위는 문맥 확인
python/ecsp_nsga2/workflow.py,1075,_resolved_propagation_config,dict_get,surfaceLayerThickness_m,0.001,코드 기본값; 실행 활성/단위는 문맥 확인
python/ecsp_nsga2/workflow.py,1078,_resolved_propagation_config,dict_get,numericalQuality,{},코드 기본값; 실행 활성/단위는 문맥 확인
python/ecsp_nsga2/workflow.py,1094,_resolved_propagation_config,dict_get,transport,{},코드 기본값; 실행 활성/단위는 문맥 확인
python/ecsp_nsga2/workflow.py,1111,_resolved_propagation_config,dict_get,optimization,{},코드 기본값; 실행 활성/단위는 문맥 확인
python/ecsp_nsga2/workflow.py,1116,_resolved_propagation_config,dict_get,numerical_cap_thresholds,{},코드 기본값; 실행 활성/단위는 문맥 확인
python/ecsp_nsga2/workflow.py,1270,_run_propagation_refinement,dict_get,bcGlobal,{},코드 기본값; 실행 활성/단위는 문맥 확인
python/ecsp_nsga2/workflow.py,1283,_run_propagation_refinement,literal_assignment,consistency,"{""preflameHandoffReevaluationConsistent"": null}",정적 리터럴; 물리/수치/운영/진단 혼재
python/ecsp_nsga2/workflow.py,1311,_run_propagation_refinement,dict_setdefault,propagationDirectory,"""EXPRESSION: str(output_dir / post_cfg.get('backend', 'condensed_propagation'))""",코드 기본값; 실행 활성/단위는 문맥 확인
python/ecsp_nsga2/workflow.py,1384,_write_propagation_comparison,literal_assignment,ai_better,false,정적 리터럴; 물리/수치/운영/진단 혼재
python/ecsp_nsga2/workflow.py,1819,run,dict_get,early_stop_patience,2,코드 기본값; 실행 활성/단위는 문맥 확인
python/ecsp_nsga2/workflow.py,1820,run,dict_get,early_stop_min_improvement,0.001,코드 기본값; 실행 활성/단위는 문맥 확인
python/ecsp_nsga2/workflow.py,1833,run,literal_assignment,stagnant,0,정적 리터럴; 물리/수치/운영/진단 혼재
python/ecsp_nsga2/workflow.py,122,__init__,dict_get,upper_bound_V,"""EXPRESSION: self.reference_voltage_V""",코드 기본값; 실행 활성/단위는 문맥 확인
python/ecsp_nsga2/workflow.py,158,__init__,dict_get,physics_batch_size,32,코드 기본값; 실행 활성/단위는 문맥 확인
python/ecsp_nsga2/workflow.py,159,__init__,dict_get,geometry,{},코드 기본값; 실행 활성/단위는 문맥 확인
python/ecsp_nsga2/workflow.py,189,__init__,dict_get,initialTemperature_K,298.15,코드 기본값; 실행 활성/단위는 문맥 확인
python/ecsp_nsga2/workflow.py,382,_apply_raw_metrics,dict_get,continuous_ignition_constraint,true,코드 기본값; 실행 활성/단위는 문맥 확인
python/ecsp_nsga2/workflow.py,581,_make_child,literal_assignment,role,"""mutation""",정적 리터럴; 물리/수치/운영/진단 혼재
python/ecsp_nsga2/workflow.py,682,_area_matched_staggered_enabled,dict_get,baselines,{},코드 기본값; 실행 활성/단위는 문맥 확인
python/ecsp_nsga2/workflow.py,683,_area_matched_staggered_enabled,dict_get,enabled,true,코드 기본값; 실행 활성/단위는 문맥 확인
python/ecsp_nsga2/workflow.py,729,_evaluate_area_matched_staggered,dict_get,baselines,{},코드 기본값; 실행 활성/단위는 문맥 확인
python/ecsp_nsga2/workflow.py,890,_comparison_record,dict_get,ignition_success,false,코드 기본값; 실행 활성/단위는 문맥 확인
python/ecsp_nsga2/workflow.py,977,_select_propagation_candidates,dict_get,maximum_pareto_candidates,"""EXPRESSION: len(front)""",코드 기본값; 실행 활성/단위는 문맥 확인
python/ecsp_nsga2/workflow.py,988,_select_propagation_candidates,dict_get,minimum_additional_candidates,0,코드 기본값; 실행 활성/단위는 문맥 확인
python/ecsp_nsga2/workflow.py,995,_select_propagation_candidates,dict_get,maximum_total_candidates,"""EXPRESSION: len(pareto_selected) + requested_additional""",코드 기본값; 실행 활성/단위는 문맥 확인
python/ecsp_nsga2/workflow.py,1001,_select_propagation_candidates,dict_get,maximum_near_pareto_rank,3,코드 기본값; 실행 활성/단위는 문맥 확인
python/ecsp_nsga2/workflow.py,1087,_resolved_propagation_config,dict_get,maximumExplicitThermalCFL,"""EXPRESSION: numerical_quality.get('maximumDiffusiveCFLFraction', 1.0)""",코드 기본값; 실행 활성/단위는 문맥 확인
python/ecsp_nsga2/workflow.py,1124,_resolved_propagation_config,dict_get,chemical_rate,0.0,코드 기본값; 실행 활성/단위는 문맥 확인
python/ecsp_nsga2/workflow.py,1138,_propagation_metadata,dict_get,propagation_selection_role,"""post_optimization_propagation_refinement""",코드 기본값; 실행 활성/단위는 문맥 확인
python/ecsp_nsga2/workflow.py,1185,_validate_handoff_reevaluation,dict_get,peakCurrentCongestionToEvaluationTime,"""EXPRESSION: rerun.get('peakCurrentCongestion')""",코드 기본값; 실행 활성/단위는 문맥 확인
python/ecsp_nsga2/workflow.py,1259,_run_propagation_refinement,dict_get,handoffPreparationFailed,false,코드 기본값; 실행 활성/단위는 문맥 확인
python/ecsp_nsga2/workflow.py,1275,_run_propagation_refinement,dict_get,onsetSucceeded,false,코드 기본값; 실행 활성/단위는 문맥 확인
python/ecsp_nsga2/workflow.py,1345,_propagation_comparison_record,dict_get,finalUnreactedAreaFraction,1.0,코드 기본값; 실행 활성/단위는 문맥 확인
python/ecsp_nsga2/workflow.py,1348,_propagation_comparison_record,dict_get,establishedTimeAfterOnset_s,"""EXPRESSION: float('nan')""",코드 기본값; 실행 활성/단위는 문맥 확인
python/ecsp_nsga2/workflow.py,1351,_propagation_comparison_record,dict_get,meanEffectiveRegressionVelocity_m_per_s,0.0,코드 기본값; 실행 활성/단위는 문맥 확인
python/ecsp_nsga2/workflow.py,1354,_propagation_comparison_record,dict_get,reactionFrontNonuniformity,"""EXPRESSION: float('nan')""",코드 기본값; 실행 활성/단위는 문맥 확인
python/ecsp_nsga2/workflow.py,1357,_propagation_comparison_record,dict_get,propagationSucceeded,false,코드 기본값; 실행 활성/단위는 문맥 확인
python/ecsp_nsga2/workflow.py,1496,_finalise_with_propagation,dict_get,selection,{},코드 기본값; 실행 활성/단위는 문맥 확인
python/ecsp_nsga2/workflow.py,1536,_finalise_with_propagation,dict_get,parallel_cases,1,코드 기본값; 실행 활성/단위는 문맥 확인
python/ecsp_nsga2/workflow.py,109,__init__,dict_get,physics,{},코드 기본값; 실행 활성/단위는 문맥 확인
python/ecsp_nsga2/workflow.py,119,__init__,dict_get,physics,{},코드 기본값; 실행 활성/단위는 문맥 확인
python/ecsp_nsga2/workflow.py,123,__init__,dict_get,upper_bound_V,"""EXPRESSION: self.reference_voltage_V""",코드 기본값; 실행 활성/단위는 문맥 확인
python/ecsp_nsga2/workflow.py,163,__init__,dict_get,physics,{},코드 기본값; 실행 활성/단위는 문맥 확인
python/ecsp_nsga2/workflow.py,452,_apply_raw_metrics,dict_get,peakMaximumTemperature_K,"""EXPRESSION: float('nan')""",코드 기본값; 실행 활성/단위는 문맥 확인
python/ecsp_nsga2/workflow.py,591,_make_child,literal_assignment,role,"""new_grammar_immigrant""",정적 리터럴; 물리/수치/운영/진단 혼재
python/ecsp_nsga2/workflow.py,626,_offspring,dict_get,mating_performance_count,70,코드 기본값; 실행 활성/단위는 문맥 확인
python/ecsp_nsga2/workflow.py,627,_offspring,dict_get,mating_topology_count,20,코드 기본값; 실행 활성/단위는 문맥 확인
python/ecsp_nsga2/workflow.py,628,_offspring,dict_get,mating_diversity_count,10,코드 기본값; 실행 활성/단위는 문맥 확인
python/ecsp_nsga2/workflow.py,740,_evaluate_area_matched_staggered,dict_get,fingers_per_polarity,2,코드 기본값; 실행 활성/단위는 문맥 확인
python/ecsp_nsga2/workflow.py,742,_evaluate_area_matched_staggered,dict_get,target_interdigitation_overlap_fraction,0.5,코드 기본값; 실행 활성/단위는 문맥 확인
python/ecsp_nsga2/workflow.py,745,_evaluate_area_matched_staggered,dict_get,minimum_interdigitation_overlap_fraction,0.45,코드 기본값; 실행 활성/단위는 문맥 확인
python/ecsp_nsga2/workflow.py,748,_evaluate_area_matched_staggered,dict_get,maximum_gap_safety_pixels,8,코드 기본값; 실행 활성/단위는 문맥 확인
python/ecsp_nsga2/workflow.py,812,_evaluate_area_matched_staggered,dict_get,ignition_success,false,코드 기본값; 실행 활성/단위는 문맥 확인
python/ecsp_nsga2/workflow.py,1047,_resolved_propagation_config,dict_get,bcGlobal,{},코드 기본값; 실행 활성/단위는 문맥 확인
python/ecsp_nsga2/workflow.py,1089,_resolved_propagation_config,dict_get,maximumDiffusiveCFLFraction,1.0,코드 기본값; 실행 활성/단위는 문맥 확인
python/ecsp_nsga2/workflow.py,1308,_run_propagation_refinement,dict_get,onsetSucceeded,false,코드 기본값; 실행 활성/단위는 문맥 확인
python/ecsp_nsga2/workflow.py,1556,refine_one,dict_get,propagationSucceeded,false,코드 기본값; 실행 활성/단위는 문맥 확인
python/ecsp_nsga2/workflow.py,1577,_finalise_with_propagation,dict_get,handoffPreparationFailed,false,코드 기본값; 실행 활성/단위는 문맥 확인
python/ecsp_nsga2/workflow.py,1579,_finalise_with_propagation,dict_get,onsetSucceeded,false,코드 기본값; 실행 활성/단위는 문맥 확인
python/ecsp_nsga2/workflow.py,1591,_finalise_with_propagation,dict_get,bcGlobal,{},코드 기본값; 실행 활성/단위는 문맥 확인
python/ecsp_nsga2/workflow.py,189,__init__,dict_get,thermal,{},코드 기본값; 실행 활성/단위는 문맥 확인
python/ecsp_nsga2/workflow.py,637,_offspring,dict_get,crossover,0.6,코드 기본값; 실행 활성/단위는 문맥 확인
python/ecsp_nsga2/workflow.py,638,_offspring,dict_get,mutation,0.25,코드 기본값; 실행 활성/단위는 문맥 확인
python/ecsp_nsga2/workflow.py,827,_evaluate_area_matched_staggered,dict_get,voltage_V,260.0,코드 기본값; 실행 활성/단위는 문맥 확인
python/ecsp_nsga2/workflow.py,924,_write_area_matched_staggered_comparison,dict_get,comparison_metric_valid,false,코드 기본값; 실행 활성/단위는 문맥 확인
python/ecsp_nsga2/workflow.py,925,_write_area_matched_staggered_comparison,dict_get,comparison_metric_valid,false,코드 기본값; 실행 활성/단위는 문맥 확인
python/ecsp_nsga2/workflow.py,1157,_propagation_metadata,dict_get,area_match_target_per_polarity,"""EXPRESSION: self.limits.target_area_fraction_per_polarity""",코드 기본값; 실행 활성/단위는 문맥 확인
python/ecsp_nsga2/workflow.py,1289,_run_propagation_refinement,dict_get,backend,"""condensed_propagation""",코드 기본값; 실행 활성/단위는 문맥 확인
python/ecsp_nsga2/workflow.py,1289,_run_propagation_refinement,dict_get,compare_backends,false,코드 기본값; 실행 활성/단위는 문맥 확인
python/ecsp_nsga2/workflow.py,1311,_run_propagation_refinement,dict_get,backend,"""condensed_propagation""",코드 기본값; 실행 활성/단위는 문맥 확인
python/ecsp_nsga2/workflow.py,1322,_run_propagation_refinement,dict_get,duration_s,1.0,코드 기본값; 실행 활성/단위는 문맥 확인
python/ecsp_nsga2/workflow.py,1328,_run_propagation_refinement,dict_get,continued_electrical_heating,true,코드 기본값; 실행 활성/단위는 문맥 확인
python/ecsp_nsga2/workflow.py,1447,_load_persisted_baseline_raster,dict_get,geometry_descriptors,{},코드 기본값; 실행 활성/단위는 문맥 확인
python/ecsp_nsga2/workflow.py,1450,_load_persisted_baseline_raster,dict_get,geometry_violation_details,{},코드 기본값; 실행 활성/단위는 문맥 확인
python/ecsp_nsga2/workflow.py,1745,_finalise,dict_get,ignition_success,false,코드 기본값; 실행 활성/단위는 문맥 확인
python/ecsp_nsga2/workflow.py,383,_apply_raw_metrics,dict_get,modelStatus,"""""",코드 기본값; 실행 활성/단위는 문맥 확인
python/ecsp_nsga2/workflow.py,517,_evaluate_population,dict_get,physicsRejected,false,코드 기본값; 실행 활성/단위는 문맥 확인
python/ecsp_nsga2/workflow.py,1264,_run_propagation_refinement,dict_get,handoffPreparationFailure,"""unknown candidate failure""",코드 기본값; 실행 활성/단위는 문맥 확인
python/ecsp_nsga2/workflow.py,1860,run,dict_get,compare_backends,false,코드 기본값; 실행 활성/단위는 문맥 확인
python/ecsp_nsga2/workflow.py,1867,run,dict_get,compare_backends,false,코드 기본값; 실행 활성/단위는 문맥 확인
python/ecsp_nsga2/workflow.py,225,_save_effective_config,dict_get,backend,"""""",코드 기본값; 실행 활성/단위는 문맥 확인
python/ecsp_nsga2/workflow.py,518,_evaluate_population,dict_get,numerical_constraint_violation,0.0,코드 기본값; 실행 활성/단위는 문맥 확인
python/ecsp_nsga2/workflow.py,827,_evaluate_area_matched_staggered,dict_get,physics,{},코드 기본값; 실행 활성/단위는 문맥 확인
python/ecsp_nsga2/workflow.py,1578,_finalise_with_propagation,dict_get,handoffPreparationFailure,"""handoff failed""",코드 기본값; 실행 활성/단위는 문맥 확인
python/ecsp_nsga2/workflow.py,225,_save_effective_config,dict_get,evaluator,{},코드 기본값; 실행 활성/단위는 문맥 확인
python/ecsp_nsga2/workflow.py,1855,run,dict_get,backend,"""""",코드 기본값; 실행 활성/단위는 문맥 확인
python/ecsp_nsga2/workflow.py,1855,run,dict_get,evaluator,{},코드 기본값; 실행 활성/단위는 문맥 확인
python/ecsp_nsga2/workflow.py,91,__init__,function_default,allow_debug_physics,false,함수 기본 인수; 호출별 override 가능
python/ecsp_nsga2/workflow.py,535,_write_population_csv,function_default,objective_names,"""EXPRESSION: OBJECTIVE_NAMES""",함수 기본 인수; 호출별 override 가능
python/ecsp_nsga2/workflow.py,715,_evaluate_area_matched_staggered,function_default,recommendation,null,함수 기본 인수; 호출별 override 가능
python/ecsp_nsga2/workflow.py,1542,refine_one,function_default,precomputed_result,null,함수 기본 인수; 호출별 override 가능
python/ecsp_reactive/__init__.py,55,<module>,literal_assignment,__all__,"[""ArrheniusReaction"", ""BoundaryCondition2D"", ""BoundaryType"", ""ElectricalSourceFields"", ""FluxDiagnostics"", ""IdealGasEOS"", ""MaterialLevelSet"", ""MPIRowDomain"", ""NormalRegressionResult"", ""NormalSamplingFrame"", ""PrimitiveState"", ""ReactiveCaseConfig"", ""ReactiveResult"", ""ReactiveSolver"", ""ReinitializationConfig"", ""SolidThermalModel"", ""SurfaceContactGeometry"", ""TaitEOS"", ""advect_material_level_set"", ""add_outflow_row_halos"", ""add_periodic_row_halos"", ""all_row_partitions"", ""arrhenius_rate"", ""axis_aligned_sampling_frame"", ""canonical_bool_mask"", ""cfl_time_step"", ""conservative_to_primitive"", ""evaluate_species_threshold_sensitivity"", ""finite_volume_rhs"", ""flux_x"", ""flux_y"", ""hll_flux"", ""interface_fluxes"", ""joule_heating_sigma_e2"", ""load_reactive_config"", ""max_signal_speed"", ""parse_reactive_config"", ""physical_state_mask"", ""primitive_to_conservative"", ""reaction_source"", ""row_partition"", ""run_reactive_case"", ""solid_thermal_rhs"", ""ssprk3_step"", ""surface_heat_flux_to_volume"", ""track_species_isofront_motion"", ""weno5_js_reconstruct""]",정적 리터럴; 물리/수치/운영/진단 혼재
python/ecsp_reactive/cli.py,23,_finite_error_json,literal_assignment,active,"""set()""",정적 리터럴; 물리/수치/운영/진단 혼재
python/ecsp_reactive/cli.py,41,convert,literal_assignment,output,{},정적 리터럴; 물리/수치/운영/진단 혼재
python/ecsp_reactive/cli.py,103,main,function_default,argv,null,함수 기본 인수; 호출별 override 가능
python/ecsp_reactive/condensed/__init__.py,9,<module>,literal_assignment,__all__,"[""BCReactiveHandoffAdapter"", ""BCReactiveSolver"", ""run_reactive_propagation""]",정적 리터럴; 물리/수치/운영/진단 혼재
python/ecsp_reactive/condensed/chemistry.py,15,<module>,literal_assignment,NCONS,12,정적 리터럴; 물리/수치/운영/진단 혼재
python/ecsp_reactive/condensed/chemistry.py,16,<module>,literal_assignment,STATE_NAMES,"[""rho_kg_per_m3"", ""rho_u"", ""rho_v"", ""rho_E_J_per_m3"", ""rho_alpha1"", ""rho_alpha2"", ""cation_mol_per_m3"", ""anion_mol_per_m3"", ""mobile_water_mol_per_m3"", ""pva_repeat_mol_per_m3"", ""generated_water_product_mol_per_m3"", ""ec_lp_consumed_mol_per_m3""]",정적 리터럴; 물리/수치/운영/진단 혼재
python/ecsp_reactive/condensed/chemistry.py,39,__init__,dict_get,heat_release_basis,"""per_initial_bulk_propellant_channel_contribution""",코드 기본값; 실행 활성/단위는 문맥 확인
python/ecsp_reactive/condensed/chemistry.py,26,__init__,dict_get,maximum_rate_per_s,1000000.0,코드 기본값; 실행 활성/단위는 문맥 확인
python/ecsp_reactive/condensed/electrical.py,30,__init__,literal_assignment,self.cfg['numerics']['physicsDevice'],"""cpu""",정적 리터럴; 물리/수치/운영/진단 혼재
python/ecsp_reactive/condensed/electrical.py,31,__init__,literal_assignment,self.cfg['numerics']['physicsDtype'],"""float64""",정적 리터럴; 물리/수치/운영/진단 혼재
python/ecsp_reactive/condensed/electrical.py,41,__init__,literal_assignment,self.calls,0,정적 리터럴; 물리/수치/운영/진단 혼재
python/ecsp_reactive/condensed/electrical.py,42,__init__,literal_assignment,self.last_fields,{},정적 리터럴; 물리/수치/운영/진단 혼재
python/ecsp_reactive/condensed/electrical.py,43,__init__,literal_assignment,self.maximum_mismatch,0.0,정적 리터럴; 물리/수치/운영/진단 혼재
python/ecsp_reactive/condensed/electrical.py,85,evaluate,dict_get,useFullNernstPlanckTransport,true,코드 기본값; 실행 활성/단위는 문맥 확인
python/ecsp_reactive/condensed/electrical.py,66,evaluate,dict_get,currentBalanceTolerance,0.005,코드 기본값; 실행 활성/단위는 문맥 확인
python/ecsp_reactive/condensed/electrical.py,28,__init__,dict_get,interface,{},코드 기본값; 실행 활성/단위는 문맥 확인
python/ecsp_reactive/condensed/electrical.py,64,evaluate,dict_get,nonlinearRobinConverged,"""EXPRESSION: torch.tensor([False])""",코드 기본값; 실행 활성/단위는 문맥 확인
python/ecsp_reactive/condensed/finite_volume.py,86,riemann_flux,literal_assignment,star_fallback,0,정적 리터럴; 물리/수치/운영/진단 혼재
python/ecsp_reactive/condensed/finite_volume.py,139,flux_divergence,literal_assignment,fluxes,[],정적 리터럴; 물리/수치/운영/진단 혼재
python/ecsp_reactive/condensed/finite_volume.py,139,flux_divergence,literal_assignment,total_fallback,0,정적 리터럴; 물리/수치/운영/진단 혼재
python/ecsp_reactive/condensed/finite_volume.py,139,flux_divergence,literal_assignment,faces,0,정적 리터럴; 물리/수치/운영/진단 혼재
python/ecsp_reactive/condensed/finite_volume.py,139,flux_divergence,literal_assignment,star_fallback,0,정적 리터럴; 물리/수치/운영/진단 혼재
python/ecsp_reactive/condensed/finite_volume.py,144,flux_divergence,literal_assignment,first[axis],0,정적 리터럴; 물리/수치/운영/진단 혼재
python/ecsp_reactive/condensed/finite_volume.py,144,flux_divergence,literal_assignment,last[axis],-1,정적 리터럴; 물리/수치/운영/진단 혼재
python/ecsp_reactive/condensed/finite_volume.py,152,flux_divergence,literal_assignment,face[...],0,정적 리터럴; 물리/수치/운영/진단 혼재
python/ecsp_reactive/condensed/finite_volume.py,49,reconstruct,function_default,epsilon,1e-06,함수 기본 인수; 호출별 override 가능
python/ecsp_reactive/condensed/finite_volume.py,49,reconstruct,function_default,first_order,false,함수 기본 인수; 호출별 override 가능
python/ecsp_reactive/condensed/finite_volume.py,75,riemann_flux,function_default,kind,"""hllc""",함수 기본 인수; 호출별 override 가능
python/ecsp_reactive/condensed/handoff.py,65,adapt,dict_get,preflameElectricalHistoryMayBeReplayed,false,코드 기본값; 실행 활성/단위는 문맥 확인
python/ecsp_reactive/condensed/handoff.py,79,field,function_default,nonnegative,false,함수 기본 인수; 호출별 override 가능
python/ecsp_reactive/condensed/solver.py,89,__init__,literal_assignment,self.concentration_floor,0.0,정적 리터럴; 물리/수치/운영/진단 혼재
python/ecsp_reactive/condensed/solver.py,99,__init__,literal_assignment,self.step_number,0,정적 리터럴; 물리/수치/운영/진단 혼재
python/ecsp_reactive/condensed/solver.py,99,__init__,literal_assignment,self.rejected_steps,0,정적 리터럴; 물리/수치/운영/진단 혼재
python/ecsp_reactive/condensed/solver.py,99,__init__,literal_assignment,self.first_order_steps,0,정적 리터럴; 물리/수치/운영/진단 혼재
python/ecsp_reactive/condensed/solver.py,100,__init__,literal_assignment,self.face_fallbacks,0,정적 리터럴; 물리/수치/운영/진단 혼재
python/ecsp_reactive/condensed/solver.py,100,__init__,literal_assignment,self.faces,0,정적 리터럴; 물리/수치/운영/진단 혼재
python/ecsp_reactive/condensed/solver.py,100,__init__,literal_assignment,self.hllc_fallbacks,0,정적 리터럴; 물리/수치/운영/진단 혼재
python/ecsp_reactive/condensed/solver.py,100,__init__,literal_assignment,self.exact_skipped_steps,0,정적 리터럴; 물리/수치/운영/진단 혼재
python/ecsp_reactive/condensed/solver.py,101,__init__,literal_assignment,self.last_sources,{},정적 리터럴; 물리/수치/운영/진단 혼재
python/ecsp_reactive/condensed/solver.py,102,__init__,literal_assignment,self.max_rate_cap,0.0,정적 리터럴; 물리/수치/운영/진단 혼재
python/ecsp_reactive/condensed/solver.py,102,__init__,literal_assignment,self.max_inventory_limiter,0.0,정적 리터럴; 물리/수치/운영/진단 혼재
python/ecsp_reactive/condensed/solver.py,227,run,literal_assignment,t,0.0,정적 리터럴; 물리/수치/운영/진단 혼재
python/ecsp_reactive/condensed/solver.py,232,run,literal_assignment,arrival[X >= self.front_threshold],0.0,정적 리터럴; 물리/수치/운영/진단 혼재
python/ecsp_reactive/condensed/solver.py,235,run,literal_assignment,history,[],정적 리터럴; 물리/수치/운영/진단 혼재
python/ecsp_reactive/condensed/solver.py,235,run,literal_assignment,snapshots,[],정적 리터럴; 물리/수치/운영/진단 혼재
python/ecsp_reactive/condensed/solver.py,235,run,literal_assignment,snapshot_t,[],정적 리터럴; 물리/수치/운영/진단 혼재
python/ecsp_reactive/condensed/solver.py,236,run,literal_assignment,velocities,[],정적 리터럴; 물리/수치/운영/진단 혼재
python/ecsp_reactive/condensed/solver.py,236,run,literal_assignment,dts,[],정적 리터럴; 물리/수치/운영/진단 혼재
python/ecsp_reactive/condensed/solver.py,237,run,literal_assignment,row0['effective_regression_velocity_m_per_s'],0.0,정적 리터럴; 물리/수치/운영/진단 혼재
python/ecsp_reactive/condensed/solver.py,46,__init__,dict_get,stationary_mechanics_fast_path,true,코드 기본값; 실행 활성/단위는 문맥 확인
python/ecsp_reactive/condensed/solver.py,79,__init__,dict_get,continued_electrical_heating,false,코드 기본값; 실행 활성/단위는 문맥 확인
python/ecsp_reactive/condensed/solver.py,148,rhs,literal_assignment,mismatch,0.0,정적 리터럴; 물리/수치/운영/진단 혼재
python/ecsp_reactive/condensed/solver.py,259,run,literal_assignment,first_order,false,정적 리터럴; 물리/수치/운영/진단 혼재
python/ecsp_reactive/condensed/solver.py,36,__init__,dict_get,snapshot_interval_s,"""EXPRESSION: self.duration / 10""",코드 기본값; 실행 활성/단위는 문맥 확인
python/ecsp_reactive/condensed/solver.py,37,__init__,dict_get,maximum_time_steps,"""EXPRESSION: self.prop.get('maximum_time_steps', 100000)""",코드 기본값; 실행 활성/단위는 문맥 확인
python/ecsp_reactive/condensed/solver.py,39,__init__,dict_get,maximum_step_retries,12,코드 기본값; 실행 활성/단위는 문맥 확인
python/ecsp_reactive/condensed/solver.py,40,__init__,dict_get,cfl,0.35,코드 기본값; 실행 활성/단위는 문맥 확인
python/ecsp_reactive/condensed/solver.py,41,__init__,dict_get,thermal_cfl,0.7,코드 기본값; 실행 활성/단위는 문맥 확인
python/ecsp_reactive/condensed/solver.py,42,__init__,dict_get,maximum_channel_increment,0.02,코드 기본값; 실행 활성/단위는 문맥 확인
python/ecsp_reactive/condensed/solver.py,43,__init__,dict_get,minimum_time_step_s,1e-14,코드 기본값; 실행 활성/단위는 문맥 확인
python/ecsp_reactive/condensed/solver.py,44,__init__,dict_get,boundary,"""reflective""",코드 기본값; 실행 활성/단위는 문맥 확인
python/ecsp_reactive/condensed/solver.py,45,__init__,dict_get,riemann_solver,"""hllc""",코드 기본값; 실행 활성/단위는 문맥 확인
python/ecsp_reactive/condensed/solver.py,50,__init__,dict_get,weno_epsilon,1e-06,코드 기본값; 실행 활성/단위는 문맥 확인
python/ecsp_reactive/condensed/solver.py,51,__init__,dict_get,front_progress_threshold,0.5,코드 기본값; 실행 활성/단위는 문맥 확인
python/ecsp_reactive/condensed/solver.py,52,__init__,dict_get,established_reacted_area_fraction,0.5,코드 기본값; 실행 활성/단위는 문맥 확인
python/ecsp_reactive/condensed/solver.py,53,__init__,dict_get,mass_budget_relative_tolerance,1e-10,코드 기본값; 실행 활성/단위는 문맥 확인
python/ecsp_reactive/condensed/solver.py,54,__init__,dict_get,energy_budget_relative_tolerance,1e-09,코드 기본값; 실행 활성/단위는 문맥 확인
python/ecsp_reactive/condensed/solver.py,66,__init__,dict_get,maximum_history_allocation_bytes,"""EXPRESSION: 2 * 1024 ** 3""",코드 기본값; 실행 활성/단위는 문맥 확인
python/ecsp_reactive/condensed/solver.py,71,__init__,dict_get,ambientTemperature_K,298.15,코드 기본값; 실행 활성/단위는 문맥 확인
python/ecsp_reactive/condensed/solver.py,72,__init__,dict_get,convectionCoefficient_W_per_m2K,0,코드 기본값; 실행 활성/단위는 문맥 확인
python/ecsp_reactive/condensed/solver.py,73,__init__,dict_get,emissivity,0,코드 기본값; 실행 활성/단위는 문맥 확인
python/ecsp_reactive/condensed/solver.py,74,__init__,dict_get,stefanBoltzmann_W_per_m2K4,5.670374419e-08,코드 기본값; 실행 활성/단위는 문맥 확인
python/ecsp_reactive/condensed/solver.py,96,__init__,dict_get,maximum_chemical_rate_cap_fraction,0,코드 기본값; 실행 활성/단위는 문맥 확인
python/ecsp_reactive/condensed/solver.py,37,__init__,dict_get,maximum_time_steps,100000,코드 기본값; 실행 활성/단위는 문맥 확인
python/ecsp_reactive/condensed/solver.py,83,__init__,dict_get,electrical_heating_mode,"""off""",코드 기본값; 실행 활성/단위는 문맥 확인
python/ecsp_reactive/condensed/solver.py,93,__init__,dict_get,concentration_mol_per_m3,1e-12,코드 기본값; 실행 활성/단위는 문맥 확인
python/ecsp_reactive/condensed/solver.py,93,__init__,dict_get,physicalFloors,{},코드 기본값; 실행 활성/단위는 문맥 확인
python/ecsp_reactive/condensed/solver.py,136,rhs,function_default,first_order,false,함수 기본 인수; 호출별 override 가능
python/ecsp_reactive/condensed/solver.py,166,advance,function_default,first_order,false,함수 기본 인수; 호출별 override 가능
python/ecsp_reactive/condensed/tensor_electrical.py,32,__init__,literal_assignment,self.cfg['numerics']['physicsDtype'],"""float64""",정적 리터럴; 물리/수치/운영/진단 혼재
python/ecsp_reactive/condensed/tensor_electrical.py,43,__init__,literal_assignment,self.calls,0,정적 리터럴; 물리/수치/운영/진단 혼재
python/ecsp_reactive/condensed/tensor_electrical.py,44,__init__,literal_assignment,self.last_fields,{},정적 리터럴; 물리/수치/운영/진단 혼재
python/ecsp_reactive/condensed/tensor_electrical.py,62,evaluate,dict_get,nonlinearRobinConverged,"""EXPRESSION: torch.zeros_like(linear, dtype=torch.bool)""",코드 기본값; 실행 활성/단위는 문맥 확인
python/ecsp_reactive/condensed/tensor_electrical.py,74,evaluate,dict_get,useFullNernstPlanckTransport,true,코드 기본값; 실행 활성/단위는 문맥 확인
python/ecsp_reactive/condensed/tensor_electrical.py,64,evaluate,dict_get,currentBalanceTolerance,0.005,코드 기본값; 실행 활성/단위는 문맥 확인
python/ecsp_reactive/condensed/tensor_electrical.py,46,__init__,dict_get,concentration_mol_per_m3,1e-12,코드 기본값; 실행 활성/단위는 문맥 확인
python/ecsp_reactive/condensed/tensor_electrical.py,29,__init__,dict_get,interface,{},코드 기본값; 실행 활성/단위는 문맥 확인
python/ecsp_reactive/condensed/tensor_electrical.py,46,__init__,dict_get,physicalFloors,{},코드 기본값; 실행 활성/단위는 문맥 확인
python/ecsp_reactive/condensed/tensor_math.py,15,<module>,literal_assignment,SPATIAL,"[1, 2]",정적 리터럴; 물리/수치/운영/진단 혼재
python/ecsp_reactive/condensed/tensor_math.py,16,<module>,literal_assignment,RECORD_NAMES,"[""time_after_onset_s"", ""unreacted_area_fraction"", ""mean_global_progress"", ""maximum_temperature_K"", ""maximum_speed_m_per_s"", ""minimum_pressure_Pa"", ""maximum_pressure_Pa"", ""mass_kg"", ""total_energy_J"", ""chemical_reservoir_J"", ""mass_budget_residual_kg"", ""mass_budget_relative_residual"", ""energy_budget_residual_J"", ""energy_budget_relative_residual"", ""energy_plus_chemical_budget_residual_J"", ""joule_energy_J"", ""electrochemical_energy_J"", ""chemical_energy_J"", ""heat_loss_J"", ""net_conduction_energy_J"", ""boundary_mass_in_kg"", ""boundary_energy_in_J"", ""maximum_local_inventory_residual_mol_per_m3"", ""integrated_lp_inventory_residual_mol""]",정적 리터럴; 물리/수치/운영/진단 혼재
python/ecsp_reactive/condensed/tensor_math.py,152,rates,literal_assignment,values,[],정적 리터럴; 물리/수치/운영/진단 혼재
python/ecsp_reactive/condensed/tensor_math.py,293,hydro,literal_assignment,fluxes,[],정적 리터럴; 물리/수치/운영/진단 혼재
python/ecsp_reactive/condensed/tensor_math.py,294,hydro,literal_assignment,faces,0,정적 리터럴; 물리/수치/운영/진단 혼재
python/ecsp_reactive/condensed/tensor_math.py,80,__init__,literal_assignment,self.kmode,"""constant""",정적 리터럴; 물리/수치/운영/진단 혼재
python/ecsp_reactive/condensed/tensor_math.py,82,__init__,dict_get,mode,"""table""",코드 기본값; 실행 활성/단위는 문맥 확인
python/ecsp_reactive/condensed/tensor_math.py,88,__init__,dict_get,activation_energy_J_per_mol,0.0,코드 기본값; 실행 활성/단위는 문맥 확인
python/ecsp_reactive/condensed/tensor_math.py,98,tensor,function_default,dtype,"""EXPRESSION: torch.float64""",함수 기본 인수; 호출별 override 가능
python/ecsp_reactive/condensed/tensor_solver.py,25,validate_execution_config,literal_assignment,allowed,"""{'torch_threads', 'host_reserve', 'backend', 'cuda_graph', 'maximum_batch_working_bytes', 'oom_split_retry', 'device', 'cpu_budget', 'cpu_workers', 'maximum_batch_history_bytes', 'batch_size'}""",정적 리터럴; 물리/수치/운영/진단 혼재
python/ecsp_reactive/condensed/tensor_solver.py,135,run_tensor_solvers,literal_assignment,attempts,0,정적 리터럴; 물리/수치/운영/진단 혼재
python/ecsp_reactive/condensed/tensor_solver.py,196,run_tensor_solvers,literal_assignment,source_names,"[""qJ_W_per_m3"", ""qEchem_W_per_m3"", ""qChem_W_per_m3"", ""loss_W_per_m3"", ""conduction_W_per_m3""]",정적 리터럴; 물리/수치/운영/진단 혼재
python/ecsp_reactive/condensed/tensor_solver.py,197,run_tensor_solvers,literal_assignment,result,[],정적 리터럴; 물리/수치/운영/진단 혼재
python/ecsp_reactive/condensed/tensor_solver.py,223,run_tensor_propagation_batch,literal_assignment,solvers,[],정적 리터럴; 물리/수치/운영/진단 혼재
python/ecsp_reactive/condensed/tensor_solver.py,29,validate_execution_config,dict_setdefault,backend,"""numpy_cpu""",코드 기본값; 실행 활성/단위는 문맥 확인
python/ecsp_reactive/condensed/tensor_solver.py,29,validate_execution_config,dict_setdefault,device,"""cpu""",코드 기본값; 실행 활성/단위는 문맥 확인
python/ecsp_reactive/condensed/tensor_solver.py,131,run_tensor_solvers,literal_assignment,row['effective_regression_velocity_m_per_s'],0.0,정적 리터럴; 물리/수치/운영/진단 혼재
python/ecsp_reactive/condensed/tensor_solver.py,133,run_tensor_solvers,literal_assignment,established[i],0.0,정적 리터럴; 물리/수치/운영/진단 혼재
python/ecsp_reactive/condensed/tensor_solver.py,140,run_tensor_solvers,literal_assignment,active[i],false,정적 리터럴; 물리/수치/운영/진단 혼재
python/ecsp_reactive/condensed/tensor_solver.py,187,run_tensor_solvers,literal_assignment,retry[i],0,정적 리터럴; 물리/수치/운영/진단 혼재
python/ecsp_reactive/condensed/tensor_solver.py,166,run_tensor_solvers,literal_assignment,active[i],false,정적 리터럴; 물리/수치/운영/진단 혼재
python/ecsp_reactive/condensed/tensor_solver.py,191,run_tensor_solvers,literal_assignment,active[i],false,정적 리터럴; 물리/수치/운영/진단 혼재
python/ecsp_reactive/condensed/tensor_solver.py,23,validate_execution_config,function_default,raw,null,함수 기본 인수; 호출별 override 가능
python/ecsp_reactive/condensed/thermo.py,70,__init__,literal_assignment,required,"[""A_Pa"", ""B_Pa"", ""N"", ""provenance""]",정적 리터럴; 물리/수치/운영/진단 혼재
python/ecsp_reactive/condensed/thermo.py,82,__init__,dict_get,initialTemperature_K,298.15,코드 기본값; 실행 활성/단위는 문맥 확인
python/ecsp_reactive/condensed/thermo.py,83,__init__,dict_get,minimumTemperature_K,1.0,코드 기본값; 실행 활성/단위는 문맥 확인
python/ecsp_reactive/condensed/thermo.py,84,__init__,dict_get,maximumTemperature_K,10000.0,코드 기본값; 실행 활성/단위는 문맥 확인
python/ecsp_reactive/condensed/thermo.py,21,__init__,dict_get,mode,"""table""",코드 기본값; 실행 활성/단위는 문맥 확인
python/ecsp_reactive/condensed/thermo.py,23,__init__,dict_get,mode,"""table""",코드 기본값; 실행 활성/단위는 문맥 확인
python/ecsp_reactive/condensed/validation_cases.py,8,synthetic_condensed_case,literal_assignment,"a[:, 0]",true,정적 리터럴; 물리/수치/운영/진단 혼재
python/ecsp_reactive/condensed/validation_cases.py,8,synthetic_condensed_case,literal_assignment,"c[:, -1]",true,정적 리터럴; 물리/수치/운영/진단 혼재
python/ecsp_reactive/condensed/validation_cases.py,22,synthetic_condensed_case,literal_assignment,p,"{""duration_s"": 0.01, ""time_step_s"": 0.001, ""snapshot_interval_s"": 0.005, ""domain_size_m"": 0.02, ""density_kg_per_m3"": 1000.0, ""surface_layer_thickness_m"": 0.001, ""gas_constant_J_per_molK"": 8.31446261815324, ""front_progress_threshold"": 0.5, ""established_reacted_area_fraction"": 0.5, ""continued_electrical_heating"": false, ""electrical_heating_mode"": ""off""}",정적 리터럴; 물리/수치/운영/진단 혼재
python/ecsp_reactive/condensed/validation_cases.py,31,synthetic_condensed_case,literal_assignment,r,"{""eos"": {""A_Pa"": 101325.0, ""B_Pa"": 2000000000.0, ""N"": 7.0, ""provenance"": ""synthetic numerical test not a material calibration""}}",정적 리터럴; 물리/수치/운영/진단 혼재
python/ecsp_reactive/condensed/validation_cases.py,6,synthetic_condensed_case,function_default,shape,"[8, 8]",함수 기본 인수; 호출별 override 가능
python/ecsp_reactive/condensed/validation_cases.py,6,synthetic_condensed_case,function_default,rates,"[0.2, 0.1]",함수 기본 인수; 호출별 override 가능
python/ecsp_reactive/condensed/validation_cases.py,6,synthetic_condensed_case,function_default,heats,"[1000.0, 2000.0]",함수 기본 인수; 호출별 override 가능
python/ecsp_reactive/condensed/validation_cases.py,6,synthetic_condensed_case,function_default,alpha,"[0.2, 0.2]",함수 기본 인수; 호출별 override 가능
python/ecsp_reactive/configuration.py,49,_construct_unique_mapping,literal_assignment,result,{},정적 리터럴; 물리/수치/운영/진단 혼재
python/ecsp_reactive/configuration.py,949,parse_reactive_config,literal_assignment,required_algorithms,"[""spatial_reconstruction"", ""riemann_solver"", ""time_integrator"", ""source_coupling"", ""flow_boundary"", ""solid_boundary"", ""level_set_boundary_x"", ""level_set_boundary_y"", ""electrical_gradient_boundary"", ""material_interface"", ""level_set_gradient"", ""level_set_reinitialization"", ""mpi_decomposition""]",정적 리터럴; 물리/수치/운영/진단 혼재
python/ecsp_reactive/configuration.py,1017,parse_reactive_config,literal_assignment,electrical_scalar_specs,"{""conductivity"": [""S/m"", true], ""electric_field_x"": [""V/m"", false], ""electric_field_y"": [""V/m"", false], ""electrochemical_heat"": [""W/m^3"", false]}",정적 리터럴; 물리/수치/운영/진단 혼재
python/ecsp_reactive/configuration.py,1023,parse_reactive_config,literal_assignment,not_consumed_inputs,{},정적 리터럴; 물리/수치/운영/진단 혼재
python/ecsp_reactive/configuration.py,543,validate_runtime_contract,literal_assignment,positive_reals,"[""lx_m"", ""ly_m"", ""end_time_s"", ""cfl"", ""maximum_flow_progress_increment"", ""flow_progress_headroom"", ""maximum_solid_progress_increment"", ""solid_progress_headroom"", ""solid_diffusion_safety"", ""weno_epsilon"", ""level_set_weno_absolute_epsilon_m2"", ""initial_rho_kg_per_m3"", ""initial_temperature_K"", ""tait_rho0_kg_per_m3"", ""tait_B_Pa"", ""tait_N"", ""caloric_cv_J_per_kgK"", ""caloric_reference_temperature_K"", ""gas_constant_J_per_molK"", ""solid_density_kg_per_m3"", ""solid_heat_capacity_J_per_kgK"", ""density_reject_below_kg_per_m3"", ""temperature_reject_below_K""]",정적 리터럴; 물리/수치/운영/진단 혼재
python/ecsp_reactive/configuration.py,572,validate_runtime_contract,literal_assignment,nonnegative_reals,"[""level_set_weno_relative_epsilon"", ""initial_reaction_progress"", ""initial_alpha"", ""reaction_preexponential_per_s"", ""reaction_activation_energy_J_per_mol"", ""reaction_order"", ""solid_conductivity_W_per_mK"", ""decomposition_preexponential_per_s"", ""decomposition_activation_energy_J_per_mol"", ""decomposition_order"", ""density_reject_below_kg_per_m3"", ""pressure_reject_below_Pa"", ""temperature_reject_below_K"", ""progress_tolerance""]",정적 리터럴; 물리/수치/운영/진단 혼재
python/ecsp_reactive/configuration.py,592,validate_runtime_contract,literal_assignment,unrestricted_reals,"[""initial_u_m_per_s"", ""initial_v_m_per_s"", ""tait_A_Pa"", ""caloric_reference_energy_J_per_kg"", ""reaction_heat_J_per_kg"", ""decomposition_heat_J_per_kg"", ""interface_x_m""]",정적 리터럴; 물리/수치/운영/진단 혼재
python/ecsp_reactive/configuration.py,738,runtime_configuration_snapshot,literal_assignment,excluded,"""{'source_path', 'raw', 'provenance_report'}""",정적 리터럴; 물리/수치/운영/진단 혼재
python/ecsp_reactive/configuration.py,739,runtime_configuration_snapshot,literal_assignment,snapshot,{},정적 리터럴; 물리/수치/운영/진단 혼재
python/ecsp_reactive/configuration.py,839,parse_reactive_config,dict_get,model_mode,"""""",코드 기본값; 실행 활성/단위는 문맥 확인
python/ecsp_reactive/configuration.py,39,_construct_unique_mapping,function_default,deep,false,함수 기본 인수; 호출별 override 가능
python/ecsp_reactive/configuration.py,834,parse_reactive_config,function_default,source_path,"""<mapping>""",함수 기본 인수; 호출별 override 가능
python/ecsp_reactive/core.py,14,<module>,literal_assignment,NCONS,5,정적 리터럴; 물리/수치/운영/진단 혼재
python/ecsp_reactive/core.py,15,<module>,literal_assignment,RHO,0,정적 리터럴; 물리/수치/운영/진단 혼재
python/ecsp_reactive/core.py,16,<module>,literal_assignment,MOMENTUM_X,1,정적 리터럴; 물리/수치/운영/진단 혼재
python/ecsp_reactive/core.py,17,<module>,literal_assignment,MOMENTUM_Y,2,정적 리터럴; 물리/수치/운영/진단 혼재
python/ecsp_reactive/core.py,18,<module>,literal_assignment,TOTAL_ENERGY,3,정적 리터럴; 물리/수치/운영/진단 혼재
python/ecsp_reactive/core.py,19,<module>,literal_assignment,REACTION_PROGRESS,4,정적 리터럴; 물리/수치/운영/진단 혼재
python/ecsp_reactive/core.py,101,primitive_to_conservative,literal_assignment,offset,4,정적 리터럴; 물리/수치/운영/진단 혼재
python/ecsp_reactive/eos.py,24,<module>,literal_assignment,PAPER_TAIT_METADATA,"{""pressure_law"": ""PAPER_EQ_3"", ""sound_speed_law"": ""PAPER_EQ_3"", ""caloric_temperature_closure"": ""ASSUMED_NOT_FROM_PAPER"", ""caloric_closure_detail"": ""constant-cv thermal energy plus thermodynamically compatible Tait cold energy""}",정적 리터럴; 물리/수치/운영/진단 혼재
python/ecsp_reactive/eos.py,33,<module>,literal_assignment,IDEAL_GAS_METADATA,"{""equation_of_state"": ""ASSUMED_NOT_FROM_PAPER"", ""intended_use"": ""verification_only_ideal_gas_shock_tube""}",정적 리터럴; 물리/수치/운영/진단 혼재
python/ecsp_reactive/eos.py,94,<module>,literal_assignment,e_ref_J_per_kg,0.0,정적 리터럴; 물리/수치/운영/진단 혼재
python/ecsp_reactive/eos.py,192,sound_speed,function_default,pressure_Pa,null,함수 기본 인수; 호출별 override 가능
python/ecsp_reactive/front.py,25,<module>,literal_assignment,ASSUMED_SPECIES_THRESHOLD_SET,"[0.3, 0.5, 0.7]",정적 리터럴; 물리/수치/운영/진단 혼재
python/ecsp_reactive/front.py,27,<module>,literal_assignment,FRONT_TRACKING_METHOD,"""fixed_normal_ray_linear_subcell_interpolation""",정적 리터럴; 물리/수치/운영/진단 혼재
python/ecsp_reactive/front.py,682,<module>,literal_assignment,__all__,"[""ASSUMED_SPECIES_THRESHOLD_PROVENANCE"", ""ASSUMED_SPECIES_THRESHOLD_SET"", ""FrontTransitionDiagnostics"", ""FRONT_TRACKING_METHOD"", ""FRONT_TRACKING_METHOD_PROVENANCE"", ""IsofrontDiagnostics"", ""NormalRegressionResult"", ""NormalSamplingFrame"", ""SpeciesIsofrontSnapshot"", ""ThresholdSensitivityResult"", ""axis_aligned_sampling_frame"", ""evaluate_species_threshold_sensitivity"", ""extract_species_isofront"", ""measure_normal_regression"", ""track_species_isofront_motion""]",정적 리터럴; 물리/수치/운영/진단 혼재
python/ecsp_reactive/front.py,354,_ray_threshold_intersections,literal_assignment,intersections,[],정적 리터럴; 물리/수치/운영/진단 혼재
python/ecsp_reactive/front.py,355,_ray_threshold_intersections,literal_assignment,plateau,false,정적 리터럴; 물리/수치/운영/진단 혼재
python/ecsp_reactive/front.py,379,_ray_threshold_intersections,literal_assignment,deduplicated,[],정적 리터럴; 물리/수치/운영/진단 혼재
python/ecsp_reactive/front.py,366,_ray_threshold_intersections,literal_assignment,plateau,true,정적 리터럴; 물리/수치/운영/진단 혼재
python/ecsp_reactive/level_set.py,33,<module>,literal_assignment,MATERIAL_LEVEL_SET_SIGN_CONVENTION,"""phi<0 material_interior; phi=0 material_boundary; phi>0 material_exterior""",정적 리터럴; 물리/수치/운영/진단 혼재
python/ecsp_reactive/level_set.py,36,<module>,literal_assignment,WENO_VARIANT,"""WENO5_JS_UPWIND""",정적 리터럴; 물리/수치/운영/진단 혼재
python/ecsp_reactive/level_set.py,38,<module>,literal_assignment,SSP_RK_VARIANT,"""SSPRK33""",정적 리터럴; 물리/수치/운영/진단 혼재
python/ecsp_reactive/level_set.py,41,<module>,literal_assignment,ZERO_CONTOUR_AREA_METRIC,"""piecewise_linear_cell_centre_mesh_clipping""",정적 리터럴; 물리/수치/운영/진단 혼재
python/ecsp_reactive/level_set.py,43,<module>,literal_assignment,DEFAULT_WENO_RELATIVE_EPSILON,1e-12,정적 리터럴; 물리/수치/운영/진단 혼재
python/ecsp_reactive/level_set.py,44,<module>,literal_assignment,DEFAULT_WENO_ABSOLUTE_EPSILON_M2,1e-40,정적 리터럴; 물리/수치/운영/진단 혼재
python/ecsp_reactive/level_set.py,782,<module>,literal_assignment,__all__,"[""BoundaryCondition2D"", ""BOUNDARY_CLOSURE_PROVENANCE"", ""DEFAULT_WENO_ABSOLUTE_EPSILON_M2"", ""DEFAULT_WENO_RELATIVE_EPSILON"", ""LevelSetStepDiagnostics"", ""LevelSetStepResult"", ""MATERIAL_LEVEL_SET_SIGN_CONVENTION"", ""MaterialLevelSet"", ""ReinitializationConfig"", ""SSP_RK_VARIANT"", ""SSP_RK_VARIANT_PROVENANCE"", ""WENO_VARIANT"", ""WENO_VARIANT_PROVENANCE"", ""ZERO_CONTOUR_AREA_METRIC"", ""ZERO_CONTOUR_AREA_METRIC_PROVENANCE"", ""advect_level_set"", ""advect_material_level_set"", ""level_set_advection_rhs"", ""recommended_level_set_timestep_s"", ""reinitialize_transported_level_set"", ""signed_distance_rms_error"", ""weno5_one_sided_derivatives"", ""zero_contour_interior_area_m2""]",정적 리터럴; 물리/수치/운영/진단 혼재
python/ecsp_reactive/level_set.py,55,<module>,literal_assignment,x,"""outflow""",정적 리터럴; 물리/수치/운영/진단 혼재
python/ecsp_reactive/level_set.py,56,<module>,literal_assignment,y,"""outflow""",정적 리터럴; 물리/수치/운영/진단 혼재
python/ecsp_reactive/level_set.py,75,<module>,literal_assignment,enabled,false,정적 리터럴; 물리/수치/운영/진단 혼재
python/ecsp_reactive/level_set.py,77,<module>,literal_assignment,method,"""SUSSMAN_FIRST_ORDER""",정적 리터럴; 물리/수치/운영/진단 혼재
python/ecsp_reactive/level_set.py,78,<module>,literal_assignment,pseudo_steps,60,정적 리터럴; 물리/수치/운영/진단 혼재
python/ecsp_reactive/level_set.py,79,<module>,literal_assignment,pseudo_cfl,0.3,정적 리터럴; 물리/수치/운영/진단 혼재
python/ecsp_reactive/level_set.py,81,<module>,literal_assignment,source,"""Numerical option not specified in the ECSP paper""",정적 리터럴; 물리/수치/운영/진단 혼재
python/ecsp_reactive/level_set.py,510,_negative_triangle_fraction,literal_assignment,polygon,[],정적 리터럴; 물리/수치/운영/진단 혼재
python/ecsp_reactive/level_set.py,554,zero_contour_interior_area_m2,literal_assignment,total_fraction,0.0,정적 리터럴; 물리/수치/운영/진단 혼재
python/ecsp_reactive/numerics.py,36,<module>,literal_assignment,NUMERICAL_PROVENANCE,"{""reconstruction"": {""choice"": ""primitive_from_conservative_cell_averages_componentwise_face_local_WENO5_JS_assumption"", ""provenance"": ""ASSUMED_NOT_FROM_PAPER"", ""paper_statement"": ""WENO order and variant are not specified""}, ""riemann_solver"": {""choice"": ""HLL"", ""provenance"": ""ASSUMED_NOT_FROM_PAPER"", ""paper_statement"": ""Riemann solver / flux splitting is not specified""}, ""time_integrator"": {""choice"": ""SSP_RK3_Shu_Osher"", ""provenance"": ""ASSUMED_NOT_FROM_PAPER"", ""paper_statement"": ""only third-order Runge-Kutta is specified""}, ""boundary_conditions"": {""choice"": ""explicit_periodic_transmissive_or_reflective"", ""provenance"": ""ASSUMED_NOT_FROM_PAPER"", ""paper_statement"": ""external flow boundary conditions are not specified""}, ""positivity_fallback"": {""choice"": ""face_local_first_order_HLL_on_invalid_WENO_state"", ""provenance"": ""ASSUMED_NOT_FROM_PAPER"", ""paper_statement"": ""positivity treatment is not specified""}}",정적 리터럴; 물리/수치/운영/진단 혼재
python/ecsp_reactive/numerics.py,66,<module>,literal_assignment,PERIODIC,"""periodic""",정적 리터럴; 물리/수치/운영/진단 혼재
python/ecsp_reactive/numerics.py,67,<module>,literal_assignment,TRANSMISSIVE,"""transmissive""",정적 리터럴; 물리/수치/운영/진단 혼재
python/ecsp_reactive/numerics.py,68,<module>,literal_assignment,REFLECTIVE,"""reflective""",정적 리터럴; 물리/수치/운영/진단 혼재
python/ecsp_reactive/numerics.py,77,<module>,literal_assignment,reconstruction,"""primitive_from_conservative_cell_averages_componentwise_face_local_WENO5_JS_assumption""",정적 리터럴; 물리/수치/운영/진단 혼재
python/ecsp_reactive/numerics.py,80,<module>,literal_assignment,riemann_solver,"""HLL""",정적 리터럴; 물리/수치/운영/진단 혼재
python/ecsp_reactive/numerics.py,501,interface_fluxes,literal_assignment,maximum_correction,0.0,정적 리터럴; 물리/수치/운영/진단 혼재
python/ecsp_reactive/parallel.py,71,<module>,literal_assignment,halo,3,정적 리터럴; 물리/수치/운영/진단 혼재
python/ecsp_reactive/parallel.py,72,<module>,literal_assignment,periodic,false,정적 리터럴; 물리/수치/운영/진단 혼재
python/ecsp_reactive/parallel.py,86,world,function_default,halo,3,함수 기본 인수; 호출별 override 가능
python/ecsp_reactive/parallel.py,86,world,function_default,periodic,false,함수 기본 인수; 호출별 override 가능
python/ecsp_reactive/parallel.py,99,scatter_rows,function_default,root,0,함수 기본 인수; 호출별 override 가능
python/ecsp_reactive/parallel.py,156,gather_rows,function_default,root,0,함수 기본 인수; 호출별 override 가능
python/ecsp_reactive/provenance.py,18,<module>,literal_assignment,PAPER,"""PAPER""",정적 리터럴; 물리/수치/운영/진단 혼재
python/ecsp_reactive/provenance.py,19,<module>,literal_assignment,CITED_REFERENCE,"""CITED_REFERENCE""",정적 리터럴; 물리/수치/운영/진단 혼재
python/ecsp_reactive/provenance.py,20,<module>,literal_assignment,MEASURED,"""MEASURED""",정적 리터럴; 물리/수치/운영/진단 혼재
python/ecsp_reactive/provenance.py,21,<module>,literal_assignment,CALIBRATED,"""CALIBRATED""",정적 리터럴; 물리/수치/운영/진단 혼재
python/ecsp_reactive/provenance.py,22,<module>,literal_assignment,ASSUMED_NOT_FROM_PAPER,"""ASSUMED_NOT_FROM_PAPER""",정적 리터럴; 물리/수치/운영/진단 혼재
python/ecsp_reactive/provenance.py,23,<module>,literal_assignment,UNRESOLVED,"""UNRESOLVED""",정적 리터럴; 물리/수치/운영/진단 혼재
python/ecsp_reactive/provenance.py,166,validate_model_mode,literal_assignment,allowed,"""{'paper_faithful', 'ecsp_extended'}""",정적 리터럴; 물리/수치/운영/진단 혼재
python/ecsp_reactive/provenance.py,165,validate_model_mode,literal_assignment,mode,"""paper_faithful""",정적 리터럴; 물리/수치/운영/진단 혼재
python/ecsp_reactive/provenance.py,115,algorithm,dict_get,choice,"""""",코드 기본값; 실행 활성/단위는 문맥 확인
python/ecsp_reactive/provenance.py,116,algorithm,dict_get,source,"""""",코드 기본값; 실행 활성/단위는 문맥 확인
python/ecsp_reactive/provenance.py,118,algorithm,dict_get,provenance,"""""",코드 기본값; 실행 활성/단위는 문맥 확인
python/ecsp_reactive/provenance.py,33,__init__,function_default,diagnostics,null,함수 기본 인수; 호출별 override 가능
python/ecsp_reactive/reaction.py,20,<module>,literal_assignment,UNIVERSAL_GAS_CONSTANT_J_PER_MOL_K,8.31446261815324,정적 리터럴; 물리/수치/운영/진단 혼재
python/ecsp_reactive/solid.py,29,<module>,literal_assignment,reaction_order,1.0,정적 리터럴; 물리/수치/운영/진단 혼재
python/ecsp_reactive/solid.py,74,solid_arrhenius_rate,function_default,progress_tolerance,0.0,함수 기본 인수; 호출별 override 가능
python/ecsp_reactive/solver.py,75,<module>,literal_assignment,STAGE_NAMES,"[""stage_1"", ""stage_2"", ""stage_3""]",정적 리터럴; 물리/수치/운영/진단 혼재
python/ecsp_reactive/solver.py,2557,<module>,literal_assignment,__all__,"[""ConservationBudget"", ""ElectricalSourceCallback"", ""ElectricalStageRequest"", ""ReactiveResult"", ""ReactiveSolver"", ""SolidBudget"", ""StepDiagnostics"", ""run_reactive_case""]",정적 리터럴; 물리/수치/운영/진단 혼재
python/ecsp_reactive/solver.py,146,_json_value,literal_assignment,active_containers,"""set()""",정적 리터럴; 물리/수치/운영/진단 혼재
python/ecsp_reactive/solver.py,236,_json_resource_charge_bytes,literal_assignment,seen,"""set()""",정적 리터럴; 물리/수치/운영/진단 혼재
python/ecsp_reactive/solver.py,357,_front_step_summary,literal_assignment,rows,{},정적 리터럴; 물리/수치/운영/진단 혼재
python/ecsp_reactive/solver.py,482,_projected_working_set_memory,literal_assignment,per_cell_allowance,4096,정적 리터럴; 물리/수치/운영/진단 혼재
python/ecsp_reactive/solver.py,760,<module>,literal_assignment,solid_conduction_J_per_m,0.0,정적 리터럴; 물리/수치/운영/진단 혼재
python/ecsp_reactive/solver.py,761,<module>,literal_assignment,solid_reaction_J_per_m,0.0,정적 리터럴; 물리/수치/운영/진단 혼재
python/ecsp_reactive/solver.py,762,<module>,literal_assignment,solid_external_J_per_m,0.0,정적 리터럴; 물리/수치/운영/진단 혼재
python/ecsp_reactive/solver.py,763,<module>,literal_assignment,solid_alpha_area_m2,0.0,정적 리터럴; 물리/수치/운영/진단 혼재
python/ecsp_reactive/solver.py,764,<module>,literal_assignment,fallback_count,0,정적 리터럴; 물리/수치/운영/진단 혼재
python/ecsp_reactive/solver.py,765,<module>,literal_assignment,fallback_max_abs_state_correction,0.0,정적 리터럴; 물리/수치/운영/진단 혼재
python/ecsp_reactive/solver.py,766,<module>,literal_assignment,interface_count,0,정적 리터럴; 물리/수치/운영/진단 혼재
python/ecsp_reactive/solver.py,767,<module>,literal_assignment,electrical_evaluations,0,정적 리터럴; 물리/수치/운영/진단 혼재
python/ecsp_reactive/solver.py,768,<module>,literal_assignment,flow_completion_tolerance_zeroed_cell_evaluations,0,정적 리터럴; 물리/수치/운영/진단 혼재
python/ecsp_reactive/solver.py,769,<module>,literal_assignment,solid_completion_tolerance_zeroed_cell_evaluations,0,정적 리터럴; 물리/수치/운영/진단 혼재
python/ecsp_reactive/solver.py,771,<module>,literal_assignment,electrical_source_stage_metadata_json_bytes,0,정적 리터럴; 물리/수치/운영/진단 혼재
python/ecsp_reactive/solver.py,772,<module>,literal_assignment,electrical_source_stage_metadata_measured_deep_bytes,0,정적 리터럴; 물리/수치/운영/진단 혼재
python/ecsp_reactive/solver.py,773,<module>,literal_assignment,electrical_source_stage_metadata_resource_charge_bytes,0,정적 리터럴; 물리/수치/운영/진단 혼재
python/ecsp_reactive/solver.py,591,as_dict,literal_assignment,result['reaction_progress_increment_unit'],"""kg/m (two-dimensional domain integral per unit out-of-plane depth)""",정적 리터럴; 물리/수치/운영/진단 혼재
python/ecsp_reactive/solver.py,839,__init__,literal_assignment,runtime_algorithms,"{""spatial_reconstruction"": ""WENO5_JS"", ""riemann_solver"": ""HLL"", ""time_integrator"": ""SSPRK33"", ""source_coupling"": ""SSPRK_STAGE_COUPLED"", ""material_interface"": ""PASSIVE_SINGLE_EOS"", ""level_set_gradient"": ""WENO5_JS_UPWIND"", ""electrical_gradient_boundary"": ""FIRST_ORDER_ONE_SIDED"", ""mpi_decomposition"": ""SERIAL_SINGLE_PROCESS""}",정적 리터럴; 물리/수치/운영/진단 혼재
python/ecsp_reactive/solver.py,1097,__init__,literal_assignment,self._runtime_electrical_source_evaluations,0,정적 리터럴; 물리/수치/운영/진단 혼재
python/ecsp_reactive/solver.py,1224,_validate_electrical_fields,literal_assignment,metadata['field_dtype'],"""float64""",정적 리터럴; 물리/수치/운영/진단 혼재
python/ecsp_reactive/solver.py,1683,_ssprk_trial,literal_assignment,derivatives,[],정적 리터럴; 물리/수치/운영/진단 혼재
python/ecsp_reactive/solver.py,1729,_reduced_retry_timestep,literal_assignment,names,"[""flow_limit_s"", ""flow_reaction_limit_s"", ""solid_limit_s"", ""level_set_limit_s""]",정적 리터럴; 물리/수치/운영/진단 혼재
python/ecsp_reactive/solver.py,1923,run,literal_assignment,time_s,0.0,정적 리터럴; 물리/수치/운영/진단 혼재
python/ecsp_reactive/solver.py,1924,run,literal_assignment,diagnostics,[],정적 리터럴; 물리/수치/운영/진단 혼재
python/ecsp_reactive/solver.py,1925,run,literal_assignment,step_times,[],정적 리터럴; 물리/수치/운영/진단 혼재
python/ecsp_reactive/solver.py,1926,run,literal_assignment,step_sizes,[],정적 리터럴; 물리/수치/운영/진단 혼재
python/ecsp_reactive/solver.py,1927,run,literal_assignment,total_reinitialization_drift,0.0,정적 리터럴; 물리/수치/운영/진단 혼재
python/ecsp_reactive/solver.py,1928,run,literal_assignment,total_reinitialization_sign_changes,0,정적 리터럴; 물리/수치/운영/진단 혼재
python/ecsp_reactive/solver.py,1929,run,literal_assignment,reinitialization_count,0,정적 리터럴; 물리/수치/운영/진단 혼재
python/ecsp_reactive/solver.py,1930,run,literal_assignment,total_stage_retries,0,정적 리터럴; 물리/수치/운영/진단 혼재
python/ecsp_reactive/solver.py,1931,run,literal_assignment,self._runtime_electrical_source_evaluations,0,정적 리터럴; 물리/수치/운영/진단 혼재
python/ecsp_reactive/solver.py,1939,run,literal_assignment,front_history,[],정적 리터럴; 물리/수치/운영/진단 혼재
python/ecsp_reactive/solver.py,1038,__init__,literal_assignment,consumed,"[""electrical_callback.stage_fields"", ""surface_geometry.propellant"", ""surface_geometry.anode_contact"", ""surface_geometry.cathode_contact""]",정적 리터럴; 물리/수치/운영/진단 혼재
python/ecsp_reactive/solver.py,1074,__init__,literal_assignment,preflight_charges,[],정적 리터럴; 물리/수치/운영/진단 혼재
python/ecsp_reactive/solver.py,1086,__init__,literal_assignment,self._electrical_stage_metadata_preflight_basis,"""PRESCRIBED_COMPLETE_STAGE_RECORD_MEASURED_DEEP_PLUS_JSON""",정적 리터럴; 물리/수치/운영/진단 혼재
python/ecsp_reactive/solver.py,1093,__init__,literal_assignment,self._electrical_stage_metadata_preflight_charge_bytes,8192,정적 리터럴; 물리/수치/운영/진단 혼재
python/ecsp_reactive/solver.py,1094,__init__,literal_assignment,self._electrical_stage_metadata_preflight_basis,"""CALLBACK_BASELINE_ONLY_DYNAMIC_RECORDS_MEASURED_AT_RUNTIME""",정적 리터럴; 물리/수치/운영/진단 혼재
python/ecsp_reactive/solver.py,1115,_constant_prescribed_electrical,literal_assignment,provider_record,"{""provenance"": ""ASSUMED_NOT_FROM_PAPER"", ""source"": ""non-provenance-bearing runtime source-provider override""}",정적 리터럴; 물리/수치/운영/진단 혼재
python/ecsp_reactive/solver.py,1969,run,literal_assignment,stage_retry_count,0,정적 리터럴; 물리/수치/운영/진단 혼재
python/ecsp_reactive/solver.py,2039,run,literal_assignment,reinit_drift,0.0,정적 리터럴; 물리/수치/운영/진단 혼재
python/ecsp_reactive/solver.py,2040,run,literal_assignment,reinit_relative_drift,0.0,정적 리터럴; 물리/수치/운영/진단 혼재
python/ecsp_reactive/solver.py,2041,run,literal_assignment,reinit_sign_changes,0,정적 리터럴; 물리/수치/운영/진단 혼재
python/ecsp_reactive/solver.py,2079,run,literal_assignment,step_fallback,0,정적 리터럴; 물리/수치/운영/진단 혼재
python/ecsp_reactive/solver.py,2080,run,literal_assignment,step_fallback_max_correction,0.0,정적 리터럴; 물리/수치/운영/진단 혼재
python/ecsp_reactive/solver.py,2081,run,literal_assignment,step_interfaces,0,정적 리터럴; 물리/수치/운영/진단 혼재
python/ecsp_reactive/solver.py,2082,run,literal_assignment,step_electrical,0,정적 리터럴; 물리/수치/운영/진단 혼재
python/ecsp_reactive/solver.py,566,as_dict,literal_assignment,result[status_name],"""UNBOUNDED""",정적 리터럴; 물리/수치/운영/진단 혼재
python/ecsp_reactive/solver.py,568,as_dict,literal_assignment,result[status_name],"""FINITE""",정적 리터럴; 물리/수치/운영/진단 혼재
python/ecsp_reactive/solver.py,998,__init__,literal_assignment,consumed,"[""config.electrical.conductivity"", ""config.electrical.electric_field_x"", ""config.electrical.electric_field_y"", ""config.electrical.electrochemical_heat""]",정적 리터럴; 물리/수치/운영/진단 혼재
python/ecsp_reactive/solver.py,1012,__init__,literal_assignment,consumed,"[""prescribed_electrical.joule_heat_W_per_m3"", ""prescribed_electrical.electrochemical_heat_W_per_m3"", ""prescribed_electrical.electric_potential_V"", ""prescribed_electrical.metadata""]",정적 리터럴; 물리/수치/운영/진단 혼재
python/ecsp_reactive/solver.py,1065,__init__,dict_get,not_consumed_inputs,{},코드 기본값; 실행 활성/단위는 문맥 확인
python/ecsp_reactive/solver.py,1191,_validate_electrical_fields,dict_get,provider,"""""",코드 기본값; 실행 활성/단위는 문맥 확인
python/ecsp_reactive/solver.py,1192,_validate_electrical_fields,dict_get,source,"""""",코드 기본값; 실행 활성/단위는 문맥 확인
python/ecsp_reactive/solver.py,1194,_validate_electrical_fields,dict_get,provenance,"""""",코드 기본값; 실행 활성/단위는 문맥 확인
python/ecsp_reactive/validation.py,52,<module>,literal_assignment,VALIDATION_SCHEMA,"""ecsp.reactive-validation/v1""",정적 리터럴; 물리/수치/운영/진단 혼재
python/ecsp_reactive/validation.py,53,<module>,literal_assignment,PASS,"""PASS""",정적 리터럴; 물리/수치/운영/진단 혼재
python/ecsp_reactive/validation.py,54,<module>,literal_assignment,FAIL,"""FAIL""",정적 리터럴; 물리/수치/운영/진단 혼재
python/ecsp_reactive/validation.py,55,<module>,literal_assignment,FULL_VERIFICATION_VERDICT,"""NOT_FULLY_VERIFIED""",정적 리터럴; 물리/수치/운영/진단 혼재
python/ecsp_reactive/validation.py,1335,<module>,literal_assignment,__all__,"[""FAIL"", ""FULL_VERIFICATION_VERDICT"", ""PASS"", ""VALIDATION_SCHEMA"", ""run_validation"", ""write_validation_report""]",정적 리터럴; 물리/수치/운영/진단 혼재
python/ecsp_reactive/validation.py,83,_tait_identity_check,literal_assignment,relative_errors,[],정적 리터럴; 물리/수치/운영/진단 혼재
python/ecsp_reactive/validation.py,93,_tait_identity_check,literal_assignment,tolerance,2e-08,정적 리터럴; 물리/수치/운영/진단 혼재
python/ecsp_reactive/validation.py,149,_primitive_roundtrip_check,literal_assignment,tolerance,2e-11,정적 리터럴; 물리/수치/운영/진단 혼재
python/ecsp_reactive/validation.py,164,_free_stream_conservation_check,literal_assignment,"(ny, nx)","[18, 20]",정적 리터럴; 물리/수치/운영/진단 혼재
python/ecsp_reactive/validation.py,199,_free_stream_conservation_check,literal_assignment,tolerance,2e-13,정적 리터럴; 물리/수치/운영/진단 혼재
python/ecsp_reactive/validation.py,244,_reaction_bookkeeping_check,literal_assignment,tolerance,3e-15,정적 리터럴; 물리/수치/운영/진단 혼재
python/ecsp_reactive/validation.py,258,_joule_linear_field_check,literal_assignment,"(ny, nx)","[7, 9]",정적 리터럴; 물리/수치/운영/진단 혼재
python/ecsp_reactive/validation.py,259,_joule_linear_field_check,literal_assignment,"(dx, dy)","[0.0002, 0.0003]",정적 리터럴; 물리/수치/운영/진단 혼재
python/ecsp_reactive/validation.py,260,_joule_linear_field_check,literal_assignment,sigma,3.2,정적 리터럴; 물리/수치/운영/진단 혼재
python/ecsp_reactive/validation.py,261,_joule_linear_field_check,literal_assignment,electric_field_x,25000.0,정적 리터럴; 물리/수치/운영/진단 혼재
python/ecsp_reactive/validation.py,262,_joule_linear_field_check,literal_assignment,electric_field_y,-12000.0,정적 리터럴; 물리/수치/운영/진단 혼재
python/ecsp_reactive/validation.py,280,_joule_linear_field_check,literal_assignment,tolerance,2e-14,정적 리터럴; 물리/수치/운영/진단 혼재
python/ecsp_reactive/validation.py,297,_periodic_thermal_integral_check,literal_assignment,"(dx, dy)","[0.2, 0.3]",정적 리터럴; 물리/수치/운영/진단 혼재
python/ecsp_reactive/validation.py,302,_periodic_thermal_integral_check,literal_assignment,tolerance,2e-15,정적 리터럴; 물리/수치/운영/진단 혼재
python/ecsp_reactive/validation.py,318,_level_set_translation_check,literal_assignment,count,96,정적 리터럴; 물리/수치/운영/진단 혼재
python/ecsp_reactive/validation.py,322,_level_set_translation_check,literal_assignment,phase,0.2,정적 리터럴; 물리/수치/운영/진단 혼재
python/ecsp_reactive/validation.py,324,_level_set_translation_check,literal_assignment,velocity,0.7,정적 리터럴; 물리/수치/운영/진단 혼재
python/ecsp_reactive/validation.py,338,_level_set_translation_check,literal_assignment,tolerance,3e-08,정적 리터럴; 물리/수치/운영/진단 혼재
python/ecsp_reactive/validation.py,365,_front_regression_check,literal_assignment,"(rows, columns)","[12, 72]",정적 리터럴; 물리/수치/운영/진단 혼재
python/ecsp_reactive/validation.py,366,_front_regression_check,literal_assignment,spacing,0.08,정적 리터럴; 물리/수치/운영/진단 혼재
python/ecsp_reactive/validation.py,367,_front_regression_check,literal_assignment,elapsed,0.25,정적 리터럴; 물리/수치/운영/진단 혼재
python/ecsp_reactive/validation.py,368,_front_regression_check,literal_assignment,expected_speed,0.36,정적 리터럴; 물리/수치/운영/진단 혼재
python/ecsp_reactive/validation.py,369,_front_regression_check,literal_assignment,previous_position,2.1,정적 리터럴; 물리/수치/운영/진단 혼재
python/ecsp_reactive/validation.py,396,_front_regression_check,literal_assignment,tolerance,2e-13,정적 리터럴; 물리/수치/운영/진단 혼재
python/ecsp_reactive/validation.py,415,_weno_spatial_convergence_check,literal_assignment,grids,"[20, 40, 80]",정적 리터럴; 물리/수치/운영/진단 혼재
python/ecsp_reactive/validation.py,416,_weno_spatial_convergence_check,literal_assignment,errors,[],정적 리터럴; 물리/수치/운영/진단 혼재
python/ecsp_reactive/validation.py,431,_weno_spatial_convergence_check,literal_assignment,minimum_required_order,4.5,정적 리터럴; 물리/수치/운영/진단 혼재
python/ecsp_reactive/validation.py,446,_ssprk_temporal_convergence_check,literal_assignment,step_counts,"[10, 20, 40]",정적 리터럴; 물리/수치/운영/진단 혼재
python/ecsp_reactive/validation.py,447,_ssprk_temporal_convergence_check,literal_assignment,errors,[],정적 리터럴; 물리/수치/운영/진단 혼재
python/ecsp_reactive/validation.py,448,_ssprk_temporal_convergence_check,literal_assignment,dt_values,[],정적 리터럴; 물리/수치/운영/진단 혼재
python/ecsp_reactive/validation.py,449,_ssprk_temporal_convergence_check,literal_assignment,cfl_like_values,[],정적 리터럴; 물리/수치/운영/진단 혼재
python/ecsp_reactive/validation.py,450,_ssprk_temporal_convergence_check,literal_assignment,decay_rate_per_s,1.0,정적 리터럴; 물리/수치/운영/진단 혼재
python/ecsp_reactive/validation.py,467,_ssprk_temporal_convergence_check,literal_assignment,minimum_required_order,2.85,정적 리터럴; 물리/수치/운영/진단 혼재
python/ecsp_reactive/validation.py,492,<module>,literal_assignment,_temperature_centre_m,0.62,정적 리터럴; 물리/수치/운영/진단 혼재
python/ecsp_reactive/validation.py,493,<module>,literal_assignment,_temperature_width_m,0.1,정적 리터럴; 물리/수치/운영/진단 혼재
python/ecsp_reactive/validation.py,494,<module>,literal_assignment,_temperature_base_K,2.0,정적 리터럴; 물리/수치/운영/진단 혼재
python/ecsp_reactive/validation.py,495,<module>,literal_assignment,_temperature_amplitude_K,0.4,정적 리터럴; 물리/수치/운영/진단 혼재
python/ecsp_reactive/validation.py,496,<module>,literal_assignment,_front_position_m,0.35,정적 리터럴; 물리/수치/운영/진단 혼재
python/ecsp_reactive/validation.py,497,<module>,literal_assignment,_front_width_m,0.08,정적 리터럴; 물리/수치/운영/진단 혼재
python/ecsp_reactive/validation.py,765,_coupled_solver_grid_cfl_check,literal_assignment,grid_counts,"[20, 40, 80]",정적 리터럴; 물리/수치/운영/진단 혼재
python/ecsp_reactive/validation.py,766,_coupled_solver_grid_cfl_check,literal_assignment,fixed_cfl,0.25,정적 리터럴; 물리/수치/운영/진단 혼재
python/ecsp_reactive/validation.py,772,_coupled_solver_grid_cfl_check,literal_assignment,temporal_nx,20,정적 리터럴; 물리/수치/운영/진단 혼재
python/ecsp_reactive/validation.py,773,_coupled_solver_grid_cfl_check,literal_assignment,cfl_values,"[0.4, 0.2, 0.1]",정적 리터럴; 물리/수치/운영/진단 혼재
python/ecsp_reactive/validation.py,774,_coupled_solver_grid_cfl_check,literal_assignment,temporal_reference_cfl,0.025,정적 리터럴; 물리/수치/운영/진단 혼재
python/ecsp_reactive/validation.py,844,_coupled_solver_grid_cfl_check,literal_assignment,cfl_runs,[],정적 리터럴; 물리/수치/운영/진단 혼재
python/ecsp_reactive/validation.py,862,_coupled_solver_grid_cfl_check,literal_assignment,minimum_temperature_order,2.5,정적 리터럴; 물리/수치/운영/진단 혼재
python/ecsp_reactive/validation.py,863,_coupled_solver_grid_cfl_check,literal_assignment,minimum_energy_field_order,2.5,정적 리터럴; 물리/수치/운영/진단 혼재
python/ecsp_reactive/validation.py,864,_coupled_solver_grid_cfl_check,literal_assignment,minimum_front_order,1.0,정적 리터럴; 물리/수치/운영/진단 혼재
python/ecsp_reactive/validation.py,924,_coupled_solver_grid_cfl_check,literal_assignment,minimum_temporal_temperature_order,2.8,정적 리터럴; 물리/수치/운영/진단 혼재
python/ecsp_reactive/validation.py,925,_coupled_solver_grid_cfl_check,literal_assignment,minimum_temporal_energy_order,2.8,정적 리터럴; 물리/수치/운영/진단 혼재
python/ecsp_reactive/validation.py,926,_coupled_solver_grid_cfl_check,literal_assignment,minimum_temporal_front_order,2.5,정적 리터럴; 물리/수치/운영/진단 혼재
python/ecsp_reactive/validation.py,1057,_deterministic_kernel_signature,literal_assignment,"(ny, nx)","[10, 12]",정적 리터럴; 물리/수치/운영/진단 혼재
python/ecsp_reactive/validation.py,1100,_row_decomposition_parity_check,literal_assignment,"(global_rows, columns, components)","[24, 13, 5]",정적 리터럴; 물리/수치/운영/진단 혼재
python/ecsp_reactive/validation.py,1101,_row_decomposition_parity_check,literal_assignment,"(rank_count, halo)","[3, 3]",정적 리터럴; 물리/수치/운영/진단 혼재
python/ecsp_reactive/validation.py,1114,_row_decomposition_parity_check,literal_assignment,local_outputs,[],정적 리터럴; 물리/수치/운영/진단 혼재
python/ecsp_reactive/validation.py,1115,_row_decomposition_parity_check,literal_assignment,reconstructed_blocks,[],정적 리터럴; 물리/수치/운영/진단 혼재
python/ecsp_reactive/validation.py,454,_ssprk_temporal_convergence_check,literal_assignment,time,0.0,정적 리터럴; 물리/수치/운영/진단 혼재
python/ecsp_reactive/validation.py,63,_observed_orders,function_default,refinement_ratio,2.0,함수 기본 인수; 호출별 override 가능
python/ecsp_v6/__init__.py,3,<module>,literal_assignment,__version__,"""7.7.2-noF-NSGA2""",정적 리터럴; 물리/수치/운영/진단 혼재
python/ecsp_v6/composition.py,143,save_composition_summary,literal_assignment,rows,[],정적 리터럴; 물리/수치/운영/진단 혼재
python/ecsp_v6/composition.py,20,_resolve_retained_water,dict_get,water,0.0,코드 기본값; 실행 활성/단위는 문맥 확인
python/ecsp_v6/composition.py,49,_resolve_retained_water,dict_get,retained_water_fraction,1.0,코드 기본값; 실행 활성/단위는 문맥 확인
python/ecsp_v6/composition.py,55,_resolve_retained_water,dict_get,retained_water_fraction_basis,"""unspecified_assumption""",코드 기본값; 실행 활성/단위는 문맥 확인
python/ecsp_v6/composition.py,67,composition_summary,dict_get,water,0.0,코드 기본값; 실행 활성/단위는 문맥 확인
python/ecsp_v6/composition.py,102,composition_summary,dict_get,PVA,0.0,코드 기본값; 실행 활성/단위는 문맥 확인
python/ecsp_v6/composition.py,131,composition_summary,dict_get,calibrationStatus,"""unknown""",코드 기본값; 실행 활성/단위는 문맥 확인
python/ecsp_v6/composition.py,39,_resolve_retained_water,dict_get,cured_water_mass_fraction_basis,"""EXPRESSION: comp.get('retained_water_fraction_basis', 'cured_water_mass_fraction')""",코드 기본값; 실행 활성/단위는 문맥 확인
python/ecsp_v6/composition.py,75,composition_summary,dict_get,LP,0.0,코드 기본값; 실행 활성/단위는 문맥 확인
python/ecsp_v6/composition.py,76,composition_summary,dict_get,water,0.0,코드 기본값; 실행 활성/단위는 문맥 확인
python/ecsp_v6/composition.py,77,composition_summary,dict_get,PVA,0.0,코드 기본값; 실행 활성/단위는 문맥 확인
python/ecsp_v6/composition.py,78,composition_summary,dict_get,glycerol,0.0,코드 기본값; 실행 활성/단위는 문맥 확인
python/ecsp_v6/composition.py,80,composition_summary,dict_get,boric_acid,0.0,코드 기본값; 실행 활성/단위는 문맥 확인
python/ecsp_v6/composition.py,126,composition_summary,dict_get,water,0.0,코드 기본값; 실행 활성/단위는 문맥 확인
python/ecsp_v6/composition.py,128,composition_summary,dict_get,glycerol,0.0,코드 기본값; 실행 활성/단위는 문맥 확인
python/ecsp_v6/composition.py,41,_resolve_retained_water,dict_get,retained_water_fraction_basis,"""cured_water_mass_fraction""",코드 기본값; 실행 활성/단위는 문맥 확인
python/ecsp_v6/composition.py,79,composition_summary,dict_get,glycerol,92.09382,코드 기본값; 실행 활성/단위는 문맥 확인
python/ecsp_v6/composition.py,127,composition_summary,dict_get,LP,0.0,코드 기본값; 실행 활성/단위는 문맥 확인
python/ecsp_v6/config.py,24,<module>,literal_assignment,COMPATIBILITY_PROFILES,"{""uploaded_v63"": {""electrical"": {""jouleHeatModel"": ""legacy_magnitude_E_times_J""}, ""interface"": {""currentDirectionModel"": ""legacy_magnitude"", ""boundaryCouplingModel"": ""legacy_posthoc""}}}",정적 리터럴; 물리/수치/운영/진단 혼재
python/ecsp_v6/config.py,140,validate_config,literal_assignment,required,"[""project"", ""composition"", ""geometry"", ""manufacturability"", ""electrical"", ""transport"", ""interface"", ""coupled"", ""multiFidelity"", ""reducedCFD"", ""numericalConvergence"", ""numerics""]",정적 리터럴; 물리/수치/운영/진단 혼재
python/ecsp_v6/config.py,158,validate_config,literal_assignment,supported_backends,"""{'python_cpu', 'cpp_fp64_cpu', 'python_gpu', 'python_debug'}""",정적 리터럴; 물리/수치/운영/진단 혼재
python/ecsp_v6/config.py,359,validate_config,literal_assignment,allowed_preconditioners,"""{'diagonal', 'none', 'multigrid', 'identity', 'mg', 'geometric_multigrid', 'jacobi'}""",정적 리터럴; 물리/수치/운영/진단 혼재
python/ecsp_v6/config.py,366,validate_config,literal_assignment,allowed_potential_methods,"""{'scipy_direct', 'matlab_parity', 'bicgstab', 'rb_sor', 'bicg', 'pcg', 'auto', 'direct_cpu', 'nonsymmetric_krylov', 'direct', 'sor'}""",정적 리터럴; 물리/수치/운영/진단 혼재
python/ecsp_v6/config.py,487,validate_config,literal_assignment,allowed_guidance,"""{'interpolate', 'unconditional', 'prior', 'perturb', 'extrapolate'}""",정적 리터럴; 물리/수치/운영/진단 혼재
python/ecsp_v6/config.py,541,validate_config,literal_assignment,allowed_generators,"""{'cad_autoregressive_latent_diffusion', 'cad_sequence_diffusion', 'cad_quantized_ar_latent_diffusion'}""",정적 리터럴; 물리/수치/운영/진단 혼재
python/ecsp_v6/config.py,927,validate_config,literal_assignment,allowed_solvers,"""{'scipy_direct', 'matlab_parity', 'bicgstab', 'rb_sor', 'bicg', 'pcg', 'auto', 'direct_cpu', 'nonsymmetric_krylov', 'direct', 'sor'}""",정적 리터럴; 물리/수치/운영/진단 혼재
python/ecsp_v6/config.py,45,apply_compatibility_profile,dict_setdefault,project,{},코드 기본값; 실행 활성/단위는 문맥 확인
python/ecsp_v6/config.py,48,apply_compatibility_profile,literal_assignment,project['compatibilityProfile'],"""current""",정적 리터럴; 물리/수치/운영/진단 혼재
python/ecsp_v6/config.py,124,resolve_bootstrap_component_bounds,dict_get,cadPrimitive,{},코드 기본값; 실행 활성/단위는 문맥 확인
python/ecsp_v6/config.py,224,validate_config,dict_get,finalWeights,{},코드 기본값; 실행 활성/단위는 문맥 확인
python/ecsp_v6/config.py,256,validate_config,dict_get,progressScoreLowerClip,null,코드 기본값; 실행 활성/단위는 문맥 확인
python/ecsp_v6/config.py,259,validate_config,dict_get,progressScoreUpperClip,2.0,코드 기본값; 실행 활성/단위는 문맥 확인
python/ecsp_v6/config.py,306,validate_config,dict_get,electrical,{},코드 기본값; 실행 활성/단위는 문맥 확인
python/ecsp_v6/config.py,346,validate_config,dict_get,nernst,{},코드 기본값; 실행 활성/단위는 문맥 확인
python/ecsp_v6/config.py,352,validate_config,dict_get,blocking,{},코드 기본값; 실행 활성/단위는 문맥 확인
python/ecsp_v6/config.py,404,validate_config,dict_get,physicalFloors,{},코드 기본값; 실행 활성/단위는 문맥 확인
python/ecsp_v6/config.py,440,validate_config,dict_get,reducedCFD,{},코드 기본값; 실행 활성/단위는 문맥 확인
python/ecsp_v6/config.py,447,validate_config,dict_get,ddpm,{},코드 기본값; 실행 활성/단위는 문맥 확인
python/ecsp_v6/config.py,843,validate_config,dict_get,cadPrimitive,{},코드 기본값; 실행 활성/단위는 문맥 확인
python/ecsp_v6/config.py,926,validate_config,dict_get,potentialSolver,{},코드 기본값; 실행 활성/단위는 문맥 확인
python/ecsp_v6/config.py,959,validate_config,dict_get,failureIsolation,{},코드 기본값; 실행 활성/단위는 문맥 확인
python/ecsp_v6/config.py,1025,validate_config,dict_get,screening,{},코드 기본값; 실행 활성/단위는 문맥 확인
python/ecsp_v6/config.py,1028,validate_config,dict_get,heatKernelTimes_s,[],코드 기본값; 실행 활성/단위는 문맥 확인
python/ecsp_v6/config.py,1053,validate_config,dict_get,requireCalibratedParameters,false,코드 기본값; 실행 활성/단위는 문맥 확인
python/ecsp_v6/config.py,56,apply_compatibility_profile,dict_setdefault,project,{},코드 기본값; 실행 활성/단위는 문맥 확인
python/ecsp_v6/config.py,107,resolve_manufacturing_component_limits,dict_get,maximumComponentsPerPolarity,16,코드 기본값; 실행 활성/단위는 문맥 확인
python/ecsp_v6/config.py,109,resolve_manufacturing_component_limits,dict_get,maximumTotalComponents,"""EXPRESSION: 2 * maximum_per""",코드 기본값; 실행 활성/단위는 문맥 확인
python/ecsp_v6/config.py,125,resolve_bootstrap_component_bounds,dict_get,bootstrapMinimumComponents,2,코드 기본값; 실행 활성/단위는 문맥 확인
python/ecsp_v6/config.py,126,resolve_bootstrap_component_bounds,dict_get,bootstrapMaximumComponents,"""EXPRESSION: maximum_total""",코드 기본값; 실행 활성/단위는 문맥 확인
python/ecsp_v6/config.py,157,validate_config,dict_get,backend,"""python_gpu""",코드 기본값; 실행 활성/단위는 문맥 확인
python/ecsp_v6/config.py,173,validate_config,dict_get,retained_water_fraction,1.0,코드 기본값; 실행 활성/단위는 문맥 확인
python/ecsp_v6/config.py,177,validate_config,dict_get,retained_water_fraction_basis,"""unspecified_assumption""",코드 기본값; 실행 활성/단위는 문맥 확인
python/ecsp_v6/config.py,181,validate_config,dict_get,requireMeasuredRetainedWater,false,코드 기본값; 실행 활성/단위는 문맥 확인
python/ecsp_v6/config.py,207,validate_config,dict_get,coupledPerIteration,0,코드 기본값; 실행 활성/단위는 문맥 확인
python/ecsp_v6/config.py,208,validate_config,dict_get,maximumIterations,0,코드 기본값; 실행 활성/단위는 문맥 확인
python/ecsp_v6/config.py,209,validate_config,dict_get,initialIterations,1,코드 기본값; 실행 활성/단위는 문맥 확인
python/ecsp_v6/config.py,210,validate_config,dict_get,patience,1,코드 기본값; 실행 활성/단위는 문맥 확인
python/ecsp_v6/config.py,211,validate_config,dict_get,minimumImprovement,0.0,코드 기본값; 실행 활성/단위는 문맥 확인
python/ecsp_v6/config.py,280,validate_config,dict_get,enabled,false,코드 기본값; 실행 활성/단위는 문맥 확인
python/ecsp_v6/config.py,303,validate_config,dict_get,finalCfdWeights,{},코드 기본값; 실행 활성/단위는 문맥 확인
python/ecsp_v6/config.py,316,validate_config,dict_get,enabled,false,코드 기본값; 실행 활성/단위는 문맥 확인
python/ecsp_v6/config.py,347,validate_config,dict_get,enabled,false,코드 기본값; 실행 활성/단위는 문맥 확인
python/ecsp_v6/config.py,353,validate_config,dict_get,minimumActiveAreaFraction,0.02,코드 기본값; 실행 활성/단위는 문맥 확인
python/ecsp_v6/config.py,422,validate_config,dict_get,condensedIgnition,{},코드 기본값; 실행 활성/단위는 문맥 확인
python/ecsp_v6/config.py,423,validate_config,dict_get,condensedPhaseMetrics,{},코드 기본값; 실행 활성/단위는 문맥 확인
python/ecsp_v6/config.py,441,validate_config,dict_get,enabled,false,코드 기본값; 실행 활성/단위는 문맥 확인
python/ecsp_v6/config.py,448,validate_config,dict_get,conditionDropoutProbability,0.12,코드 기본값; 실행 활성/단위는 문맥 확인
python/ecsp_v6/config.py,453,validate_config,dict_get,dynamicParentTargetShare,0.0,코드 기본값; 실행 활성/단위는 문맥 확인
python/ecsp_v6/config.py,507,validate_config,dict_get,sequenceCountClassWeightPower,0.25,코드 기본값; 실행 활성/단위는 문맥 확인
python/ecsp_v6/config.py,510,validate_config,dict_get,sequenceMaximumCountClassWeight,4.0,코드 기본값; 실행 활성/단위는 문맥 확인
python/ecsp_v6/config.py,513,validate_config,dict_get,sequenceCountSamplingTemperature,1.0,코드 기본값; 실행 활성/단위는 문맥 확인
python/ecsp_v6/config.py,516,validate_config,dict_get,componentConditionPriorSigmaComponents,1.5,코드 기본값; 실행 활성/단위는 문맥 확인
python/ecsp_v6/config.py,529,validate_config,dict_get,sequenceActiveSlotLogitThreshold,0.75,코드 기본값; 실행 활성/단위는 문맥 확인
python/ecsp_v6/config.py,631,validate_config,dict_get,cadPrimitive,{},코드 기본값; 실행 활성/단위는 문맥 확인
python/ecsp_v6/config.py,760,validate_config,dict_get,electrodeConnectivityMode,"""implicit_3d_bus""",코드 기본값; 실행 활성/단위는 문맥 확인
python/ecsp_v6/config.py,784,validate_config,dict_get,connectSamePolarityComponents,false,코드 기본값; 실행 활성/단위는 문맥 확인
python/ecsp_v6/config.py,799,validate_config,dict_get,connectivityBridgeWidthPixels,"""EXPRESSION: math.ceil(float(config['manufacturability'].get('minimumWidthPixels', 1)))""",코드 기본값; 실행 활성/단위는 문맥 확인
python/ecsp_v6/config.py,861,validate_config,dict_get,targetTotalElectrodeAreaFraction,0.0,코드 기본값; 실행 활성/단위는 문맥 확인
python/ecsp_v6/config.py,863,validate_config,dict_get,enforceFixedTotalElectrodeArea,false,코드 기본값; 실행 활성/단위는 문맥 확인
python/ecsp_v6/config.py,901,validate_config,dict_get,minimumCornerRadiusPixels,0,코드 기본값; 실행 활성/단위는 문맥 확인
python/ecsp_v6/config.py,902,validate_config,dict_get,minimumCornerRadius_m,0.0,코드 기본값; 실행 활성/단위는 문맥 확인
python/ecsp_v6/config.py,961,validate_config,dict_get,maximumFailureFraction,1.0,코드 기본값; 실행 활성/단위는 문맥 확인
python/ecsp_v6/config.py,980,validate_config,dict_get,maximumCompatibleProjectionResidualL2,"""EXPRESSION: float('inf')""",코드 기본값; 실행 활성/단위는 문맥 확인
python/ecsp_v6/config.py,994,validate_config,dict_get,endTime_s,0.0,코드 기본값; 실행 활성/단위는 문맥 확인
python/ecsp_v6/config.py,1009,validate_config,dict_get,electricalUpdateInterval_s,"""EXPRESSION: coupled_dt""",코드 기본값; 실행 활성/단위는 문맥 확인
python/ecsp_v6/config.py,1035,validate_config,dict_get,percolationTargetFraction,0.0,코드 기본값; 실행 활성/단위는 문맥 확인
python/ecsp_v6/config.py,194,validate_config,dict_get,noveltyFraction,0.0,코드 기본값; 실행 활성/단위는 문맥 확인
python/ecsp_v6/config.py,232,validate_config,dict_get,minimumDiffusionCount,0,코드 기본값; 실행 활성/단위는 문맥 확인
python/ecsp_v6/config.py,424,validate_config,dict_get,decompositionOnsetTemperature_K,0.0,코드 기본값; 실행 활성/단위는 문맥 확인
python/ecsp_v6/config.py,425,validate_config,dict_get,evaluationTime_s,0.0,코드 기본값; 실행 활성/단위는 문맥 확인
python/ecsp_v6/config.py,426,validate_config,dict_get,endTime_s,0.0,코드 기본값; 실행 활성/단위는 문맥 확인
python/ecsp_v6/config.py,435,validate_config,dict_get,enabled,false,코드 기본값; 실행 활성/단위는 문맥 확인
python/ecsp_v6/config.py,437,validate_config,dict_get,enabled,false,코드 기본값; 실행 활성/단위는 문맥 확인
python/ecsp_v6/config.py,440,validate_config,dict_get,numericalConvergence,{},코드 기본값; 실행 활성/단위는 문맥 확인
python/ecsp_v6/config.py,451,validate_config,dict_get,guidanceScale,2.0,코드 기본값; 실행 활성/단위는 문맥 확인
python/ecsp_v6/config.py,456,validate_config,dict_get,dynamicParentShareRampIterations,1,코드 기본값; 실행 활성/단위는 문맥 확인
python/ecsp_v6/config.py,522,validate_config,dict_get,sequenceMinimumCountClassExamples,2,코드 기본값; 실행 활성/단위는 문맥 확인
python/ecsp_v6/config.py,563,validate_config,dict_get,arHiddenDimension,192,코드 기본값; 실행 활성/단위는 문맥 확인
python/ecsp_v6/config.py,564,validate_config,dict_get,arAttentionHeads,6,코드 기본값; 실행 활성/단위는 문맥 확인
python/ecsp_v6/config.py,579,validate_config,dict_get,autoregressiveTopP,0.95,코드 기본값; 실행 활성/단위는 문맥 확인
python/ecsp_v6/config.py,607,validate_config,dict_get,latentAuxiliaryGuidanceStartFraction,0.75,코드 기본값; 실행 활성/단위는 문맥 확인
python/ecsp_v6/config.py,617,validate_config,dict_get,enabled,false,코드 기본값; 실행 활성/단위는 문맥 확인
python/ecsp_v6/config.py,634,validate_config,dict_get,minimumSegmentsPerComponent,1,코드 기본값; 실행 활성/단위는 문맥 확인
python/ecsp_v6/config.py,635,validate_config,dict_get,maximumSegmentsPerComponent,6,코드 기본값; 실행 활성/단위는 문맥 확인
python/ecsp_v6/config.py,645,validate_config,dict_get,bootstrapMaximumWidthFraction,"""EXPRESSION: cad.get('maximumWidthFraction', 0.0)""",코드 기본값; 실행 활성/단위는 문맥 확인
python/ecsp_v6/config.py,648,validate_config,dict_get,maximumRepresentableWidthFraction,"""EXPRESSION: cad.get('maximumWidthFraction', 0.0)""",코드 기본값; 실행 활성/단위는 문맥 확인
python/ecsp_v6/config.py,672,validate_config,dict_get,minimumGeneratedAcceptanceFraction,0.0,코드 기본값; 실행 활성/단위는 문맥 확인
python/ecsp_v6/config.py,712,validate_config,dict_get,componentPackingShrinkFactor,0.86,코드 기본값; 실행 활성/단위는 문맥 확인
python/ecsp_v6/config.py,717,validate_config,dict_get,bootstrapReachabilityQuotaPerComponentCount,0,코드 기본값; 실행 활성/단위는 문맥 확인
python/ecsp_v6/config.py,723,validate_config,dict_get,bootstrapReachabilityMinimumAcceptanceFraction,0.0,코드 기본값; 실행 활성/단위는 문맥 확인
python/ecsp_v6/config.py,736,validate_config,dict_get,componentClearanceRepairRelaxation,0.65,코드 기본값; 실행 활성/단위는 문맥 확인
python/ecsp_v6/config.py,753,validate_config,dict_get,minimumGapPixels,0,코드 기본값; 실행 활성/단위는 문맥 확인
python/ecsp_v6/config.py,755,validate_config,dict_get,minimumElectrodeGap_m,0,코드 기본값; 실행 활성/단위는 문맥 확인
python/ecsp_v6/config.py,757,validate_config,dict_get,minimumGap_m,0,코드 기본값; 실행 활성/단위는 문맥 확인
python/ecsp_v6/config.py,781,validate_config,dict_get,busContactPixels,1,코드 기본값; 실행 활성/단위는 문맥 확인
python/ecsp_v6/config.py,812,validate_config,dict_get,maximumConnectivityAreaGrowthFraction,2.0,코드 기본값; 실행 활성/단위는 문맥 확인
python/ecsp_v6/config.py,820,validate_config,dict_get,maximumConnectivityBridgePathPixels,0,코드 기본값; 실행 활성/단위는 문맥 확인
python/ecsp_v6/config.py,869,validate_config,dict_get,targetAnodeShareOfElectrodeArea,0.5,코드 기본값; 실행 활성/단위는 문맥 확인
python/ecsp_v6/config.py,882,validate_config,dict_get,minimumAreaFractionPerPolarity,0.0,코드 기본값; 실행 활성/단위는 문맥 확인
python/ecsp_v6/config.py,884,validate_config,dict_get,enforceEqualPolarityArea,true,코드 기본값; 실행 활성/단위는 문맥 확인
python/ecsp_v6/config.py,896,validate_config,dict_get,resizeFixedAreaRelativeTolerance,0.0,코드 기본값; 실행 활성/단위는 문맥 확인
python/ecsp_v6/config.py,946,validate_config,dict_get,directMaximumUnknowns,500000,코드 기본값; 실행 활성/단위는 문맥 확인
python/ecsp_v6/config.py,955,validate_config,dict_get,speciesFixedSubsteps,1,코드 기본값; 실행 활성/단위는 문맥 확인
python/ecsp_v6/config.py,957,validate_config,dict_get,speciesMaximumSubsteps,1,코드 기본값; 실행 활성/단위는 문맥 확인
python/ecsp_v6/config.py,957,validate_config,dict_get,speciesFixedSubsteps,1,코드 기본값; 실행 활성/단위는 문맥 확인
python/ecsp_v6/config.py,967,validate_config,dict_get,minimumAttemptsBeforeFailureFractionGuard,1,코드 기본값; 실행 활성/단위는 문맥 확인
python/ecsp_v6/config.py,1026,validate_config,dict_get,graphGridSize,0,코드 기본값; 실행 활성/단위는 문맥 확인
python/ecsp_v6/config.py,1033,validate_config,dict_get,heatKernelImplicitSteps,0,코드 기본값; 실행 활성/단위는 문맥 확인
python/ecsp_v6/config.py,1038,validate_config,dict_get,percolationActivationThreshold,0.0,코드 기본값; 실행 활성/단위는 문맥 확인
python/ecsp_v6/config.py,1040,validate_config,dict_get,percolationMaximumMultiplier,0.0,코드 기본값; 실행 활성/단위는 문맥 확인
python/ecsp_v6/config.py,1049,validate_config,dict_get,laplacianRegularization,0.0,코드 기본값; 실행 활성/단위는 문맥 확인
python/ecsp_v6/config.py,1051,validate_config,dict_get,pcgTolerance,0.0,코드 기본값; 실행 활성/단위는 문맥 확인
python/ecsp_v6/config.py,249,validate_config,dict_get,minimumDiffusionCount,0,코드 기본값; 실행 활성/단위는 문맥 확인
python/ecsp_v6/config.py,307,validate_config,dict_get,jouleHeatModel,"""conductive_sigma_E2""",코드 기본값; 실행 활성/단위는 문맥 확인
python/ecsp_v6/config.py,317,validate_config,dict_get,handoffMode,"""first_local_ignition_or_final""",코드 기본값; 실행 활성/단위는 문맥 확인
python/ecsp_v6/config.py,340,validate_config,dict_get,currentDirectionModel,"""signed_normal""",코드 기본값; 실행 활성/단위는 문맥 확인
python/ecsp_v6/config.py,348,validate_config,dict_get,activityFloor,0.0,코드 기본값; 실행 활성/단위는 문맥 확인
python/ecsp_v6/config.py,350,validate_config,dict_get,maximumAbsoluteShift_V,0.0,코드 기본값; 실행 활성/단위는 문맥 확인
python/ecsp_v6/config.py,358,validate_config,dict_get,preconditioner,"""multigrid""",코드 기본값; 실행 활성/단위는 문맥 확인
python/ecsp_v6/config.py,400,validate_config,dict_get,physicsDevice,"""auto""",코드 기본값; 실행 활성/단위는 문맥 확인
python/ecsp_v6/config.py,401,validate_config,dict_get,physicsDtype,"""float64""",코드 기본값; 실행 활성/단위는 문맥 확인
python/ecsp_v6/config.py,415,validate_config,dict_get,modelStatus,"""""",코드 기본값; 실행 활성/단위는 문맥 확인
python/ecsp_v6/config.py,442,validate_config,dict_get,gridSizes,[],코드 기본값; 실행 활성/단위는 문맥 확인
python/ecsp_v6/config.py,539,validate_config,dict_get,generatorMode,"""cad_sequence_diffusion""",코드 기본값; 실행 활성/단위는 문맥 확인
python/ecsp_v6/config.py,552,validate_config,dict_get,representation,"""cad_sequence""",코드 기본값; 실행 활성/단위는 문맥 확인
python/ecsp_v6/config.py,561,validate_config,dict_get,parameterQuantizationLevels,256,코드 기본값; 실행 활성/단위는 문맥 확인
python/ecsp_v6/config.py,582,validate_config,dict_get,autoregressiveTemperature,0.85,코드 기본값; 실행 활성/단위는 문맥 확인
python/ecsp_v6/config.py,594,validate_config,dict_get,latentAuxiliaryHiddenDimension,256,코드 기본값; 실행 활성/단위는 문맥 확인
python/ecsp_v6/config.py,596,validate_config,dict_get,latentValidityNegativeMaximum,0,코드 기본값; 실행 활성/단위는 문맥 확인
python/ecsp_v6/config.py,625,validate_config,dict_get,generationTargetFraction,0.0,코드 기본값; 실행 활성/단위는 문맥 확인
python/ecsp_v6/config.py,632,validate_config,dict_get,bootstrapCount,0,코드 기본값; 실행 활성/단위는 문맥 확인
python/ecsp_v6/config.py,638,validate_config,dict_get,minimumWidthFraction,0.0,코드 기본값; 실행 활성/단위는 문맥 확인
python/ecsp_v6/config.py,640,validate_config,dict_get,maximumWidthFraction,0.0,코드 기본값; 실행 활성/단위는 문맥 확인
python/ecsp_v6/config.py,641,validate_config,dict_get,minimumWidthFraction,0.0,코드 기본값; 실행 활성/단위는 문맥 확인
python/ecsp_v6/config.py,645,validate_config,dict_get,maximumWidthFraction,0.0,코드 기본값; 실행 활성/단위는 문맥 확인
python/ecsp_v6/config.py,650,validate_config,dict_get,maximumWidthFraction,0.0,코드 기본값; 실행 활성/단위는 문맥 확인
python/ecsp_v6/config.py,653,validate_config,dict_get,minimumWidthFraction,0.0,코드 기본값; 실행 활성/단위는 문맥 확인
python/ecsp_v6/config.py,667,validate_config,dict_get,minimumFilletRadiusFraction,0.0,코드 기본값; 실행 활성/단위는 문맥 확인
python/ecsp_v6/config.py,678,validate_config,dict_get,minimumSamplesBeforeAcceptanceGuard,1,코드 기본값; 실행 활성/단위는 문맥 확인
python/ecsp_v6/config.py,682,validate_config,dict_get,componentRasterMinimumPixels,1,코드 기본값; 실행 활성/단위는 문맥 확인
python/ecsp_v6/config.py,684,validate_config,dict_get,samePolarityComponentMoatPixels,0,코드 기본값; 실행 활성/단위는 문맥 확인
python/ecsp_v6/config.py,688,validate_config,dict_get,componentClearanceRepairIterations,1,코드 기본값; 실행 활성/단위는 문맥 확인
python/ecsp_v6/config.py,704,validate_config,dict_get,componentPackingRestarts,1,코드 기본값; 실행 활성/단위는 문맥 확인
python/ecsp_v6/config.py,706,validate_config,dict_get,componentPackingCandidates,8,코드 기본값; 실행 활성/단위는 문맥 확인
python/ecsp_v6/config.py,708,validate_config,dict_get,componentPackingRotationSteps,0,코드 기본값; 실행 활성/단위는 문맥 확인
python/ecsp_v6/config.py,710,validate_config,dict_get,componentPackingMaximumShrinkSteps,0,코드 기본값; 실행 활성/단위는 문맥 확인
python/ecsp_v6/config.py,729,validate_config,dict_get,bootstrapReachabilityAction,"""raise""",코드 기본값; 실행 활성/단위는 문맥 확인
python/ecsp_v6/config.py,747,validate_config,dict_get,sequenceHiddenDimension,192,코드 기본값; 실행 활성/단위는 문맥 확인
python/ecsp_v6/config.py,748,validate_config,dict_get,sequenceAttentionHeads,6,코드 기본값; 실행 활성/단위는 문맥 확인
python/ecsp_v6/config.py,770,validate_config,dict_get,implicit3DBusDocumented,false,코드 기본값; 실행 활성/단위는 문맥 확인
python/ecsp_v6/config.py,889,validate_config,dict_get,fixedAreaTolerancePixels,0,코드 기본값; 실행 활성/단위는 문맥 확인
python/ecsp_v6/config.py,891,validate_config,dict_get,maximumFixedAreaBoundaryEdits,0,코드 기본값; 실행 활성/단위는 문맥 확인
python/ecsp_v6/config.py,893,validate_config,dict_get,maximumFixedAreaBoundaryEditsAfterResize,0,코드 기본값; 실행 활성/단위는 문맥 확인
python/ecsp_v6/config.py,906,validate_config,dict_get,maximumCornerRoundingChangeFraction,0.08,코드 기본값; 실행 활성/단위는 문맥 확인
python/ecsp_v6/config.py,912,validate_config,dict_get,maximumCornerRoundingChangeFractionAfterResize,"""EXPRESSION: manufacturing.get('maximumCornerRoundingChangeFraction', 0.08)""",코드 기본값; 실행 활성/단위는 문맥 확인
python/ecsp_v6/config.py,920,validate_config,dict_get,minimumWidthPixels,1,코드 기본값; 실행 활성/단위는 문맥 확인
python/ecsp_v6/config.py,923,validate_config,dict_get,physicsDtype,"""float64""",코드 기본값; 실행 활성/단위는 문맥 확인
python/ecsp_v6/config.py,980,validate_config,dict_get,quality,{},코드 기본값; 실행 활성/단위는 문맥 확인
python/ecsp_v6/config.py,301,validate_config,dict_get,initialTopShare,0.85,코드 기본값; 실행 활성/단위는 문맥 확인
python/ecsp_v6/config.py,395,validate_config,dict_get,symmetricEquilibration,true,코드 기본값; 실행 활성/단위는 문맥 확인
python/ecsp_v6/config.py,397,validate_config,dict_get,correctionForm,true,코드 기본값; 실행 활성/단위는 문맥 확인
python/ecsp_v6/config.py,426,validate_config,dict_get,coupled,{},코드 기본값; 실행 활성/단위는 문맥 확인
python/ecsp_v6/config.py,435,validate_config,dict_get,reducedCFD,{},코드 기본값; 실행 활성/단위는 문맥 확인
python/ecsp_v6/config.py,437,validate_config,dict_get,multiFidelity,{},코드 기본값; 실행 활성/단위는 문맥 확인
python/ecsp_v6/config.py,614,validate_config,dict_get,count,0,코드 기본값; 실행 활성/단위는 문맥 확인
python/ecsp_v6/config.py,614,validate_config,dict_get,fineTuneCount,0,코드 기본값; 실행 활성/단위는 문맥 확인
python/ecsp_v6/config.py,621,validate_config,dict_get,minimumLabeledSamples,1,코드 기본값; 실행 활성/단위는 문맥 확인
python/ecsp_v6/config.py,669,validate_config,dict_get,minimumProgramMaskIoU,0.82,코드 기본값; 실행 활성/단위는 문맥 확인
python/ecsp_v6/config.py,743,validate_config,dict_get,representation,"""cad_sequence""",코드 기본값; 실행 활성/단위는 문맥 확인
python/ecsp_v6/config.py,801,validate_config,dict_get,minimumWidthPixels,1,코드 기본값; 실행 활성/단위는 문맥 확인
python/ecsp_v6/config.py,805,validate_config,dict_get,minimumWidthPixels,1,코드 기본값; 실행 활성/단위는 문맥 확인
python/ecsp_v6/config.py,876,validate_config,dict_get,maximumTotalElectrodeAreaFraction,1.0,코드 기본값; 실행 활성/단위는 문맥 확인
python/ecsp_v6/config.py,914,validate_config,dict_get,maximumCornerRoundingChangeFraction,0.08,코드 기본값; 실행 활성/단위는 문맥 확인
python/ecsp_v6/config.py,950,validate_config,dict_get,generatorMode,"""cad_sequence_diffusion""",코드 기본값; 실행 활성/단위는 문맥 확인
python/ecsp_v6/config.py,972,validate_config,dict_get,failureFractionAction,"""raise""",코드 기본값; 실행 활성/단위는 문맥 확인
python/ecsp_v6/config.py,235,validate_config,dict_get,selectionPoolMode,"""generated_only""",코드 기본값; 실행 활성/단위는 문맥 확인
python/ecsp_v6/config.py,387,validate_config,dict_get,method,"""auto""",코드 기본값; 실행 활성/단위는 문맥 확인
python/ecsp_v6/config.py,415,validate_config,dict_get,project,{},코드 기본값; 실행 활성/단위는 문맥 확인
python/ecsp_v6/config.py,539,validate_config,dict_get,geometry,{},코드 기본값; 실행 활성/단위는 문맥 확인
python/ecsp_v6/config.py,980,validate_config,dict_get,reducedCFD,{},코드 기본값; 실행 활성/단위는 문맥 확인
python/ecsp_v6/config.py,46,apply_compatibility_profile,dict_get,compatibilityProfile,"""current""",코드 기본값; 실행 활성/단위는 문맥 확인
python/ecsp_v6/config.py,693,validate_config,dict_get,componentClearanceRepairMode,"""constructive_transform_pack_v2""",코드 기본값; 실행 활성/단위는 문맥 확인
python/ecsp_v6/config.py,950,validate_config,dict_get,geometry,{},코드 기본값; 실행 활성/단위는 문맥 확인
python/ecsp_v6/config.py,130,load_config,function_default,override_paths,null,함수 기본 인수; 호출별 override 가능
python/ecsp_v6/manufacturability.py,109,_remove_small_components,literal_assignment,keep[0],false,정적 리터럴; 물리/수치/운영/진단 혼재
python/ecsp_v6/manufacturability.py,137,_limit_total_components,literal_assignment,records,[],정적 리터럴; 물리/수치/운영/진단 혼재
python/ecsp_v6/manufacturability.py,143,_limit_total_components,literal_assignment,keep_a,"""set()""",정적 리터럴; 물리/수치/운영/진단 혼재
python/ecsp_v6/manufacturability.py,144,_limit_total_components,literal_assignment,keep_c,"""set()""",정적 리터럴; 물리/수치/운영/진단 혼재
python/ecsp_v6/manufacturability.py,315,_top_k_mask,literal_assignment,result.ravel()[selected],true,정적 리터럴; 물리/수치/운영/진단 혼재
python/ecsp_v6/manufacturability.py,428,_project_one_polarity_area,literal_assignment,examined,"""set()""",정적 리터럴; 물리/수치/운영/진단 혼재
python/ecsp_v6/manufacturability.py,486,_project_one_polarity_area,literal_assignment,reasons,[],정적 리터럴; 물리/수치/운영/진단 혼재
python/ecsp_v6/manufacturability.py,528,project_geometry_constraints,literal_assignment,orders,"[""anode_first"", ""cathode_first""]",정적 리터럴; 물리/수치/운영/진단 혼재
python/ecsp_v6/manufacturability.py,529,project_geometry_constraints,literal_assignment,candidates,[],정적 리터럴; 물리/수치/운영/진단 혼재
python/ecsp_v6/manufacturability.py,720,_shortest_safe_path,literal_assignment,neighbours,"[[-1, -1], [-1, 0], [-1, 1], [0, -1], [0, 1], [1, -1], [1, 0], [1, 1]]",정적 리터럴; 물리/수치/운영/진단 혼재
python/ecsp_v6/manufacturability.py,811,_connect_one_polarity,literal_assignment,total_added,0,정적 리터럴; 물리/수치/운영/진단 혼재
python/ecsp_v6/manufacturability.py,812,_connect_one_polarity,literal_assignment,total_path,0,정적 리터럴; 물리/수치/운영/진단 혼재
python/ecsp_v6/manufacturability.py,929,connect_same_polarity_networks,literal_assignment,candidates,[],정적 리터럴; 물리/수치/운영/진단 혼재
python/ecsp_v6/manufacturability.py,930,connect_same_polarity_networks,literal_assignment,failure_reasons,[],정적 리터럴; 물리/수치/운영/진단 혼재
python/ecsp_v6/manufacturability.py,992,_cut_clearance_moat,literal_assignment,anode[overlap],false,정적 리터럴; 물리/수치/운영/진단 혼재
python/ecsp_v6/manufacturability.py,993,_cut_clearance_moat,literal_assignment,cathode[overlap],false,정적 리터럴; 물리/수치/운영/진단 혼재
python/ecsp_v6/manufacturability.py,1158,evaluate,literal_assignment,reasons,[],정적 리터럴; 물리/수치/운영/진단 혼재
python/ecsp_v6/manufacturability.py,47,_boundary_zone,literal_assignment,"zone[:, :width]",true,정적 리터럴; 물리/수치/운영/진단 혼재
python/ecsp_v6/manufacturability.py,79,_connectivity_diagnostics,literal_assignment,assumption,"""all 2D islands are connected through a propellant-noncontacting depth-direction/3D bus""",정적 리터럴; 물리/수치/운영/진단 혼재
python/ecsp_v6/manufacturability.py,287,_allowed_area,literal_assignment,"allowed[:border, :]",false,정적 리터럴; 물리/수치/운영/진단 혼재
python/ecsp_v6/manufacturability.py,288,_allowed_area,literal_assignment,"allowed[-border:, :]",false,정적 리터럴; 물리/수치/운영/진단 혼재
python/ecsp_v6/manufacturability.py,289,_allowed_area,literal_assignment,"allowed[:, :border]",false,정적 리터럴; 물리/수치/운영/진단 혼재
python/ecsp_v6/manufacturability.py,290,_allowed_area,literal_assignment,"allowed[:, -border:]",false,정적 리터럴; 물리/수치/운영/진단 혼재
python/ecsp_v6/manufacturability.py,338,_exact_boundary_adjustment,literal_assignment,current.ravel()[candidates[order[:missing]]],true,정적 리터럴; 물리/수치/운영/진단 혼재
python/ecsp_v6/manufacturability.py,399,_project_one_polarity_area,literal_assignment,reasons,[],정적 리터럴; 물리/수치/운영/진단 혼재
python/ecsp_v6/manufacturability.py,534,project_geometry_constraints,literal_assignment,a_diag,{},정적 리터럴; 물리/수치/운영/진단 혼재
python/ecsp_v6/manufacturability.py,535,project_geometry_constraints,literal_assignment,c_diag,{},정적 리터럴; 물리/수치/운영/진단 혼재
python/ecsp_v6/manufacturability.py,536,project_geometry_constraints,literal_assignment,success,true,정적 리터럴; 물리/수치/운영/진단 혼재
python/ecsp_v6/manufacturability.py,537,project_geometry_constraints,literal_assignment,failure_reasons,[],정적 리터럴; 물리/수치/운영/진단 혼재
python/ecsp_v6/manufacturability.py,717,_shortest_safe_path,literal_assignment,"visited[y, x]",true,정적 리터럴; 물리/수치/운영/진단 혼재
python/ecsp_v6/manufacturability.py,751,_shortest_safe_path,literal_assignment,"path[y, x]",true,정적 리터럴; 물리/수치/운영/진단 혼재
python/ecsp_v6/manufacturability.py,798,_connect_one_polarity,literal_assignment,"safe_pixels[:border, :]",false,정적 리터럴; 물리/수치/운영/진단 혼재
python/ecsp_v6/manufacturability.py,799,_connect_one_polarity,literal_assignment,"safe_pixels[-border:, :]",false,정적 리터럴; 물리/수치/운영/진단 혼재
python/ecsp_v6/manufacturability.py,800,_connect_one_polarity,literal_assignment,"safe_pixels[:, :border]",false,정적 리터럴; 물리/수치/운영/진단 혼재
python/ecsp_v6/manufacturability.py,801,_connect_one_polarity,literal_assignment,"safe_pixels[:, -border:]",false,정적 리터럴; 물리/수치/운영/진단 혼재
python/ecsp_v6/manufacturability.py,819,_connect_one_polarity,literal_assignment,sizes[0],0,정적 리터럴; 물리/수치/운영/진단 혼재
python/ecsp_v6/manufacturability.py,922,connect_same_polarity_networks,literal_assignment,base['connectivity_failure_reason'],"""empty_polarity""",정적 리터럴; 물리/수치/운영/진단 혼재
python/ecsp_v6/manufacturability.py,925,connect_same_polarity_networks,literal_assignment,base['connectivity_projection_success'],true,정적 리터럴; 물리/수치/운영/진단 혼재
python/ecsp_v6/manufacturability.py,926,connect_same_polarity_networks,literal_assignment,base['connectivity_projection_order'],"""already_connected""",정적 리터럴; 물리/수치/운영/진단 혼재
python/ecsp_v6/manufacturability.py,1005,_cut_clearance_moat,literal_assignment,anode[conflict_anode],false,정적 리터럴; 물리/수치/운영/진단 혼재
python/ecsp_v6/manufacturability.py,1006,_cut_clearance_moat,literal_assignment,cathode[conflict_cathode],false,정적 리터럴; 물리/수치/운영/진단 혼재
python/ecsp_v6/manufacturability.py,1153,evaluate,literal_assignment,"border_mask[:border, :]",true,정적 리터럴; 물리/수치/운영/진단 혼재
python/ecsp_v6/manufacturability.py,1154,evaluate,literal_assignment,"border_mask[-border:, :]",true,정적 리터럴; 물리/수치/운영/진단 혼재
python/ecsp_v6/manufacturability.py,1155,evaluate,literal_assignment,"border_mask[:, :border]",true,정적 리터럴; 물리/수치/운영/진단 혼재
python/ecsp_v6/manufacturability.py,1156,evaluate,literal_assignment,"border_mask[:, -border:]",true,정적 리터럴; 물리/수치/운영/진단 혼재
python/ecsp_v6/manufacturability.py,1245,evaluate,literal_assignment,corner_audit_source,"""constraint_projection""",정적 리터럴; 물리/수치/운영/진단 혼재
python/ecsp_v6/manufacturability.py,1255,evaluate,literal_assignment,corner_audit_source,"""independent_mask_audit""",정적 리터럴; 물리/수치/운영/진단 혼재
python/ecsp_v6/manufacturability.py,49,_boundary_zone,literal_assignment,"zone[:, -width:]",true,정적 리터럴; 물리/수치/운영/진단 혼재
python/ecsp_v6/manufacturability.py,73,_connectivity_diagnostics,dict_get,electrodeConnectivityMode,"""implicit_3d_bus""",코드 기본값; 실행 활성/단위는 문맥 확인
python/ecsp_v6/manufacturability.py,74,_connectivity_diagnostics,dict_get,implicit3DBusDocumented,false,코드 기본값; 실행 활성/단위는 문맥 확인
python/ecsp_v6/manufacturability.py,75,_connectivity_diagnostics,dict_get,busContactPixels,1,코드 기본값; 실행 활성/단위는 문맥 확인
python/ecsp_v6/manufacturability.py,238,corner_radius_diagnostics,dict_get,maximumCornerRoundingChangeFraction,0.08,코드 기본값; 실행 활성/단위는 문맥 확인
python/ecsp_v6/manufacturability.py,255,_fixed_area_targets,dict_get,targetTotalElectrodeAreaFraction,0.0,코드 기본값; 실행 활성/단위는 문맥 확인
python/ecsp_v6/manufacturability.py,256,_fixed_area_targets,dict_get,targetAnodeShareOfElectrodeArea,0.5,코드 기본값; 실행 활성/단위는 문맥 확인
python/ecsp_v6/manufacturability.py,259,_fixed_area_targets,dict_get,enforceEqualPolarityArea,true,코드 기본값; 실행 활성/단위는 문맥 확인
python/ecsp_v6/manufacturability.py,348,_exact_boundary_adjustment,literal_assignment,current.ravel()[candidates[order[:excess]]],false,정적 리터럴; 물리/수치/운영/진단 혼재
python/ecsp_v6/manufacturability.py,378,_project_one_polarity_area,dict_get,fastFixedAreaProjection,false,코드 기본값; 실행 활성/단위는 문맥 확인
python/ecsp_v6/manufacturability.py,472,_project_one_polarity_area,dict_get,maximumFixedAreaBoundaryEdits,32,코드 기본값; 실행 활성/단위는 문맥 확인
python/ecsp_v6/manufacturability.py,477,_project_one_polarity_area,dict_get,maximumCornerRoundingChangeFraction,0.08,코드 기본값; 실행 활성/단위는 문맥 확인
python/ecsp_v6/manufacturability.py,526,project_geometry_constraints,dict_get,enforceFixedTotalElectrodeArea,false,코드 기본값; 실행 활성/단위는 문맥 확인
python/ecsp_v6/manufacturability.py,539,project_geometry_constraints,literal_assignment,cycle_reasons,[],정적 리터럴; 물리/수치/운영/진단 혼재
python/ecsp_v6/manufacturability.py,596,project_geometry_constraints,literal_assignment,success,false,정적 리터럴; 물리/수치/운영/진단 혼재
python/ecsp_v6/manufacturability.py,789,_connect_one_polarity,dict_get,maximumConnectivityAreaGrowthFraction,2.0,코드 기본값; 실행 활성/단위는 문맥 확인
python/ecsp_v6/manufacturability.py,790,_connect_one_polarity,dict_get,maximumConnectivityBridgePathPixels,0,코드 기본값; 실행 활성/단위는 문맥 확인
python/ecsp_v6/manufacturability.py,1040,repair,dict_get,connectSamePolarityComponents,false,코드 기본값; 실행 활성/단위는 문맥 확인
python/ecsp_v6/manufacturability.py,1097,repair,dict_get,minimumRepairIoU,0.7,코드 기본값; 실행 활성/단위는 문맥 확인
python/ecsp_v6/manufacturability.py,1098,repair,dict_get,rejectExcessiveRepair,true,코드 기본값; 실행 활성/단위는 문맥 확인
python/ecsp_v6/manufacturability.py,1171,evaluate,dict_get,fixedAreaTolerancePixels,0,코드 기본값; 실행 활성/단위는 문맥 확인
python/ecsp_v6/manufacturability.py,1204,evaluate,dict_get,domainSize_m,0.0,코드 기본값; 실행 활성/단위는 문맥 확인
python/ecsp_v6/manufacturability.py,1207,evaluate,dict_get,minimumGap_m,0.0,코드 기본값; 실행 활성/단위는 문맥 확인
python/ecsp_v6/manufacturability.py,1218,evaluate,dict_get,constraint_projection_success,false,코드 기본값; 실행 활성/단위는 문맥 확인
python/ecsp_v6/manufacturability.py,51,_boundary_zone,literal_assignment,"zone[-width:, :]",true,정적 리터럴; 물리/수치/운영/진단 혼재
python/ecsp_v6/manufacturability.py,92,_connectivity_diagnostics,literal_assignment,assumption,"""one connected component per polarity""",정적 리터럴; 물리/수치/운영/진단 혼재
python/ecsp_v6/manufacturability.py,205,_corner_radius_pixels,dict_get,domainSize_m,0.0,코드 기본값; 실행 활성/단위는 문맥 확인
python/ecsp_v6/manufacturability.py,209,_corner_radius_pixels,dict_get,minimumCornerRadius_m,0.0,코드 기본값; 실행 활성/단위는 문맥 확인
python/ecsp_v6/manufacturability.py,212,_corner_radius_pixels,dict_get,minimumCornerRadiusPixels,0,코드 기본값; 실행 활성/단위는 문맥 확인
python/ecsp_v6/manufacturability.py,285,_allowed_area,dict_get,minimumBorderMarginPixels,0,코드 기본값; 실행 활성/단위는 문맥 확인
python/ecsp_v6/manufacturability.py,384,_project_one_polarity_area,dict_get,maximumFixedAreaBoundaryEdits,192,코드 기본값; 실행 활성/단위는 문맥 확인
python/ecsp_v6/manufacturability.py,390,_project_one_polarity_area,dict_get,maximumCornerRoundingChangeFraction,0.08,코드 기본값; 실행 활성/단위는 문맥 확인
python/ecsp_v6/manufacturability.py,592,project_geometry_constraints,literal_assignment,failure_reasons,[],정적 리터럴; 물리/수치/운영/진단 혼재
python/ecsp_v6/manufacturability.py,614,project_geometry_constraints,dict_get,corner_radius_satisfied,"""EXPRESSION: corner_a['corner_radius_satisfied']""",코드 기본값; 실행 활성/단위는 문맥 확인
python/ecsp_v6/manufacturability.py,620,project_geometry_constraints,dict_get,corner_radius_satisfied,"""EXPRESSION: corner_c['corner_radius_satisfied']""",코드 기본값; 실행 활성/단위는 문맥 확인
python/ecsp_v6/manufacturability.py,740,_shortest_safe_path,literal_assignment,"visited[ny, nx]",true,정적 리터럴; 물리/수치/운영/진단 혼재
python/ecsp_v6/manufacturability.py,785,_connect_one_polarity,dict_get,connectivityBridgeWidthPixels,"""EXPRESSION: minimum_width""",코드 기본값; 실행 활성/단위는 문맥 확인
python/ecsp_v6/manufacturability.py,788,_connect_one_polarity,dict_get,minimumBorderMarginPixels,0,코드 기본값; 실행 활성/단위는 문맥 확인
python/ecsp_v6/manufacturability.py,1104,repair,dict_get,constraint_projection_success,false,코드 기본값; 실행 활성/단위는 문맥 확인
python/ecsp_v6/manufacturability.py,1222,evaluate,dict_get,anode_corner_radius_satisfied,"""EXPRESSION: anode_corner['corner_radius_satisfied']""",코드 기본값; 실행 활성/단위는 문맥 확인
python/ecsp_v6/manufacturability.py,1228,evaluate,dict_get,cathode_corner_radius_satisfied,"""EXPRESSION: cathode_corner['corner_radius_satisfied']""",코드 기본값; 실행 활성/단위는 문맥 확인
python/ecsp_v6/manufacturability.py,1234,evaluate,dict_get,anode_corner_rounding_change_fraction,"""EXPRESSION: anode_corner['corner_rounding_change_fraction']""",코드 기본값; 실행 활성/단위는 문맥 확인
python/ecsp_v6/manufacturability.py,1240,evaluate,dict_get,cathode_corner_rounding_change_fraction,"""EXPRESSION: cathode_corner['corner_rounding_change_fraction']""",코드 기본값; 실행 활성/단위는 문맥 확인
python/ecsp_v6/manufacturability.py,1297,evaluate,dict_get,minimumCornerRadius_m,0.0,코드 기본값; 실행 활성/단위는 문맥 확인
python/ecsp_v6/manufacturability.py,53,_boundary_zone,literal_assignment,"zone[:width, :]",true,정적 리터럴; 물리/수치/운영/진단 혼재
python/ecsp_v6/manufacturability.py,84,_connectivity_diagnostics,dict_get,anodeBusBoundary,"""left""",코드 기본값; 실행 활성/단위는 문맥 확인
python/ecsp_v6/manufacturability.py,85,_connectivity_diagnostics,dict_get,cathodeBusBoundary,"""right""",코드 기본값; 실행 활성/단위는 문맥 확인
python/ecsp_v6/manufacturability.py,244,corner_radius_diagnostics,dict_get,minimumCornerRadius_m,0.0,코드 기본값; 실행 활성/단위는 문맥 확인
python/ecsp_v6/manufacturability.py,500,_project_one_polarity_area,dict_get,minimumCornerRadius_m,0.0,코드 기본값; 실행 활성/단위는 문맥 확인
python/ecsp_v6/manufacturability.py,571,project_geometry_constraints,dict_get,corner_radius_satisfied,"""EXPRESSION: corner_a['corner_radius_satisfied']""",코드 기본값; 실행 활성/단위는 문맥 확인
python/ecsp_v6/manufacturability.py,577,project_geometry_constraints,dict_get,corner_radius_satisfied,"""EXPRESSION: corner_c['corner_radius_satisfied']""",코드 기본값; 실행 활성/단위는 문맥 확인
python/ecsp_v6/manufacturability.py,649,project_geometry_constraints,dict_get,corner_projection_adjustment_fraction,"""EXPRESSION: corner_a['corner_rounding_change_fraction']""",코드 기본값; 실행 활성/단위는 문맥 확인
python/ecsp_v6/manufacturability.py,655,project_geometry_constraints,dict_get,corner_projection_adjustment_fraction,"""EXPRESSION: corner_c['corner_rounding_change_fraction']""",코드 기본값; 실행 활성/단위는 문맥 확인
python/ecsp_v6/manufacturability.py,668,project_geometry_constraints,dict_get,minimumCornerRadius_m,0.0,코드 기본값; 실행 활성/단위는 문맥 확인
python/ecsp_v6/manufacturability.py,670,project_geometry_constraints,dict_get,exact_area_edits,0,코드 기본값; 실행 활성/단위는 문맥 확인
python/ecsp_v6/manufacturability.py,671,project_geometry_constraints,dict_get,exact_area_edits,0,코드 기본값; 실행 활성/단위는 문맥 확인
python/ecsp_v6/manufacturability.py,229,corner_radius_diagnostics,dict_get,minimumCornerRadius_m,0.0,코드 기본값; 실행 활성/단위는 문맥 확인
python/ecsp_v6/manufacturability.py,414,_project_one_polarity_area,dict_get,minimumCornerRadius_m,0.0,코드 기본값; 실행 활성/단위는 문맥 확인
python/ecsp_v6/manufacturability.py,1175,evaluate,dict_get,enforceFixedTotalElectrodeArea,false,코드 기본값; 실행 활성/단위는 문맥 확인
python/ecsp_v6/manufacturability.py,550,project_geometry_constraints,dict_get,success,false,코드 기본값; 실행 활성/단위는 문맥 확인
python/ecsp_v6/manufacturability.py,552,project_geometry_constraints,dict_get,success,false,코드 기본값; 실행 활성/단위는 문맥 확인
python/ecsp_v6/manufacturability.py,664,project_geometry_constraints,dict_get,minimum_corner_radius_pixels,"""EXPRESSION: corner_a['minimum_corner_radius_pixels']""",코드 기본값; 실행 활성/단위는 문맥 확인
python/ecsp_v6/manufacturability.py,665,project_geometry_constraints,dict_get,minimum_corner_radius_pixels,"""EXPRESSION: corner_c['minimum_corner_radius_pixels']""",코드 기본값; 실행 활성/단위는 문맥 확인
python/ecsp_v6/manufacturability.py,551,project_geometry_constraints,dict_get,failure_reason,"""""",코드 기본값; 실행 활성/단위는 문맥 확인
python/ecsp_v6/manufacturability.py,553,project_geometry_constraints,dict_get,failure_reason,"""""",코드 기본값; 실행 활성/단위는 문맥 확인
python/ecsp_v6/manufacturability.py,198,_corner_radius_pixels,function_default,pixel_spacing_m,null,함수 기본 인수; 호출별 override 가능
python/ecsp_v6/manufacturability.py,1136,evaluate,function_default,projection_diagnostics,null,함수 기본 인수; 호출별 override 가능
python/ecsp_v6/physics/bc_global.py,43,<module>,literal_assignment,BC_GLOBAL_REACTION,"""1.45 LiClO4 + PVA_repeat -> 2 CO2 + 2 H2O + 0.4 O2 + 1.45 LiCl""",정적 리터럴; 물리/수치/운영/진단 혼재
python/ecsp_v6/physics/bc_global.py,46,<module>,literal_assignment,BC_PAPER_EQUATIONS_USED,"[2, 4, 5, 6, 7, 8, 9, 11, 13, 15, 16, 17, 22, 23, 24]",정적 리터럴; 물리/수치/운영/진단 혼재
python/ecsp_v6/physics/bc_global.py,47,<module>,literal_assignment,BC_PAPER_EQUATIONS_NOT_USED_IN_PREFLAME,"[3, 18, 25, 26, 27, 28, 29, 30, 31]",정적 리터럴; 물리/수치/운영/진단 혼재
python/ecsp_v6/physics/bc_global.py,48,<module>,literal_assignment,BC_EQUATION_32_ROLE,"""postprocessing_identity_only_not_added_as_a_second_heat_source""",정적 리터럴; 물리/수치/운영/진단 혼재
python/ecsp_v6/physics/bc_global.py,52,<module>,literal_assignment,BC_SCALAR_HISTORY_FIELDS,"[""maxTemperature_K"", ""meanTemperature_K"", ""current_A"", ""power_W"", ""energy_J"", ""meanGlobalProgress"", ""maximumGlobalProgress"", ""remainingReactiveMassFraction"", ""onsetAreaFraction"", ""temperatureQualifiedAreaFraction"", ""maximumChannel1Rate_per_s"", ""maximumChannel2Rate_per_s"", ""currentCongestion"", ""speciesLimiterFraction"", ""temperatureCapFraction"", ""chemicalRateCapFraction"", ""equation32ElectricalHeatRate_W"", ""equation32ElectricalHeatEnergy_J"", ""meanJouleHeat_W_per_m3"", ""meanElectrochemicalHeat_W_per_m3"", ""meanChemicalHeat_W_per_m3"", ""anodeCathodeCurrentMismatch"", ""thermalDiffusiveCFL"", ""thermalStabilityCFL""]",정적 리터럴; 물리/수치/운영/진단 혼재
python/ecsp_v6/physics/bc_global.py,80,<module>,literal_assignment,_BC_DEFAULT_MAXIMUM_TIME_STEPS,100000,정적 리터럴; 물리/수치/운영/진단 혼재
python/ecsp_v6/physics/bc_global.py,206,<module>,literal_assignment,BC_SOLVER_ONSET_SNAPSHOT_FIELDS,"[""temperatureAtOnset_K"", ""globalProgressAtOnset"", ""alphaChannel1AtOnset"", ""alphaChannel2AtOnset"", ""cationAtOnset_mol_per_m3"", ""anionAtOnset_mol_per_m3"", ""mobileLPAtOnset_mol_per_m3"", ""mobileWaterAtOnset_mol_per_m3"", ""generatedWaterProductAtOnset_mol_per_m3"", ""electrochemicalLPConsumedAtOnset_mol_per_m3"", ""pvaReactiveRepeatAtOnset_mol_per_m3"", ""potentialAtOnset_V"", ""xiMax_mol_per_m3"", ""molarMassLP_kg_per_mol"", ""molarMassPVARepeat_kg_per_mol"", ""initialReactiveMass_kg_per_m3"", ""qJAtOnset_W_per_m3"", ""qEchemAtOnset_W_per_m3""]",정적 리터럴; 물리/수치/운영/진단 혼재
python/ecsp_v6/physics/bc_global.py,242,<module>,literal_assignment,BC_OPTIONAL_PREFLAME_DIAGNOSTIC_HISTORY_FIELDS,"[""times_s"", ""qJ_W_per_m3"", ""qEchem_W_per_m3"", ""temperatureHistory_K"", ""globalProgressHistory""]",정적 리터럴; 물리/수치/운영/진단 혼재
python/ecsp_v6/physics/bc_global.py,1158,_validate_bc_runtime_contract,literal_assignment,gauge_integer_fields,"[[""gaugeMaximumIterations"", 1, 24], [""gaugeMinimumIterations"", 1, 1]]",정적 리터럴; 물리/수치/운영/진단 혼재
python/ecsp_v6/physics/bc_global.py,1162,_validate_bc_runtime_contract,literal_assignment,resolved_gauge,{},정적 리터럴; 물리/수치/운영/진단 혼재
python/ecsp_v6/physics/bc_global.py,1475,_select_active_batch,literal_assignment,selected,{},정적 리터럴; 물리/수치/운영/진단 혼재
python/ecsp_v6/physics/bc_global.py,1598,continue_bc_onset_batch_to_evaluation,literal_assignment,required_fields,"[""temperatureAtOnset_K"", ""globalProgressAtOnset"", ""alphaChannel1AtOnset"", ""alphaChannel2AtOnset"", ""mobileLPAtOnset_mol_per_m3"", ""mobileWaterAtOnset_mol_per_m3"", ""generatedWaterProductAtOnset_mol_per_m3"", ""electrochemicalLPConsumedAtOnset_mol_per_m3"", ""pvaReactiveRepeatAtOnset_mol_per_m3"", ""propellantMask""]",정적 리터럴; 물리/수치/운영/진단 혼재
python/ecsp_v6/physics/bc_global.py,2454,complete_bc_evaluation_output,literal_assignment,output['finalEffectiveResistanceLegacyAliasDeprecated'],"""preflameTerminationEffectiveResistance_ohm""",정적 리터럴; 물리/수치/운영/진단 혼재
python/ecsp_v6/physics/bc_global.py,2457,complete_bc_evaluation_output,literal_assignment,output['evaluationStateModel'],"""preflame_electrical_to_first_onset_then_zero_electrical_condensed_continuation_to_common_evaluation_time""",정적 리터럴; 물리/수치/운영/진단 혼재
python/ecsp_v6/physics/bc_global.py,2461,complete_bc_evaluation_output,literal_assignment,output['postIgnitionClosure'],"""zero_electrical_condensed_thermal_chemistry_continuation_to_objective_evaluation_time""",정적 리터럴; 물리/수치/운영/진단 혼재
python/ecsp_v6/physics/bc_global.py,2466,complete_bc_evaluation_output,literal_assignment,output['preflameHistorySemantics'],"{""scope"": ""preflame_only_through_each_lane_first_onset"", ""fixedLengthTail"": ""state_and_cumulative_values_held;_instantaneous_values_zero"", ""representsObjectiveContinuation"": false}",정적 리터럴; 물리/수치/운영/진단 혼재
python/ecsp_v6/physics/bc_global.py,2871,run_bc_global_batch,literal_assignment,next_snapshot,0.0,정적 리터럴; 물리/수치/운영/진단 혼재
python/ecsp_v6/physics/bc_global.py,2872,run_bc_global_batch,literal_assignment,snapshot_times,[],정적 리터럴; 물리/수치/운영/진단 혼재
python/ecsp_v6/physics/bc_global.py,2873,run_bc_global_batch,literal_assignment,qj_snapshots,[],정적 리터럴; 물리/수치/운영/진단 혼재
python/ecsp_v6/physics/bc_global.py,2874,run_bc_global_batch,literal_assignment,qe_snapshots,[],정적 리터럴; 물리/수치/운영/진단 혼재
python/ecsp_v6/physics/bc_global.py,2875,run_bc_global_batch,literal_assignment,full_snapshots,"{""temperature_K"": [], ""globalProgress"": []}",정적 리터럴; 물리/수치/운영/진단 혼재
python/ecsp_v6/physics/bc_global.py,2892,run_bc_global_batch,literal_assignment,executed_steps,0,정적 리터럴; 물리/수치/운영/진단 혼재
python/ecsp_v6/physics/bc_global.py,2893,run_bc_global_batch,literal_assignment,terminated_after_all_onsets,false,정적 리터럴; 물리/수치/운영/진단 혼재
python/ecsp_v6/physics/bc_global.py,104,_bc_resource_limits,dict_get,numericalQuality,{},코드 기본값; 실행 활성/단위는 문맥 확인
python/ecsp_v6/physics/bc_global.py,898,_validate_bc_runtime_contract,dict_get,numericalQuality,{},코드 기본값; 실행 활성/단위는 문맥 확인
python/ecsp_v6/physics/bc_global.py,955,_validate_bc_runtime_contract,dict_get,blocking,{},코드 기본값; 실행 활성/단위는 문맥 확인
python/ecsp_v6/physics/bc_global.py,1001,_validate_bc_runtime_contract,dict_get,nonlinearRobin,{},코드 기본값; 실행 활성/단위는 문맥 확인
python/ecsp_v6/physics/bc_global.py,1230,_validate_bc_runtime_contract,dict_get,physicalFloors,{},코드 기본값; 실행 활성/단위는 문맥 확인
python/ecsp_v6/physics/bc_global.py,2675,run_bc_global_batch,dict_get,numericalQuality,{},코드 기본값; 실행 활성/단위는 문맥 확인
python/ecsp_v6/physics/bc_global.py,2677,run_bc_global_batch,literal_assignment,numerical_quality,{},정적 리터럴; 물리/수치/운영/진단 혼재
python/ecsp_v6/physics/bc_global.py,3637,run_bc_global_batch,literal_assignment,instantaneous_names,"[""current_A"", ""power_W"", ""maximumChannel1Rate_per_s"", ""maximumChannel2Rate_per_s"", ""currentCongestion"", ""speciesLimiterFraction"", ""temperatureCapFraction"", ""chemicalRateCapFraction"", ""equation32ElectricalHeatRate_W"", ""meanJouleHeat_W_per_m3"", ""meanElectrochemicalHeat_W_per_m3"", ""meanChemicalHeat_W_per_m3"", ""anodeCathodeCurrentMismatch"", ""thermalDiffusiveCFL"", ""thermalStabilityCFL""]",정적 리터럴; 물리/수치/운영/진단 혼재
python/ecsp_v6/physics/bc_global.py,108,_bc_resource_limits,dict_get,maximumTimeSteps,"""EXPRESSION: _BC_DEFAULT_MAXIMUM_TIME_STEPS""",코드 기본값; 실행 활성/단위는 문맥 확인
python/ecsp_v6/physics/bc_global.py,114,_bc_resource_limits,dict_get,maximumHistoryAllocationBytes,"""EXPRESSION: _BC_DEFAULT_MAXIMUM_HISTORY_ALLOCATION_BYTES""",코드 기본값; 실행 활성/단위는 문맥 확인
python/ecsp_v6/physics/bc_global.py,436,bc_transport_fields,dict_get,enabled,false,코드 기본값; 실행 활성/단위는 문맥 확인
python/ecsp_v6/physics/bc_global.py,817,_validate_bc_config,dict_get,maximum_rate_per_s,1000000.0,코드 기본값; 실행 활성/단위는 문맥 확인
python/ecsp_v6/physics/bc_global.py,856,_validate_bc_runtime_contract,dict_get,evaluationTime_s,"""EXPRESSION: end_time""",코드 기본값; 실행 활성/단위는 문맥 확인
python/ecsp_v6/physics/bc_global.py,902,_validate_bc_runtime_contract,dict_get,maximumExplicitThermalCFL,"""EXPRESSION: numerical_quality.get('maximumDiffusiveCFLFraction', 1.0)""",코드 기본값; 실행 활성/단위는 문맥 확인
python/ecsp_v6/physics/bc_global.py,929,_validate_bc_runtime_contract,dict_get,electrodeMasksRemovePropellant,false,코드 기본값; 실행 활성/단위는 문맥 확인
python/ecsp_v6/physics/bc_global.py,939,_validate_bc_runtime_contract,dict_get,continuedElectricalHeatingAfterOnset,false,코드 기본값; 실행 활성/단위는 문맥 확인
python/ecsp_v6/physics/bc_global.py,1050,_validate_bc_runtime_contract,dict_get,maximumIterationsCoupled,1500,코드 기본값; 실행 활성/단위는 문맥 확인
python/ecsp_v6/physics/bc_global.py,1055,_validate_bc_runtime_contract,dict_get,relativeToleranceCoupled,1e-09,코드 기본값; 실행 활성/단위는 문맥 확인
python/ecsp_v6/physics/bc_global.py,1057,_validate_bc_runtime_contract,dict_get,absoluteTolerance,1e-12,코드 기본값; 실행 활성/단위는 문맥 확인
python/ecsp_v6/physics/bc_global.py,1067,_validate_bc_runtime_contract,dict_get,localInterfaceMinimumIterations,8,코드 기본값; 실행 활성/단위는 문맥 확인
python/ecsp_v6/physics/bc_global.py,1072,_validate_bc_runtime_contract,dict_get,localInterfaceMaximumIterations,60,코드 기본값; 실행 활성/단위는 문맥 확인
python/ecsp_v6/physics/bc_global.py,1077,_validate_bc_runtime_contract,dict_get,localNewtonPolishIterations,2,코드 기본값; 실행 활성/단위는 문맥 확인
python/ecsp_v6/physics/bc_global.py,1082,_validate_bc_runtime_contract,dict_get,maximumIterations,120,코드 기본값; 실행 활성/단위는 문맥 확인
python/ecsp_v6/physics/bc_global.py,1087,_validate_bc_runtime_contract,dict_get,minimumIterationsCoupled,"""EXPRESSION: nonlinear_robin.get('minimumIterations', 2)""",코드 기본값; 실행 활성/단위는 문맥 확인
python/ecsp_v6/physics/bc_global.py,1097,_validate_bc_runtime_contract,dict_get,potentialUnderRelaxation,"""EXPRESSION: nonlinear_robin.get('underRelaxation', 0.35)""",코드 기본값; 실행 활성/단위는 문맥 확인
python/ecsp_v6/physics/bc_global.py,1103,_validate_bc_runtime_contract,dict_get,potentialTolerance_V,0.01,코드 기본값; 실행 활성/단위는 문맥 확인
python/ecsp_v6/physics/bc_global.py,1106,_validate_bc_runtime_contract,dict_get,relativeReactionCurrentTolerance,0.005,코드 기본값; 실행 활성/단위는 문맥 확인
python/ecsp_v6/physics/bc_global.py,1109,_validate_bc_runtime_contract,dict_get,currentBalanceTolerance,0.005,코드 기본값; 실행 활성/단위는 문맥 확인
python/ecsp_v6/physics/bc_global.py,1112,_validate_bc_runtime_contract,dict_get,currentBalanceAbsoluteTolerance_A,1e-12,코드 기본값; 실행 활성/단위는 문맥 확인
python/ecsp_v6/physics/bc_global.py,1115,_validate_bc_runtime_contract,dict_get,localRobinResidualTolerance_A_per_m2,0.01,코드 기본값; 실행 활성/단위는 문맥 확인
python/ecsp_v6/physics/bc_global.py,1118,_validate_bc_runtime_contract,dict_get,localRobinRelativeResidualTolerance,0.0001,코드 기본값; 실행 활성/단위는 문맥 확인
python/ecsp_v6/physics/bc_global.py,1121,_validate_bc_runtime_contract,dict_get,localRoundoffSafetyFactor,2.0,코드 기본값; 실행 활성/단위는 문맥 확인
python/ecsp_v6/physics/bc_global.py,1149,_validate_bc_runtime_contract,dict_get,exponentialArgumentLimit,45.0,코드 기본값; 실행 활성/단위는 문맥 확인
python/ecsp_v6/physics/bc_global.py,1172,_validate_bc_runtime_contract,dict_get,gaugeUnderRelaxation,1.0,코드 기본값; 실행 활성/단위는 문맥 확인
python/ecsp_v6/physics/bc_global.py,1174,_validate_bc_runtime_contract,dict_get,gaugeMaximumStep_V,5.0,코드 기본값; 실행 활성/단위는 문맥 확인
python/ecsp_v6/physics/bc_global.py,1176,_validate_bc_runtime_contract,dict_get,gaugeDerivativeFloor_A_per_V,1e-14,코드 기본값; 실행 활성/단위는 문맥 확인
python/ecsp_v6/physics/bc_global.py,1178,_validate_bc_runtime_contract,dict_get,gaugeBracketMargin_V,25.0,코드 기본값; 실행 활성/단위는 문맥 확인
python/ecsp_v6/physics/bc_global.py,1212,_validate_bc_runtime_contract,dict_get,limiterComparisonRelativeTolerance,1e-07,코드 기본값; 실행 활성/단위는 문맥 확인
python/ecsp_v6/physics/bc_global.py,1348,_validate_bc_runtime_contract,dict_get,initialTemperature_K,"""EXPRESSION: shared_initial""",코드 기본값; 실행 활성/단위는 문맥 확인
python/ecsp_v6/physics/bc_global.py,1350,_validate_bc_runtime_contract,dict_get,initialTemperature_K,"""EXPRESSION: shared_initial""",코드 기본값; 실행 활성/단위는 문맥 확인
python/ecsp_v6/physics/bc_global.py,1362,_validate_bc_runtime_contract,dict_get,ambientTemperature_K,298.15,코드 기본값; 실행 활성/단위는 문맥 확인
python/ecsp_v6/physics/bc_global.py,1363,_validate_bc_runtime_contract,dict_get,minimumTemperature_K,200.0,코드 기본값; 실행 활성/단위는 문맥 확인
python/ecsp_v6/physics/bc_global.py,1364,_validate_bc_runtime_contract,dict_get,maximumTemperature_K,3000.0,코드 기본값; 실행 활성/단위는 문맥 확인
python/ecsp_v6/physics/bc_global.py,1365,_validate_bc_runtime_contract,dict_get,convectionCoefficient_W_per_m2K,0.0,코드 기본값; 실행 활성/단위는 문맥 확인
python/ecsp_v6/physics/bc_global.py,1366,_validate_bc_runtime_contract,dict_get,emissivity,0.0,코드 기본값; 실행 활성/단위는 문맥 확인
python/ecsp_v6/physics/bc_global.py,1368,_validate_bc_runtime_contract,dict_get,stefanBoltzmann_W_per_m2K4,5.670374419e-08,코드 기본값; 실행 활성/단위는 문맥 확인
python/ecsp_v6/physics/bc_global.py,1393,_validate_bc_runtime_contract,dict_get,handoffSnapshotInterval_s,0.02,코드 기본값; 실행 활성/단위는 문맥 확인
python/ecsp_v6/physics/bc_global.py,1806,continue_bc_onset_batch_to_evaluation,dict_get,numericalQuality,{},코드 기본값; 실행 활성/단위는 문맥 확인
python/ecsp_v6/physics/bc_global.py,1808,continue_bc_onset_batch_to_evaluation,literal_assignment,quality,{},정적 리터럴; 물리/수치/운영/진단 혼재
python/ecsp_v6/physics/bc_global.py,2396,complete_bc_evaluation_output,dict_get,maximumTemperatureAtEvaluationTime_K,"""EXPRESSION: output['histories']['maxTemperature_K'][min(_positive_time_step_count(evaluation_time, float(config['bcGlobal']['timeStep_s']), maximum_steps=maximum_time_steps) - 1, output['histories']['maxTemperature_K'].shape[0] - 1)]""",코드 기본값; 실행 활성/단위는 문맥 확인
python/ecsp_v6/physics/bc_global.py,2558,complete_bc_evaluation_output,literal_assignment,output['evaluationFieldSemantics'],"{""potential_V"": ""last_converged_preflame_field_not_energized_at_evaluation_time"", ""allOtherFields"": ""common_objective_evaluation_time""}",정적 리터럴; 물리/수치/운영/진단 혼재
python/ecsp_v6/physics/bc_global.py,2621,run_bc_global_batch,dict_get,evaluationTime_s,"""EXPRESSION: end_time""",코드 기본값; 실행 활성/단위는 문맥 확인
python/ecsp_v6/physics/bc_global.py,2679,run_bc_global_batch,dict_get,maximumExplicitThermalCFL,"""EXPRESSION: numerical_quality.get('maximumDiffusiveCFLFraction', 1.0)""",코드 기본값; 실행 활성/단위는 문맥 확인
python/ecsp_v6/physics/bc_global.py,2861,run_bc_global_batch,dict_get,maximum_rate_per_s,1000000.0,코드 기본값; 실행 활성/단위는 문맥 확인
python/ecsp_v6/physics/bc_global.py,2862,run_bc_global_batch,dict_get,minimumTemperature_K,200.0,코드 기본값; 실행 활성/단위는 문맥 확인
python/ecsp_v6/physics/bc_global.py,2863,run_bc_global_batch,dict_get,maximumTemperature_K,3000.0,코드 기본값; 실행 활성/단위는 문맥 확인
python/ecsp_v6/physics/bc_global.py,2864,run_bc_global_batch,dict_get,ambientTemperature_K,298.15,코드 기본값; 실행 활성/단위는 문맥 확인
python/ecsp_v6/physics/bc_global.py,2865,run_bc_global_batch,dict_get,convectionCoefficient_W_per_m2K,0.0,코드 기본값; 실행 활성/단위는 문맥 확인
python/ecsp_v6/physics/bc_global.py,2866,run_bc_global_batch,dict_get,emissivity,0.0,코드 기본값; 실행 활성/단위는 문맥 확인
python/ecsp_v6/physics/bc_global.py,2867,run_bc_global_batch,dict_get,stefanBoltzmann_W_per_m2K4,5.670374419e-08,코드 기본값; 실행 활성/단위는 문맥 확인
python/ecsp_v6/physics/bc_global.py,2870,run_bc_global_batch,dict_get,handoffSnapshotInterval_s,0.02,코드 기본값; 실행 활성/단위는 문맥 확인
python/ecsp_v6/physics/bc_global.py,374,_property_from_config,dict_get,activation_energy_J_per_mol,0.0,코드 기본값; 실행 활성/단위는 문맥 확인
python/ecsp_v6/physics/bc_global.py,904,_validate_bc_runtime_contract,dict_get,maximumDiffusiveCFLFraction,1.0,코드 기본값; 실행 활성/단위는 문맥 확인
python/ecsp_v6/physics/bc_global.py,933,_validate_bc_runtime_contract,dict_get,hiddenBusConnectionAssumed,true,코드 기본값; 실행 활성/단위는 문맥 확인
python/ecsp_v6/physics/bc_global.py,943,_validate_bc_runtime_contract,dict_get,usePaperMassTransferSaturation,false,코드 기본값; 실행 활성/단위는 문맥 확인
python/ecsp_v6/physics/bc_global.py,944,_validate_bc_runtime_contract,dict_get,enabled,false,코드 기본값; 실행 활성/단위는 문맥 확인
python/ecsp_v6/physics/bc_global.py,949,_validate_bc_runtime_contract,dict_get,includeActivationHeat,false,코드 기본값; 실행 활성/단위는 문맥 확인
python/ecsp_v6/physics/bc_global.py,1089,_validate_bc_runtime_contract,dict_get,minimumIterations,2,코드 기본값; 실행 활성/단위는 문맥 확인
python/ecsp_v6/physics/bc_global.py,1099,_validate_bc_runtime_contract,dict_get,underRelaxation,0.35,코드 기본값; 실행 활성/단위는 문맥 확인
python/ecsp_v6/physics/bc_global.py,1235,_validate_bc_runtime_contract,dict_get,concentration_mol_per_m3,1e-12,코드 기본값; 실행 활성/단위는 문맥 확인
python/ecsp_v6/physics/bc_global.py,1237,_validate_bc_runtime_contract,dict_get,current_A,1e-15,코드 기본값; 실행 활성/단위는 문맥 확인
python/ecsp_v6/physics/bc_global.py,1239,_validate_bc_runtime_contract,dict_get,currentDensity_A_per_m2,1e-12,코드 기본값; 실행 활성/단위는 문맥 확인
python/ecsp_v6/physics/bc_global.py,1242,_validate_bc_runtime_contract,dict_get,currentDensitySlope_A_per_m2_V,1e-12,코드 기본값; 실행 활성/단위는 문맥 확인
python/ecsp_v6/physics/bc_global.py,1245,_validate_bc_runtime_contract,dict_get,conductivity_S_per_m,1e-12,코드 기본값; 실행 활성/단위는 문맥 확인
python/ecsp_v6/physics/bc_global.py,1780,continue_bc_onset_batch_to_evaluation,dict_get,maximum_rate_per_s,1000000.0,코드 기본값; 실행 활성/단위는 문맥 확인
python/ecsp_v6/physics/bc_global.py,1782,continue_bc_onset_batch_to_evaluation,dict_get,ambientTemperature_K,298.15,코드 기본값; 실행 활성/단위는 문맥 확인
python/ecsp_v6/physics/bc_global.py,1783,continue_bc_onset_batch_to_evaluation,dict_get,minimumTemperature_K,200.0,코드 기본값; 실행 활성/단위는 문맥 확인
python/ecsp_v6/physics/bc_global.py,1784,continue_bc_onset_batch_to_evaluation,dict_get,maximumTemperature_K,3000.0,코드 기본값; 실행 활성/단위는 문맥 확인
python/ecsp_v6/physics/bc_global.py,1785,continue_bc_onset_batch_to_evaluation,dict_get,convectionCoefficient_W_per_m2K,0.0,코드 기본값; 실행 활성/단위는 문맥 확인
python/ecsp_v6/physics/bc_global.py,1786,continue_bc_onset_batch_to_evaluation,dict_get,emissivity,0.0,코드 기본값; 실행 활성/단위는 문맥 확인
python/ecsp_v6/physics/bc_global.py,1788,continue_bc_onset_batch_to_evaluation,dict_get,stefanBoltzmann_W_per_m2K4,5.670374419e-08,코드 기본값; 실행 활성/단위는 문맥 확인
python/ecsp_v6/physics/bc_global.py,1810,continue_bc_onset_batch_to_evaluation,dict_get,maximumExplicitThermalCFL,"""EXPRESSION: quality.get('maximumDiffusiveCFLFraction', 1.0)""",코드 기본값; 실행 활성/단위는 문맥 확인
python/ecsp_v6/physics/bc_global.py,2681,run_bc_global_batch,dict_get,maximumDiffusiveCFLFraction,1.0,코드 기본값; 실행 활성/단위는 문맥 확인
python/ecsp_v6/physics/bc_global.py,2726,run_bc_global_batch,dict_get,handoffSnapshotInterval_s,0.02,코드 기본값; 실행 활성/단위는 문맥 확인
python/ecsp_v6/physics/bc_global.py,2814,run_bc_global_batch,dict_get,nonlinearRobinConverged,"""EXPRESSION: torch.ones_like(all_linear_solves_converged)""",코드 기본값; 실행 활성/단위는 문맥 확인
python/ecsp_v6/physics/bc_global.py,3021,run_bc_global_batch,dict_get,nonlinearRobinConverged,"""EXPRESSION: torch.ones_like(all_nonlinear_solves_converged)""",코드 기본값; 실행 활성/단위는 문맥 확인
python/ecsp_v6/physics/bc_global.py,3060,run_bc_global_batch,dict_get,useFullNernstPlanckTransport,true,코드 기본값; 실행 활성/단위는 문맥 확인
python/ecsp_v6/physics/bc_global.py,314,_as_channel,dict_get,label,"""EXPRESSION: label""",코드 기본값; 실행 활성/단위는 문맥 확인
python/ecsp_v6/physics/bc_global.py,315,_as_channel,dict_get,provenance,"""unspecified""",코드 기본값; 실행 활성/단위는 문맥 확인
python/ecsp_v6/physics/bc_global.py,351,_property_from_config,dict_get,mode,"""table""",코드 기본값; 실행 활성/단위는 문맥 확인
python/ecsp_v6/physics/bc_global.py,436,bc_transport_fields,dict_get,augmentedElectronicConduction,{},코드 기본값; 실행 활성/단위는 문맥 확인
python/ecsp_v6/physics/bc_global.py,950,_validate_bc_runtime_contract,dict_get,liquidKineticsGain,0.0,코드 기본값; 실행 활성/단위는 문맥 확인
python/ecsp_v6/physics/bc_global.py,957,_validate_bc_runtime_contract,dict_get,enabled,false,코드 기본값; 실행 활성/단위는 문맥 확인
python/ecsp_v6/physics/bc_global.py,978,_validate_bc_runtime_contract,dict_get,equilibriumPotential_V,0.0,코드 기본값; 실행 활성/단위는 문맥 확인
python/ecsp_v6/physics/bc_global.py,980,_validate_bc_runtime_contract,dict_get,exchangeCurrentDensity_A_per_m2,0.0,코드 기본값; 실행 활성/단위는 문맥 확인
python/ecsp_v6/physics/bc_global.py,982,_validate_bc_runtime_contract,dict_get,chargeTransferCoefficient,0.5,코드 기본값; 실행 활성/단위는 문맥 확인
python/ecsp_v6/physics/bc_global.py,983,_validate_bc_runtime_contract,dict_get,electronNumber,1.0,코드 기본값; 실행 활성/단위는 문맥 확인
python/ecsp_v6/physics/bc_global.py,984,_validate_bc_runtime_contract,dict_get,reverseAvailabilityFraction,1.0,코드 기본값; 실행 활성/단위는 문맥 확인
python/ecsp_v6/physics/bc_global.py,985,_validate_bc_runtime_contract,dict_get,reactionEnthalpy_J_per_mol,0.0,코드 기본값; 실행 활성/단위는 문맥 확인
python/ecsp_v6/physics/bc_global.py,1002,_validate_bc_runtime_contract,dict_get,failOnNonConvergence,true,코드 기본값; 실행 활성/단위는 문맥 확인
python/ecsp_v6/physics/bc_global.py,1003,_validate_bc_runtime_contract,dict_get,failOnNonConvergence,true,코드 기본값; 실행 활성/단위는 문맥 확인
python/ecsp_v6/physics/bc_global.py,1025,_validate_bc_runtime_contract,dict_get,methodCoupled,"""EXPRESSION: potential_solver.get('method', 'auto')""",코드 기본값; 실행 활성/단위는 문맥 확인
python/ecsp_v6/physics/bc_global.py,1030,_validate_bc_runtime_contract,dict_get,preconditioner,"""jacobi""",코드 기본값; 실행 활성/단위는 문맥 확인
python/ecsp_v6/physics/bc_global.py,1042,_validate_bc_runtime_contract,dict_get,symmetricEquilibration,true,코드 기본값; 실행 활성/단위는 문맥 확인
python/ecsp_v6/physics/bc_global.py,1043,_validate_bc_runtime_contract,dict_get,correctionForm,true,코드 기본값; 실행 활성/단위는 문맥 확인
python/ecsp_v6/physics/bc_global.py,1812,continue_bc_onset_batch_to_evaluation,dict_get,maximumDiffusiveCFLFraction,1.0,코드 기본값; 실행 활성/단위는 문맥 확인
python/ecsp_v6/physics/bc_global.py,2692,run_bc_global_batch,dict_get,boundaryCouplingModel,"""""",코드 기본값; 실행 활성/단위는 문맥 확인
python/ecsp_v6/physics/bc_global.py,915,_validate_bc_runtime_contract,dict_get,boundaryCouplingModel,"""""",코드 기본값; 실행 활성/단위는 문맥 확인
python/ecsp_v6/physics/bc_global.py,920,_validate_bc_runtime_contract,dict_get,contactModel,"""surface_overlay_full_propellant""",코드 기본값; 실행 활성/단위는 문맥 확인
python/ecsp_v6/physics/bc_global.py,937,_validate_bc_runtime_contract,dict_get,currentDirectionModel,"""signed_normal""",코드 기본값; 실행 활성/단위는 문맥 확인
python/ecsp_v6/physics/bc_global.py,944,_validate_bc_runtime_contract,dict_get,nernst,{},코드 기본값; 실행 활성/단위는 문맥 확인
python/ecsp_v6/physics/bc_global.py,1026,_validate_bc_runtime_contract,dict_get,method,"""auto""",코드 기본값; 실행 활성/단위는 문맥 확인
python/ecsp_v6/physics/bc_global.py,3689,run_bc_global_batch,literal_assignment,values[step + 1:],0.0,정적 리터럴; 물리/수치/운영/진단 혼재
python/ecsp_v6/physics/bc_global.py,806,_validate_bc_config,dict_get,heat_release_basis,"""per_initial_bulk_propellant_channel_contribution""",코드 기본값; 실행 활성/단위는 문맥 확인
python/ecsp_v6/physics/bc_global.py,2692,run_bc_global_batch,dict_get,interface,{},코드 기본값; 실행 활성/단위는 문맥 확인
python/ecsp_v6/physics/bc_global.py,836,_validate_bc_runtime_contract,function_default,geometry,null,함수 기본 인수; 호출별 override 가능
python/ecsp_v6/physics/composition_model.py,21,<module>,literal_assignment,initial_lp_mol_per_m3,0.0,정적 리터럴; 물리/수치/운영/진단 혼재
python/ecsp_v6/physics/composition_model.py,22,<module>,literal_assignment,initial_pva_repeat_mol_per_m3,0.0,정적 리터럴; 물리/수치/운영/진단 혼재
python/ecsp_v6/physics/composition_model.py,23,<module>,literal_assignment,molar_mass_lp_kg_per_mol,0.10639,정적 리터럴; 물리/수치/운영/진단 혼재
python/ecsp_v6/physics/composition_model.py,24,<module>,literal_assignment,molar_mass_pva_repeat_kg_per_mol,0.04405256,정적 리터럴; 물리/수치/운영/진단 혼재
python/ecsp_v6/physics/composition_model.py,25,<module>,literal_assignment,cured_water_mass_fraction,0.0,정적 리터럴; 물리/수치/운영/진단 혼재
python/ecsp_v6/physics/coupled.py,206,run_coupled_batch,literal_assignment,history_names,"[""maxTemperature_K"", ""meanTemperature_K"", ""current_A"", ""power_W"", ""energy_J"", ""meanChemicalProgress"", ""maxChemicalProgress"", ""areaAveragedUndecomposedFraction"", ""temperatureOnsetAreaFraction"", ""maximumChemicalRate_per_s"", ""meanGasConcentration_mol_per_m3"", ""meanLiquidFraction"", ""meanWaterFraction"", ""meanIonicCurrentFraction"", ""waterReactionFraction"", ""lpReactionFraction"", ""limitingCurrentUtilization"", ""currentCongestion"", ""anodeCathodeCurrentMismatch"", ""speciesLimiterFraction"", ""speciesSubsteps"", ""temperatureCapFraction"", ""gasCapFraction"", ""chemicalRateCapFraction"", ""meanPassivation"", ""meanGasCoverage"", ""maximumNernstShift_V"", ""meanInterfacialActiveAreaFraction"", ""maximumLocalRobinResidual_A_per_m2"", ""maximumLocalRobinRelativeResidual"", ""maximumLocalRobinCombinedResidual"", ""maximumLocalRobinRoundoffFloor_A_per_m2"", ""roundoffLimitedLocalRobinFaceCount"", ""maximumLocalRobinIterations"", ""unresolvedLocalRobinFaceCount"", ""localRobinAllFacesConvergedFraction""]",정적 리터럴; 물리/수치/운영/진단 혼재
python/ecsp_v6/physics/coupled.py,262,run_coupled_batch,literal_assignment,snapshots,{},정적 리터럴; 물리/수치/운영/진단 혼재
python/ecsp_v6/physics/coupled.py,140,run_coupled_batch,dict_get,condensedPhaseMetrics,{},코드 기본값; 실행 활성/단위는 문맥 확인
python/ecsp_v6/physics/coupled.py,147,run_coupled_batch,dict_get,condensedIgnition,{},코드 기본값; 실행 활성/단위는 문맥 확인
python/ecsp_v6/physics/coupled.py,172,run_coupled_batch,dict_get,numerics,{},코드 기본값; 실행 활성/단위는 문맥 확인
python/ecsp_v6/physics/coupled.py,141,run_coupled_batch,dict_get,evaluationTime_s,2.0,코드 기본값; 실행 활성/단위는 문맥 확인
python/ecsp_v6/physics/coupled.py,149,run_coupled_batch,dict_get,decompositionOnsetTemperature_K,622.15,코드 기본값; 실행 활성/단위는 문맥 확인
python/ecsp_v6/physics/coupled.py,152,run_coupled_batch,dict_get,minimumChemicalProgressNumericalGuard,0.0,코드 기본값; 실행 활성/단위는 문맥 확인
python/ecsp_v6/physics/coupled.py,155,run_coupled_batch,dict_get,minimumChemicalRateNumericalGuard_per_s,0.0,코드 기본값; 실행 활성/단위는 문맥 확인
python/ecsp_v6/physics/coupled.py,173,run_coupled_batch,dict_get,progressEnabled,false,코드 기본값; 실행 활성/단위는 문맥 확인
python/ecsp_v6/physics/coupled.py,553,run_coupled_batch,dict_get,maximumNernstShift_V,"""EXPRESSION: torch.zeros(batch, device=geometry.fixed.device, dtype=dtype)""",코드 기본값; 실행 활성/단위는 문맥 확인
python/ecsp_v6/physics/coupled.py,560,run_coupled_batch,dict_get,maximumLocalRobinResidual_A_per_m2,"""EXPRESSION: torch.zeros(batch, device=geometry.fixed.device, dtype=dtype)""",코드 기본값; 실행 활성/단위는 문맥 확인
python/ecsp_v6/physics/coupled.py,564,run_coupled_batch,dict_get,maximumLocalRobinRelativeResidual,"""EXPRESSION: torch.zeros(batch, device=geometry.fixed.device, dtype=dtype)""",코드 기본값; 실행 활성/단위는 문맥 확인
python/ecsp_v6/physics/coupled.py,568,run_coupled_batch,dict_get,maximumLocalRobinCombinedResidual,"""EXPRESSION: torch.zeros(batch, device=geometry.fixed.device, dtype=dtype)""",코드 기본값; 실행 활성/단위는 문맥 확인
python/ecsp_v6/physics/coupled.py,572,run_coupled_batch,dict_get,maximumLocalRobinRoundoffFloor_A_per_m2,"""EXPRESSION: torch.zeros(batch, device=geometry.fixed.device, dtype=dtype)""",코드 기본값; 실행 활성/단위는 문맥 확인
python/ecsp_v6/physics/coupled.py,576,run_coupled_batch,dict_get,roundoffLimitedLocalRobinFaceCount,"""EXPRESSION: torch.zeros(batch, device=geometry.fixed.device, dtype=dtype)""",코드 기본값; 실행 활성/단위는 문맥 확인
python/ecsp_v6/physics/coupled.py,580,run_coupled_batch,dict_get,maximumLocalRobinIterations,"""EXPRESSION: torch.zeros(batch, device=geometry.fixed.device, dtype=dtype)""",코드 기본값; 실행 활성/단위는 문맥 확인
python/ecsp_v6/physics/coupled.py,584,run_coupled_batch,dict_get,unresolvedLocalRobinFaceCount,"""EXPRESSION: torch.zeros(batch, device=geometry.fixed.device, dtype=dtype)""",코드 기본값; 실행 활성/단위는 문맥 확인
python/ecsp_v6/physics/coupled.py,750,run_coupled_batch,dict_get,nonlinearRobinIterations,"""EXPRESSION: torch.zeros(batch, device=geometry.fixed.device, dtype=torch.int64)""",코드 기본값; 실행 활성/단위는 문맥 확인
python/ecsp_v6/physics/coupled.py,754,run_coupled_batch,dict_get,nonlinearRobinConverged,"""EXPRESSION: torch.ones(batch, device=geometry.fixed.device, dtype=torch.bool)""",코드 기본값; 실행 활성/단위는 문맥 확인
python/ecsp_v6/physics/coupled.py,758,run_coupled_batch,dict_get,nonlinearRobinGaugeConverged,"""EXPRESSION: torch.ones(batch, device=geometry.fixed.device, dtype=torch.bool)""",코드 기본값; 실행 활성/단위는 문맥 확인
python/ecsp_v6/physics/coupled.py,762,run_coupled_batch,dict_get,nonlinearRobinCurrentBalanceCombinedResidual,"""EXPRESSION: torch.zeros(batch, device=geometry.fixed.device, dtype=dtype)""",코드 기본값; 실행 활성/단위는 문맥 확인
python/ecsp_v6/physics/coupled.py,766,run_coupled_batch,dict_get,nonlinearRobinGaugeIterations,"""EXPRESSION: torch.zeros(batch, device=geometry.fixed.device, dtype=torch.int64)""",코드 기본값; 실행 활성/단위는 문맥 확인
python/ecsp_v6/physics/coupled.py,770,run_coupled_batch,dict_get,nonlinearRobinGaugeTotalIterations,"""EXPRESSION: torch.zeros(batch, device=geometry.fixed.device, dtype=torch.int64)""",코드 기본값; 실행 활성/단위는 문맥 확인
python/ecsp_v6/physics/coupled.py,774,run_coupled_batch,dict_get,nonlinearRobinGaugeOffset_V,"""EXPRESSION: torch.zeros(batch, device=geometry.fixed.device, dtype=dtype)""",코드 기본값; 실행 활성/단위는 문맥 확인
python/ecsp_v6/physics/coupled.py,778,run_coupled_batch,dict_get,nonlinearRobinGaugeBracketWidth_V,"""EXPRESSION: torch.zeros(batch, device=geometry.fixed.device, dtype=dtype)""",코드 기본값; 실행 활성/단위는 문맥 확인
python/ecsp_v6/physics/coupled.py,782,run_coupled_batch,dict_get,nonlinearRobinAnodeCurrent_A,"""EXPRESSION: reaction['rawAnodeCurrent_A']""",코드 기본값; 실행 활성/단위는 문맥 확인
python/ecsp_v6/physics/coupled.py,785,run_coupled_batch,dict_get,nonlinearRobinCathodeCurrent_A,"""EXPRESSION: reaction['rawCathodeCurrent_A']""",코드 기본값; 실행 활성/단위는 문맥 확인
python/ecsp_v6/physics/coupled.py,788,run_coupled_batch,dict_get,nonlinearRobinAbsoluteCurrentDifference_A,"""EXPRESSION: torch.abs(reaction['rawAnodeCurrent_A'] - reaction['rawCathodeCurrent_A'])""",코드 기본값; 실행 활성/단위는 문맥 확인
python/ecsp_v6/physics/coupled.py,175,run_coupled_batch,dict_get,progressIntervalSteps,"""EXPRESSION: max(steps // 20, 1)""",코드 기본값; 실행 활성/단위는 문맥 확인
python/ecsp_v6/physics/coupled.py,255,run_coupled_batch,dict_get,snapshotTimes_s,[],코드 기본값; 실행 활성/단위는 문맥 확인
python/ecsp_v6/physics/coupled.py,394,run_coupled_batch,dict_get,thermalInsulationFraction,0.0,코드 기본값; 실행 활성/단위는 문맥 확인
python/ecsp_v6/physics/coupled.py,588,run_coupled_batch,dict_get,localRobinAllFacesConverged,"""EXPRESSION: torch.ones(batch, device=geometry.fixed.device, dtype=torch.bool)""",코드 기본값; 실행 활성/단위는 문맥 확인
python/ecsp_v6/physics/coupled.py,394,run_coupled_batch,dict_get,gasCoverage,{},코드 기본값; 실행 활성/단위는 문맥 확인
python/ecsp_v6/physics/coupled.py,394,run_coupled_batch,dict_get,blocking,{},코드 기본값; 실행 활성/단위는 문맥 확인
python/ecsp_v6/physics/electrochem.py,363,compute_current,literal_assignment,robin_like,"""{'surface_bv', 'surface_overlay_bv', 'surface_contact', 'nonlinear_robin', 'robin', 'bv_robin'}""",정적 리터럴; 물리/수치/운영/진단 혼재
python/ecsp_v6/physics/electrochem.py,1057,_gauge_mask_for_geometry,literal_assignment,"interior[..., 0, :]",false,정적 리터럴; 물리/수치/운영/진단 혼재
python/ecsp_v6/physics/electrochem.py,1058,_gauge_mask_for_geometry,literal_assignment,"interior[..., -1, :]",false,정적 리터럴; 물리/수치/운영/진단 혼재
python/ecsp_v6/physics/electrochem.py,1059,_gauge_mask_for_geometry,literal_assignment,"interior[..., :, 0]",false,정적 리터럴; 물리/수치/운영/진단 혼재
python/ecsp_v6/physics/electrochem.py,1060,_gauge_mask_for_geometry,literal_assignment,"interior[..., :, -1]",false,정적 리터럴; 물리/수치/운영/진단 혼재
python/ecsp_v6/physics/electrochem.py,1177,_directional_interface_geometry,literal_assignment,result,{},정적 리터럴; 물리/수치/운영/진단 혼재
python/ecsp_v6/physics/electrochem.py,2653,_solve_nonlinear_robin_potential,literal_assignment,used_iterations,0,정적 리터럴; 물리/수치/운영/진단 혼재
python/ecsp_v6/physics/electrochem.py,3070,interface_reactions,literal_assignment,surface_models,"""{'surface_bv', 'surface_overlay_bv', 'surface_contact'}""",정적 리터럴; 물리/수치/운영/진단 혼재
python/ecsp_v6/physics/electrochem.py,563,_activity_coefficient,dict_get,nernst,{},코드 기본값; 실행 활성/단위는 문맥 확인
python/ecsp_v6/physics/electrochem.py,593,_equilibrium_potential,dict_get,nernst,{},코드 기본값; 실행 활성/단위는 문맥 확인
python/ecsp_v6/physics/electrochem.py,618,update_interfacial_blocking,dict_get,blocking,{},코드 기본값; 실행 활성/단위는 문맥 확인
python/ecsp_v6/physics/electrochem.py,619,update_interfacial_blocking,dict_get,passivation,{},코드 기본값; 실행 활성/단위는 문맥 확인
python/ecsp_v6/physics/electrochem.py,620,update_interfacial_blocking,dict_get,gasCoverage,{},코드 기본값; 실행 활성/단위는 문맥 확인
python/ecsp_v6/physics/electrochem.py,910,_interface_kinetic_candidates,dict_get,nernst,{},코드 기본값; 실행 활성/단위는 문맥 확인
python/ecsp_v6/physics/electrochem.py,923,_interface_kinetic_candidates,dict_get,blocking,{},코드 기본값; 실행 활성/단위는 문맥 확인
python/ecsp_v6/physics/electrochem.py,1074,_gauge_mask_for_geometry,literal_assignment,"mask[batch_index, int(selected[0]), int(selected[1])]",true,정적 리터럴; 물리/수치/운영/진단 혼재
python/ecsp_v6/physics/electrochem.py,1128,_interface_context_fields,dict_get,blocking,{},코드 기본값; 실행 활성/단위는 문맥 확인
python/ecsp_v6/physics/electrochem.py,1135,_interface_context_fields,dict_get,nernst,{},코드 기본값; 실행 활성/단위는 문맥 확인
python/ecsp_v6/physics/electrochem.py,1397,_implicit_bv_surface_contacts,dict_get,nonlinearRobin,{},코드 기본값; 실행 활성/단위는 문맥 확인
python/ecsp_v6/physics/electrochem.py,1850,_implicit_bv_robin_faces,dict_get,nonlinearRobin,{},코드 기본값; 실행 활성/단위는 문맥 확인
python/ecsp_v6/physics/electrochem.py,2389,_balance_nonlinear_robin_gauge,dict_get,nonlinearRobin,{},코드 기본값; 실행 활성/단위는 문맥 확인
python/ecsp_v6/physics/electrochem.py,2581,_solve_nonlinear_robin_potential,dict_get,nonlinearRobin,{},코드 기본값; 실행 활성/단위는 문맥 확인
python/ecsp_v6/physics/electrochem.py,2610,_solve_nonlinear_robin_potential,literal_assignment,legacy_interface['boundaryCouplingModel'],"""legacy_posthoc""",정적 리터럴; 물리/수치/운영/진단 혼재
python/ecsp_v6/physics/electrochem.py,2827,_solve_surface_overlay_potential,dict_get,nonlinearRobin,{},코드 기본값; 실행 활성/단위는 문맥 확인
python/ecsp_v6/physics/electrochem.py,232,_surface_finite_volume_power_density,dict_get,diffusionPotentialEnabled,true,코드 기본값; 실행 활성/단위는 문맥 확인
python/ecsp_v6/physics/electrochem.py,374,compute_current,dict_get,diffusionPotentialEnabled,true,코드 기본값; 실행 활성/단위는 문맥 확인
python/ecsp_v6/physics/electrochem.py,571,_activity_coefficient,dict_get,activityA,0.51,코드 기본값; 실행 활성/단위는 문맥 확인
python/ecsp_v6/physics/electrochem.py,572,_activity_coefficient,dict_get,activityB,1.0,코드 기본값; 실행 활성/단위는 문맥 확인
python/ecsp_v6/physics/electrochem.py,573,_activity_coefficient,dict_get,activityLinearPerMolL,0.0,코드 기본값; 실행 활성/단위는 문맥 확인
python/ecsp_v6/physics/electrochem.py,602,_equilibrium_potential,dict_get,nernstReactionQuotientExponent,-1.0,코드 기본값; 실행 활성/단위는 문맥 확인
python/ecsp_v6/physics/electrochem.py,624,update_interfacial_blocking,dict_get,enabled,false,코드 기본값; 실행 활성/단위는 문맥 확인
python/ecsp_v6/physics/electrochem.py,641,update_interfacial_blocking,dict_get,enabled,false,코드 기본값; 실행 활성/단위는 문맥 확인
python/ecsp_v6/physics/electrochem.py,692,_reaction_candidate,dict_get,reverseAvailabilityFraction,1.0,코드 기본값; 실행 활성/단위는 문맥 확인
python/ecsp_v6/physics/electrochem.py,781,_reaction_candidate_and_deta,dict_get,reverseAvailabilityFraction,1.0,코드 기본값; 실행 활성/단위는 문맥 확인
python/ecsp_v6/physics/electrochem.py,911,_interface_kinetic_candidates,dict_get,activityFloor,1e-06,코드 기본값; 실행 활성/단위는 문맥 확인
python/ecsp_v6/physics/electrochem.py,1136,_interface_context_fields,dict_get,activityFloor,1e-06,코드 기본값; 실행 활성/단위는 문맥 확인
python/ecsp_v6/physics/electrochem.py,1690,_implicit_bv_surface_contacts,dict_get,currentBalanceAbsoluteTolerance_A,1e-12,코드 기본값; 실행 활성/단위는 문맥 확인
python/ecsp_v6/physics/electrochem.py,1691,_implicit_bv_surface_contacts,dict_get,currentBalanceTolerance,0.005,코드 기본값; 실행 활성/단위는 문맥 확인
python/ecsp_v6/physics/electrochem.py,2587,_solve_nonlinear_robin_potential,dict_get,potentialTolerance_V,0.01,코드 기본값; 실행 활성/단위는 문맥 확인
python/ecsp_v6/physics/electrochem.py,2588,_solve_nonlinear_robin_potential,dict_get,relativeReactionCurrentTolerance,0.005,코드 기본값; 실행 활성/단위는 문맥 확인
python/ecsp_v6/physics/electrochem.py,2589,_solve_nonlinear_robin_potential,dict_get,currentBalanceTolerance,0.005,코드 기본값; 실행 활성/단위는 문맥 확인
python/ecsp_v6/physics/electrochem.py,2591,_solve_nonlinear_robin_potential,dict_get,potentialUnderRelaxation,"""EXPRESSION: robin.get('underRelaxation', 0.35)""",코드 기본값; 실행 활성/단위는 문맥 확인
python/ecsp_v6/physics/electrochem.py,2594,_solve_nonlinear_robin_potential,dict_get,failOnNonConvergence,true,코드 기본값; 실행 활성/단위는 문맥 확인
python/ecsp_v6/physics/electrochem.py,2833,_solve_surface_overlay_potential,dict_get,potentialTolerance_V,0.01,코드 기본값; 실행 활성/단위는 문맥 확인
python/ecsp_v6/physics/electrochem.py,2834,_solve_surface_overlay_potential,dict_get,relativeReactionCurrentTolerance,0.005,코드 기본값; 실행 활성/단위는 문맥 확인
python/ecsp_v6/physics/electrochem.py,2836,_solve_surface_overlay_potential,dict_get,potentialUnderRelaxation,"""EXPRESSION: robin.get('underRelaxation', 0.35)""",코드 기본값; 실행 활성/단위는 문맥 확인
python/ecsp_v6/physics/electrochem.py,2840,_solve_surface_overlay_potential,dict_get,failOnNonConvergence,true,코드 기본값; 실행 활성/단위는 문맥 확인
python/ecsp_v6/physics/electrochem.py,575,_activity_coefficient,dict_get,maximumLog10ActivityCoefficientMagnitude,2.0,코드 기본값; 실행 활성/단위는 문맥 확인
python/ecsp_v6/physics/electrochem.py,594,_equilibrium_potential,dict_get,enabled,false,코드 기본값; 실행 활성/단위는 문맥 확인
python/ecsp_v6/physics/electrochem.py,600,_equilibrium_potential,dict_get,activityFloor,1e-06,코드 기본값; 실행 활성/단위는 문맥 확인
python/ecsp_v6/physics/electrochem.py,601,_equilibrium_potential,dict_get,referenceActivity,1.0,코드 기본값; 실행 활성/단위는 문맥 확인
python/ecsp_v6/physics/electrochem.py,605,_equilibrium_potential,dict_get,maximumAbsoluteShift_V,0.3,코드 기본값; 실행 활성/단위는 문맥 확인
python/ecsp_v6/physics/electrochem.py,626,update_interfacial_blocking,dict_get,currentExponent,1.0,코드 기본값; 실행 활성/단위는 문맥 확인
python/ecsp_v6/physics/electrochem.py,627,update_interfacial_blocking,dict_get,formationActivationTemperature_K,350.0,코드 기본값; 실행 활성/단위는 문맥 확인
python/ecsp_v6/physics/electrochem.py,1399,_implicit_bv_surface_contacts,dict_get,localInterfaceMinimumIterations,8,코드 기본값; 실행 활성/단위는 문맥 확인
python/ecsp_v6/physics/electrochem.py,1403,_implicit_bv_surface_contacts,dict_get,localInterfaceMaximumIterations,60,코드 기본값; 실행 활성/단위는 문맥 확인
python/ecsp_v6/physics/electrochem.py,1406,_implicit_bv_surface_contacts,dict_get,localRobinResidualTolerance_A_per_m2,0.01,코드 기본값; 실행 활성/단위는 문맥 확인
python/ecsp_v6/physics/electrochem.py,1409,_implicit_bv_surface_contacts,dict_get,localRobinRelativeResidualTolerance,0.0001,코드 기본값; 실행 활성/단위는 문맥 확인
python/ecsp_v6/physics/electrochem.py,1411,_implicit_bv_surface_contacts,dict_get,localNewtonPolishIterations,2,코드 기본값; 실행 활성/단위는 문맥 확인
python/ecsp_v6/physics/electrochem.py,1413,_implicit_bv_surface_contacts,dict_get,localRoundoffSafetyFactor,2.0,코드 기본값; 실행 활성/단위는 문맥 확인
python/ecsp_v6/physics/electrochem.py,1851,_implicit_bv_robin_faces,dict_get,localInterfaceIterations,60,코드 기본값; 실행 활성/단위는 문맥 확인
python/ecsp_v6/physics/electrochem.py,1854,_implicit_bv_robin_faces,dict_get,localInterfaceMinimumIterations,"""EXPRESSION: min(8, legacy_iterations)""",코드 기본값; 실행 활성/단위는 문맥 확인
python/ecsp_v6/physics/electrochem.py,1859,_implicit_bv_robin_faces,dict_get,localInterfaceMaximumIterations,"""EXPRESSION: max(legacy_iterations, 60)""",코드 기본값; 실행 활성/단위는 문맥 확인
python/ecsp_v6/physics/electrochem.py,1866,_implicit_bv_robin_faces,dict_get,localRobinResidualTolerance_A_per_m2,0.01,코드 기본값; 실행 활성/단위는 문맥 확인
python/ecsp_v6/physics/electrochem.py,1869,_implicit_bv_robin_faces,dict_get,localRobinRelativeResidualTolerance,0.0001,코드 기본값; 실행 활성/단위는 문맥 확인
python/ecsp_v6/physics/electrochem.py,1871,_implicit_bv_robin_faces,dict_get,localNewtonPolishIterations,2,코드 기본값; 실행 활성/단위는 문맥 확인
python/ecsp_v6/physics/electrochem.py,1873,_implicit_bv_robin_faces,dict_get,localRoundoffSafetyFactor,2.0,코드 기본값; 실행 활성/단위는 문맥 확인
python/ecsp_v6/physics/electrochem.py,2231,_implicit_bv_robin_faces,literal_assignment,channel_names,"[[""waterAnode"", ""etaWaterAnodeTimesJ"", ""waterAnodeJWeight"", ""water"", ""etaWater""], [""lpAnode"", ""etaLPAnodeTimesJ"", ""lpAnodeJWeight"", ""lp"", ""etaLP""]]",정적 리터럴; 물리/수치/운영/진단 혼재
python/ecsp_v6/physics/electrochem.py,2258,_implicit_bv_robin_faces,literal_assignment,channel_names,"[[""waterCathode"", ""etaWaterCathodeTimesJ"", ""waterCathodeJWeight"", ""water"", ""etaWater""], [""lpCathode"", ""etaLPCathodeTimesJ"", ""lpCathodeJWeight"", ""lp"", ""etaLP""]]",정적 리터럴; 물리/수치/운영/진단 혼재
python/ecsp_v6/physics/electrochem.py,2391,_balance_nonlinear_robin_gauge,dict_get,currentBalanceTolerance,0.005,코드 기본값; 실행 활성/단위는 문맥 확인
python/ecsp_v6/physics/electrochem.py,2394,_balance_nonlinear_robin_gauge,dict_get,currentBalanceAbsoluteTolerance_A,1e-12,코드 기본값; 실행 활성/단위는 문맥 확인
python/ecsp_v6/physics/electrochem.py,2399,_balance_nonlinear_robin_gauge,dict_get,gaugeMaximumIterations,"""EXPRESSION: min(int(robin.get('gaugeBisectionIterations', 60)), 24)""",코드 기본값; 실행 활성/단위는 문맥 확인
python/ecsp_v6/physics/electrochem.py,2405,_balance_nonlinear_robin_gauge,dict_get,gaugeMinimumIterations,1,코드 기본값; 실행 활성/단위는 문맥 확인
python/ecsp_v6/physics/electrochem.py,2412,_balance_nonlinear_robin_gauge,dict_get,gaugeMaximumStep_V,"""EXPRESSION: max(5.0, 0.25 * abs(voltage - float(config['electrical']['cathodeVoltage_V'])))""",코드 기본값; 실행 활성/단위는 문맥 확인
python/ecsp_v6/physics/electrochem.py,2419,_balance_nonlinear_robin_gauge,dict_get,gaugeDerivativeFloor_A_per_V,1e-14,코드 기본값; 실행 활성/단위는 문맥 확인
python/ecsp_v6/physics/electrochem.py,2421,_balance_nonlinear_robin_gauge,dict_get,gaugeBracketMargin_V,25.0,코드 기본값; 실행 활성/단위는 문맥 확인
python/ecsp_v6/physics/electrochem.py,2582,_solve_nonlinear_robin_potential,dict_get,maximumIterations,120,코드 기본값; 실행 활성/단위는 문맥 확인
python/ecsp_v6/physics/electrochem.py,2591,_solve_nonlinear_robin_potential,dict_get,underRelaxation,0.35,코드 기본값; 실행 활성/단위는 문맥 확인
python/ecsp_v6/physics/electrochem.py,2828,_solve_surface_overlay_potential,dict_get,maximumIterations,120,코드 기본값; 실행 활성/단위는 문맥 확인
python/ecsp_v6/physics/electrochem.py,2836,_solve_surface_overlay_potential,dict_get,underRelaxation,0.35,코드 기본값; 실행 활성/단위는 문맥 확인
python/ecsp_v6/physics/electrochem.py,62,initial_state,dict_get,boundaryCouplingModel,"""legacy_posthoc""",코드 기본값; 실행 활성/단위는 문맥 확인
python/ecsp_v6/physics/electrochem.py,361,compute_current,dict_get,boundaryCouplingModel,"""legacy_posthoc""",코드 기본값; 실행 활성/단위는 문맥 확인
python/ecsp_v6/physics/electrochem.py,420,compute_current,dict_get,jouleHeatModel,"""conductive_sigma_E2""",코드 기본값; 실행 활성/단위는 문맥 확인
python/ecsp_v6/physics/electrochem.py,564,_activity_coefficient,dict_get,activityCoefficientModel,"""unity""",코드 기본값; 실행 활성/단위는 문맥 확인
python/ecsp_v6/physics/electrochem.py,625,update_interfacial_blocking,dict_get,referenceCurrentDensity_A_per_m2,1000.0,코드 기본값; 실행 활성/단위는 문맥 확인
python/ecsp_v6/physics/electrochem.py,628,update_interfacial_blocking,dict_get,formationActivationWidth_K,25.0,코드 기본값; 실행 활성/단위는 문맥 확인
python/ecsp_v6/physics/electrochem.py,636,update_interfacial_blocking,dict_get,removalRate_per_s,0.0,코드 기본값; 실행 활성/단위는 문맥 확인
python/ecsp_v6/physics/electrochem.py,642,update_interfacial_blocking,dict_get,referenceGasSource_mol_per_m3_s,100.0,코드 기본값; 실행 활성/단위는 문맥 확인
python/ecsp_v6/physics/electrochem.py,649,update_interfacial_blocking,dict_get,detachmentRate_per_s,0.0,코드 기본값; 실행 활성/단위는 문맥 확인
python/ecsp_v6/physics/electrochem.py,656,update_interfacial_blocking,dict_get,minimumActiveAreaFraction,0.02,코드 기본값; 실행 활성/단위는 문맥 확인
python/ecsp_v6/physics/electrochem.py,925,_interface_kinetic_candidates,dict_get,passivation,"""EXPRESSION: torch.zeros_like(temperature)""",코드 기본값; 실행 활성/단위는 문맥 확인
python/ecsp_v6/physics/electrochem.py,926,_interface_kinetic_candidates,dict_get,gasCoverage,"""EXPRESSION: torch.zeros_like(temperature)""",코드 기본값; 실행 활성/단위는 문맥 확인
python/ecsp_v6/physics/electrochem.py,927,_interface_kinetic_candidates,dict_get,minimumActiveAreaFraction,0.02,코드 기본값; 실행 활성/단위는 문맥 확인
python/ecsp_v6/physics/electrochem.py,1130,_interface_context_fields,dict_get,passivation,"""EXPRESSION: torch.zeros_like(temperature)""",코드 기본값; 실행 활성/단위는 문맥 확인
python/ecsp_v6/physics/electrochem.py,1131,_interface_context_fields,dict_get,gasCoverage,"""EXPRESSION: torch.zeros_like(temperature)""",코드 기본값; 실행 활성/단위는 문맥 확인
python/ecsp_v6/physics/electrochem.py,1132,_interface_context_fields,dict_get,minimumActiveAreaFraction,0.02,코드 기본값; 실행 활성/단위는 문맥 확인
python/ecsp_v6/physics/electrochem.py,2407,_balance_nonlinear_robin_gauge,dict_get,gaugeUnderRelaxation,1.0,코드 기본값; 실행 활성/단위는 문맥 확인
python/ecsp_v6/physics/electrochem.py,2585,_solve_nonlinear_robin_potential,dict_get,minimumIterations,2,코드 기본값; 실행 활성/단위는 문맥 확인
python/ecsp_v6/physics/electrochem.py,2831,_solve_surface_overlay_potential,dict_get,minimumIterations,2,코드 기본값; 실행 활성/단위는 문맥 확인
python/ecsp_v6/physics/electrochem.py,3068,interface_reactions,dict_get,boundaryCouplingModel,"""legacy_posthoc""",코드 기본값; 실행 활성/단위는 문맥 확인
python/ecsp_v6/physics/electrochem.py,3166,interface_reactions,dict_get,currentDirectionModel,"""signed_normal""",코드 기본값; 실행 활성/단위는 문맥 확인
python/ecsp_v6/physics/electrochem.py,3341,solve_electrical_and_reaction,dict_get,boundaryCouplingModel,"""legacy_posthoc""",코드 기본값; 실행 활성/단위는 문맥 확인
python/ecsp_v6/physics/electrochem.py,645,update_interfacial_blocking,dict_get,formationRate_per_s,0.0,코드 기본값; 실행 활성/단위는 문맥 확인
python/ecsp_v6/physics/electrochem.py,62,initial_state,dict_get,interface,{},코드 기본값; 실행 활성/단위는 문맥 확인
python/ecsp_v6/physics/electrochem.py,361,compute_current,dict_get,interface,{},코드 기본값; 실행 활성/단위는 문맥 확인
python/ecsp_v6/physics/electrochem.py,631,update_interfacial_blocking,dict_get,formationRate_per_s,0.0,코드 기본값; 실행 활성/단위는 문맥 확인
python/ecsp_v6/physics/electrochem.py,2401,_balance_nonlinear_robin_gauge,dict_get,gaugeBisectionIterations,60,코드 기본값; 실행 활성/단위는 문맥 확인
python/ecsp_v6/physics/electrochem.py,483,interface_normal_current,function_default,current_direction_model,"""signed_normal""",함수 기본 인수; 호출별 override 가능
python/ecsp_v6/physics/electrochem.py,878,_interface_kinetic_candidates,function_default,potential,null,함수 기본 인수; 호출별 override 가능
python/ecsp_v6/physics/electrochem.py,1006,_robin_face_values,function_default,config,null,함수 기본 인수; 호출별 override 가능
python/ecsp_v6/physics/geometry.py,77,load_and_resize_geometry,literal_assignment,resize_projection_diagnostics,"{""resize_constraint_projection_applied"": false, ""resize_constraint_projection_success"": true}",정적 리터럴; 물리/수치/운영/진단 혼재
python/ecsp_v6/physics/geometry.py,246,load_geometry_batch,literal_assignment,anodes,[],정적 리터럴; 물리/수치/운영/진단 혼재
python/ecsp_v6/physics/geometry.py,247,load_geometry_batch,literal_assignment,cathodes,[],정적 리터럴; 물리/수치/운영/진단 혼재
python/ecsp_v6/physics/geometry.py,248,load_geometry_batch,literal_assignment,diagnostics,[],정적 리터럴; 물리/수치/운영/진단 혼재
python/ecsp_v6/physics/geometry.py,249,load_geometry_batch,literal_assignment,ids,[],정적 리터럴; 물리/수치/운영/진단 혼재
python/ecsp_v6/physics/geometry.py,117,load_and_resize_geometry,literal_assignment,resize_cfg['fastFixedAreaProjection'],true,정적 리터럴; 물리/수치/운영/진단 혼재
python/ecsp_v6/physics/geometry.py,163,load_and_resize_geometry,dict_get,corner_audit_cfg,"""EXPRESSION: effective_cfg""",코드 기본값; 실행 활성/단위는 문맥 확인
python/ecsp_v6/physics/geometry.py,81,load_and_resize_geometry,dict_get,projectConstraintsAfterResize,true,코드 기본값; 실행 활성/단위는 문맥 확인
python/ecsp_v6/physics/geometry.py,154,load_and_resize_geometry,dict_get,resizeFixedAreaRelativeTolerance,0.02,코드 기본값; 실행 활성/단위는 문맥 확인
python/ecsp_v6/physics/geometry.py,165,load_and_resize_geometry,dict_get,enforceCornerRadiusAfterResize,false,코드 기본값; 실행 활성/단위는 문맥 확인
python/ecsp_v6/physics/geometry.py,183,load_and_resize_geometry,dict_get,constraint_projection_success,"""EXPRESSION: resize_projection_diagnostics.get('resize_constraint_projection_success', True)""",코드 기본값; 실행 활성/단위는 문맥 확인
python/ecsp_v6/physics/geometry.py,251,load_geometry_batch,dict_get,npz_path,"""EXPRESSION: row.get('mat_path')""",코드 기본값; 실행 활성/단위는 문맥 확인
python/ecsp_v6/physics/geometry.py,86,load_and_resize_geometry,dict_get,minimumCornerRadius_m,0.0,코드 기본값; 실행 활성/단위는 문맥 확인
python/ecsp_v6/physics/geometry.py,93,load_and_resize_geometry,dict_get,maximumFixedAreaBoundaryEditsAfterResize,2048,코드 기본값; 실행 활성/단위는 문맥 확인
python/ecsp_v6/physics/geometry.py,96,load_and_resize_geometry,dict_get,maximumCornerRoundingChangeFractionAfterResize,"""EXPRESSION: cfg.get('maximumCornerRoundingChangeFraction', 0.01)""",코드 기본값; 실행 활성/단위는 문맥 확인
python/ecsp_v6/physics/geometry.py,102,load_and_resize_geometry,dict_get,enforceCornerRadiusAfterResize,false,코드 기본값; 실행 활성/단위는 문맥 확인
python/ecsp_v6/physics/geometry.py,185,load_and_resize_geometry,dict_get,resize_constraint_projection_success,true,코드 기본값; 실행 활성/단위는 문맥 확인
python/ecsp_v6/physics/geometry.py,90,load_and_resize_geometry,dict_get,minimumCornerRadiusPixels,0,코드 기본값; 실행 활성/단위는 문맥 확인
python/ecsp_v6/physics/geometry.py,98,load_and_resize_geometry,dict_get,maximumCornerRoundingChangeFraction,0.01,코드 기본값; 실행 활성/단위는 문맥 확인
python/ecsp_v6/physics/geometry.py,157,load_and_resize_geometry,dict_get,enforceFixedTotalElectrodeArea,false,코드 기본값; 실행 활성/단위는 문맥 확인
python/ecsp_v6/physics/geometry.py,70,load_and_resize_geometry,function_default,manufacturability_cfg,null,함수 기본 인수; 호출별 override 가능
python/ecsp_v6/physics/numerics.py,55,configure_torch,literal_assignment,torch.backends.cuda.matmul.allow_tf32,false,정적 리터럴; 물리/수치/운영/진단 혼재
python/ecsp_v6/physics/numerics.py,56,configure_torch,literal_assignment,torch.backends.cudnn.allow_tf32,false,정적 리터럴; 물리/수치/운영/진단 혼재
python/ecsp_v6/physics/numerics.py,87,physical_floor,dict_get,physicalFloors,{},코드 기본값; 실행 활성/단위는 문맥 확인
python/ecsp_v6/physics/numerics.py,282,to_cpu_dicts,literal_assignment,result,[],정적 리터럴; 물리/수치/운영/진단 혼재
python/ecsp_v6/physics/numerics.py,87,physical_floor,dict_get,numerics,{},코드 기본값; 실행 활성/단위는 문맥 확인
python/ecsp_v6/physics/numerics.py,50,configure_torch,function_default,deterministic,true,함수 기본 인수; 호출별 override 가능
python/ecsp_v6/physics/numerics.py,123,matlab_gradient,function_default,spacing_y,null,함수 기본 인수; 호출별 override 가능
python/ecsp_v6/physics/potential.py,136,_active_mask,literal_assignment,"active[..., 0, :]",false,정적 리터럴; 물리/수치/운영/진단 혼재
python/ecsp_v6/physics/potential.py,137,_active_mask,literal_assignment,"active[..., -1, :]",false,정적 리터럴; 물리/수치/운영/진단 혼재
python/ecsp_v6/physics/potential.py,138,_active_mask,literal_assignment,"active[..., :, 0]",false,정적 리터럴; 물리/수치/운영/진단 혼재
python/ecsp_v6/physics/potential.py,139,_active_mask,literal_assignment,"active[..., :, -1]",false,정적 리터럴; 물리/수치/운영/진단 혼재
python/ecsp_v6/physics/potential.py,491,_coarsen_linear_system,literal_assignment,"active[..., 0, :]",false,정적 리터럴; 물리/수치/운영/진단 혼재
python/ecsp_v6/physics/potential.py,492,_coarsen_linear_system,literal_assignment,"active[..., -1, :]",false,정적 리터럴; 물리/수치/운영/진단 혼재
python/ecsp_v6/physics/potential.py,493,_coarsen_linear_system,literal_assignment,"active[..., :, 0]",false,정적 리터럴; 물리/수치/운영/진단 혼재
python/ecsp_v6/physics/potential.py,494,_coarsen_linear_system,literal_assignment,"active[..., :, -1]",false,정적 리터럴; 물리/수치/운영/진단 혼재
python/ecsp_v6/physics/potential.py,1577,solve_rb_sor,literal_assignment,"interior[..., 0, :]",false,정적 리터럴; 물리/수치/운영/진단 혼재
python/ecsp_v6/physics/potential.py,1578,solve_rb_sor,literal_assignment,"interior[..., -1, :]",false,정적 리터럴; 물리/수치/운영/진단 혼재
python/ecsp_v6/physics/potential.py,1579,solve_rb_sor,literal_assignment,"interior[..., :, 0]",false,정적 리터럴; 물리/수치/운영/진단 혼재
python/ecsp_v6/physics/potential.py,1580,solve_rb_sor,literal_assignment,"interior[..., :, -1]",false,정적 리터럴; 물리/수치/운영/진단 혼재
python/ecsp_v6/physics/potential.py,199,_build_linear_system,literal_assignment,required,"""{'north', 'east', 'west', 'south'}""",정적 리터럴; 물리/수치/운영/진단 혼재
python/ecsp_v6/physics/potential.py,536,_mg_v_cycle,dict_get,multigrid,{},코드 기본값; 실행 활성/단위는 문맥 확인
python/ecsp_v6/physics/potential.py,1421,solve_direct_cpu,literal_assignment,matrix_rows,[],정적 리터럴; 물리/수치/운영/진단 혼재
python/ecsp_v6/physics/potential.py,1422,solve_direct_cpu,literal_assignment,matrix_columns,[],정적 리터럴; 물리/수치/운영/진단 혼재
python/ecsp_v6/physics/potential.py,1423,solve_direct_cpu,literal_assignment,matrix_values,[],정적 리터럴; 물리/수치/운영/진단 혼재
python/ecsp_v6/physics/potential.py,1668,solve_potential,dict_get,potentialSolver,{},코드 기본값; 실행 활성/단위는 문맥 확인
python/ecsp_v6/physics/potential.py,179,_build_linear_system,dict_get,gaugeValue_V,"""EXPRESSION: torch.zeros(sigma.shape[0], device=sigma.device, dtype=sigma.dtype)""",코드 기본값; 실행 활성/단위는 문맥 확인
python/ecsp_v6/physics/potential.py,537,_mg_v_cycle,dict_get,maximumLevels,6,코드 기본값; 실행 활성/단위는 문맥 확인
python/ecsp_v6/physics/potential.py,538,_mg_v_cycle,dict_get,minimumGridSize,7,코드 기본값; 실행 활성/단위는 문맥 확인
python/ecsp_v6/physics/potential.py,539,_mg_v_cycle,dict_get,preSmooth,2,코드 기본값; 실행 활성/단위는 문맥 확인
python/ecsp_v6/physics/potential.py,540,_mg_v_cycle,dict_get,postSmooth,2,코드 기본값; 실행 활성/단위는 문맥 확인
python/ecsp_v6/physics/potential.py,541,_mg_v_cycle,dict_get,coarseSmooth,24,코드 기본값; 실행 활성/단위는 문맥 확인
python/ecsp_v6/physics/potential.py,542,_mg_v_cycle,dict_get,jacobiOmega,0.7,코드 기본값; 실행 활성/단위는 문맥 확인
python/ecsp_v6/physics/potential.py,551,_mg_v_cycle,dict_get,scaleRestrictedResidualByGridRatioSquared,true,코드 기본값; 실행 활성/단위는 문맥 확인
python/ecsp_v6/physics/potential.py,602,_pcg_correction_core,dict_get,breakdownGuardFactor,16.0,코드 기본값; 실행 활성/단위는 문맥 확인
python/ecsp_v6/physics/potential.py,603,_pcg_correction_core,dict_get,residualGrowthRestartFactor,4.0,코드 기본값; 실행 활성/단위는 문맥 확인
python/ecsp_v6/physics/potential.py,604,_pcg_correction_core,dict_get,residualReplacementRelativeDrift,0.25,코드 기본값; 실행 활성/단위는 문맥 확인
python/ecsp_v6/physics/potential.py,794,_steepest_descent_correction_core,dict_get,breakdownGuardFactor,16.0,코드 기본값; 실행 활성/단위는 문맥 확인
python/ecsp_v6/physics/potential.py,1018,solve_pcg,dict_get,absoluteTolerance,1e-12,코드 기본값; 실행 활성/단위는 문맥 확인
python/ecsp_v6/physics/potential.py,1093,solve_bicgstab,dict_get,absoluteTolerance,1e-12,코드 기본값; 실행 활성/단위는 문맥 확인
python/ecsp_v6/physics/potential.py,1095,solve_bicgstab,dict_get,breakdownGuardFactor,16.0,코드 기본값; 실행 활성/단위는 문맥 확인
python/ecsp_v6/physics/potential.py,1096,solve_bicgstab,dict_get,residualGrowthRestartFactor,4.0,코드 기본값; 실행 활성/단위는 문맥 확인
python/ecsp_v6/physics/potential.py,1394,solve_direct_cpu,dict_get,directMaximumUnknowns,500000,코드 기본값; 실행 활성/단위는 문맥 확인
python/ecsp_v6/physics/potential.py,1504,solve_direct_cpu,dict_get,absoluteTolerance,1e-12,코드 기본값; 실행 활성/단위는 문맥 확인
python/ecsp_v6/physics/potential.py,44,diffusion_current_divergence,dict_get,diffusionPotentialEnabled,true,코드 기본값; 실행 활성/단위는 문맥 확인
python/ecsp_v6/physics/potential.py,605,_pcg_correction_core,dict_get,maximumKrylovRestarts,8,코드 기본값; 실행 활성/단위는 문맥 확인
python/ecsp_v6/physics/potential.py,606,_pcg_correction_core,dict_get,convergenceCheckInterval,5,코드 기본값; 실행 활성/단위는 문맥 확인
python/ecsp_v6/physics/potential.py,795,_steepest_descent_correction_core,dict_get,fallbackCheckInterval,10,코드 기본값; 실행 활성/단위는 문맥 확인
python/ecsp_v6/physics/potential.py,870,_solve_pcg_system,dict_get,iterativeRefinementRounds,3,코드 기본값; 실행 활성/단위는 문맥 확인
python/ecsp_v6/physics/potential.py,872,_solve_pcg_system,dict_get,fallbackMaximumIterations,4000,코드 기본값; 실행 활성/단위는 문맥 확인
python/ecsp_v6/physics/potential.py,997,solve_pcg,dict_get,symmetricEquilibration,true,코드 기본값; 실행 활성/단위는 문맥 확인
python/ecsp_v6/physics/potential.py,999,solve_pcg,dict_get,correctionForm,true,코드 기본값; 실행 활성/단위는 문맥 확인
python/ecsp_v6/physics/potential.py,1043,solve_pcg,dict_get,failOnNonConvergence,true,코드 기본값; 실행 활성/단위는 문맥 확인
python/ecsp_v6/physics/potential.py,1094,solve_bicgstab,dict_get,convergenceCheckInterval,5,코드 기본값; 실행 활성/단위는 문맥 확인
python/ecsp_v6/physics/potential.py,1097,solve_bicgstab,dict_get,maximumKrylovRestarts,8,코드 기본값; 실행 활성/단위는 문맥 확인
python/ecsp_v6/physics/potential.py,1347,solve_bicgstab,dict_get,failOnNonConvergence,true,코드 기본값; 실행 활성/단위는 문맥 확인
python/ecsp_v6/physics/potential.py,1516,solve_direct_cpu,dict_get,failOnNonConvergence,true,코드 기본값; 실행 활성/단위는 문맥 확인
python/ecsp_v6/physics/potential.py,1668,solve_potential,dict_get,numerics,{},코드 기본값; 실행 활성/단위는 문맥 확인
python/ecsp_v6/physics/potential.py,50,diffusion_current_divergence,dict_get,boundaryCouplingModel,"""legacy_posthoc""",코드 기본값; 실행 활성/단위는 문맥 확인
python/ecsp_v6/physics/potential.py,572,_apply_pcg_preconditioner,dict_get,preconditioner,"""multigrid""",코드 기본값; 실행 활성/단위는 문맥 확인
python/ecsp_v6/physics/potential.py,871,_solve_pcg_system,dict_get,fallbackMethod,"""equilibrated_steepest_descent""",코드 기본값; 실행 활성/단위는 문맥 확인
python/ecsp_v6/physics/potential.py,996,solve_pcg,dict_get,preconditioner,"""jacobi""",코드 기본값; 실행 활성/단위는 문맥 확인
python/ecsp_v6/physics/potential.py,1671,solve_potential,dict_get,preconditioner,"""multigrid""",코드 기본값; 실행 활성/단위는 문맥 확인
python/ecsp_v6/physics/potential.py,1685,solve_potential,dict_get,allowNonSPDPreconditionedPCG,false,코드 기본값; 실행 활성/단위는 문맥 확인
python/ecsp_v6/physics/potential.py,1670,solve_potential,dict_get,method,"""auto""",코드 기본값; 실행 활성/단위는 문맥 확인
python/ecsp_v6/physics/potential.py,50,diffusion_current_divergence,dict_get,interface,{},코드 기본값; 실행 활성/단위는 문맥 확인
python/ecsp_v6/physics/potential.py,163,_build_linear_system,dict_get,model,"""""",코드 기본값; 실행 활성/단위는 문맥 확인
python/ecsp_v6/physics/potential.py,1341,solve_bicgstab,dict_get,preconditioner,"""multigrid""",코드 기본값; 실행 활성/단위는 문맥 확인
python/ecsp_v6/physics/potential.py,34,diffusion_current_divergence,function_default,geometry,null,함수 기본 인수; 호출별 override 가능
python/ecsp_v6/physics/potential.py,98,_shift_east,function_default,fill,0.0,함수 기본 인수; 호출별 override 가능
python/ecsp_v6/physics/potential.py,104,_shift_west,function_default,fill,0.0,함수 기본 인수; 호출별 override 가능
python/ecsp_v6/physics/potential.py,110,_shift_north,function_default,fill,0.0,함수 기본 인수; 호출별 override 가능
python/ecsp_v6/physics/potential.py,116,_shift_south,function_default,fill,0.0,함수 기본 인수; 호출별 override 가능
python/ecsp_v6/physics/potential.py,157,_build_linear_system,function_default,face_fixed_values,null,함수 기본 인수; 호출별 override 가능
python/ecsp_v6/physics/potential.py,158,_build_linear_system,function_default,robin_linearization,null,함수 기본 인수; 호출별 override 가능
python/ecsp_v6/physics/potential.py,159,_build_linear_system,function_default,neumann_boundary,null,함수 기본 인수; 호출별 override 가능
python/ecsp_v6/physics/potential.py,534,_mg_v_cycle,function_default,level,0,함수 기본 인수; 호출별 override 가능
python/ecsp_v6/physics/species.py,279,_choose_substeps,dict_get,numerics,{},코드 기본값; 실행 활성/단위는 문맥 확인
python/ecsp_v6/physics/species.py,149,_limited_update,dict_get,limiterComparisonRelativeTolerance,1e-07,코드 기본값; 실행 활성/단위는 문맥 확인
python/ecsp_v6/physics/species.py,351,update_species,dict_get,recomputeTransportEachSpeciesSubstep,true,코드 기본값; 실행 활성/단위는 문맥 확인
python/ecsp_v6/physics/species.py,280,_choose_substeps,dict_get,speciesSubcycling,true,코드 기본값; 실행 활성/단위는 문맥 확인
python/ecsp_v6/physics/species.py,282,_choose_substeps,dict_get,speciesMaximumSubsteps,32,코드 기본값; 실행 활성/단위는 문맥 확인
python/ecsp_v6/physics/species.py,291,_choose_substeps,dict_get,speciesRelativeChangeTarget,0.01,코드 기본값; 실행 활성/단위는 문맥 확인
python/ecsp_v6/physics/species.py,149,_limited_update,dict_get,numerics,{},코드 기본값; 실행 활성/단위는 문맥 확인
python/ecsp_v6/physics/species.py,283,_choose_substeps,dict_get,speciesSubcyclingMode,"""fixed""",코드 기본값; 실행 활성/단위는 문맥 확인
python/ecsp_v6/physics/species.py,351,update_species,dict_get,numerics,{},코드 기본값; 실행 활성/단위는 문맥 확인
python/ecsp_v6/physics/species.py,285,_choose_substeps,dict_get,speciesFixedSubsteps,2,코드 기본값; 실행 활성/단위는 문맥 확인
python/evaluate_area_matched_staggered.py,84,main,literal_assignment,recommendation_recomputed,false,정적 리터럴; 물리/수치/운영/진단 혼재
python/evaluate_area_matched_staggered.py,189,main,dict_get,objective_vector,"""EXPRESSION: baseline.objectives""",코드 기본값; 실행 활성/단위는 문맥 확인
python/evaluate_area_matched_staggered.py,87,main,dict_get,objectives,{},코드 기본값; 실행 활성/단위는 문맥 확인
python/evaluate_area_matched_staggered.py,150,main,literal_assignment,recommendation_recomputed,true,정적 리터럴; 물리/수치/운영/진단 혼재
python/evaluate_area_matched_staggered.py,199,main,dict_get,numerical_constraint_violation,0.0,코드 기본값; 실행 활성/단위는 문맥 확인
python/evaluate_area_matched_staggered.py,107,main,dict_get,genome,{},코드 기본값; 실행 활성/단위는 문맥 확인
python/evaluate_area_matched_staggered.py,126,main,dict_get,metrics,{},코드 기본값; 실행 활성/단위는 문맥 확인
python/evaluate_area_matched_staggered.py,127,main,dict_get,geometry_descriptors,{},코드 기본값; 실행 활성/단위는 문맥 확인
python/evaluate_area_matched_staggered.py,90,main,dict_get,geometry_id,"""RECOMMENDED_AI""",코드 기본값; 실행 활성/단위는 문맥 확인
python/evaluate_area_matched_staggered.py,91,main,dict_get,topology_id,"""UNKNOWN""",코드 기본값; 실행 활성/단위는 문맥 확인
python/evaluate_area_matched_staggered.py,92,main,dict_get,genome,{},코드 기본값; 실행 활성/단위는 문맥 확인
python/evaluate_area_matched_staggered.py,97,main,dict_get,constraint_violation,0.0,코드 기본값; 실행 활성/단위는 문맥 확인
python/evaluate_area_matched_staggered.py,98,main,dict_get,metrics,{},코드 기본값; 실행 활성/단위는 문맥 확인
python/evaluate_area_matched_staggered.py,136,main,dict_get,geometry_id,"""RECOMMENDED_AI""",코드 기본값; 실행 활성/단위는 문맥 확인
python/evaluate_area_matched_staggered.py,137,main,dict_get,topology_id,"""UNKNOWN""",코드 기본값; 실행 활성/단위는 문맥 확인
python/make_a100_cpu48_hybrid_config.py,48,main,literal_assignment,project['device'],"""cuda""",정적 리터럴; 물리/수치/운영/진단 혼재
python/make_a100_cpu48_hybrid_config.py,78,main,literal_assignment,numerics['physicsDevice'],"""cpu""",정적 리터럴; 물리/수치/운영/진단 혼재
python/make_a100_cpu48_hybrid_config.py,79,main,literal_assignment,numerics['physicsDtype'],"""float64""",정적 리터럴; 물리/수치/운영/진단 혼재
python/make_a100_cpu48_hybrid_config.py,46,main,dict_setdefault,project,{},코드 기본값; 실행 활성/단위는 문맥 확인
python/make_a100_cpu48_hybrid_config.py,50,main,dict_setdefault,optimization,{},코드 기본값; 실행 활성/단위는 문맥 확인
python/make_a100_cpu48_hybrid_config.py,53,main,dict_setdefault,evaluator,{},코드 기본값; 실행 활성/단위는 문맥 확인
python/make_a100_cpu48_hybrid_config.py,76,main,dict_setdefault,base_overrides,{},코드 기본값; 실행 활성/단위는 문맥 확인
python/make_a100_cpu48_hybrid_config.py,77,main,dict_setdefault,numerics,{},코드 기본값; 실행 활성/단위는 문맥 확인
python/make_a100_cpu48_hybrid_config.py,81,main,dict_setdefault,minimum_ignition_voltage_search,{},코드 기본값; 실행 활성/단위는 문맥 확인
python/make_a100_cpu48_hybrid_config.py,47,main,dict_get,name,"""ECSP""",코드 기본값; 실행 활성/단위는 문맥 확인
python/mps_numerical_preflight.py,68,_representative_interdigitated_geometry,literal_assignment,"anode[:, margin:n - margin, margin:left_bus_end]",true,정적 리터럴; 물리/수치/운영/진단 혼재
python/mps_numerical_preflight.py,69,_representative_interdigitated_geometry,literal_assignment,"cathode[:, margin:n - margin, right_bus_start:n - margin]",true,정적 리터럴; 물리/수치/운영/진단 혼재
python/mps_numerical_preflight.py,72,_representative_interdigitated_geometry,literal_assignment,count,6,정적 리터럴; 물리/수치/운영/진단 혼재
python/mps_numerical_preflight.py,79,_representative_interdigitated_geometry,literal_assignment,"anode[:, row_a:row_a + finger_width, left_bus_end:anode_tip]",true,정적 리터럴; 물리/수치/운영/진단 혼재
python/mps_numerical_preflight.py,80,_representative_interdigitated_geometry,literal_assignment,"cathode[:, row_c:row_c + finger_width, cathode_tip:right_bus_start]",true,정적 리터럴; 물리/수치/운영/진단 혼재
python/mps_numerical_preflight.py,195,run_preflight,dict_get,deterministic,true,코드 기본값; 실행 활성/단위는 문맥 확인
python/preflight_reactive_a100.py,19,<module>,literal_assignment,NODES,"[""python/tests/test_reactive_tensor_backend.py::test_cuda_fp64_stationary_dynamic_and_batch_parity"", ""python/tests/test_reactive_tensor_backend.py::test_cuda_graph_matches_eager_with_changing_timestep"", ""python/tests/test_reactive_tensor_backend.py::test_tensor_NSGA_workflow_really_dispatches_batch[cuda]""]",정적 리터럴; 물리/수치/운영/진단 혼재
python/preflight_reactive_a100.py,26,source_fingerprint,literal_assignment,entries,{},정적 리터럴; 물리/수치/운영/진단 혼재
python/preflight_reactive_a100.py,53,main,literal_assignment,env['TORCH_CUDA_ARCH_LIST'],"""8.0""",정적 리터럴; 물리/수치/운영/진단 혼재
python/preflight_reactive_a100.py,71,main,literal_assignment,cfg['project']['device'],"""cuda""",정적 리터럴; 물리/수치/운영/진단 혼재
python/preflight_reactive_a100.py,71,main,literal_assignment,cfg['project']['name'],"""ECSP_v8_4_1_nativeBC_tensorCUDA_CPUbaseline_preflight""",정적 리터럴; 물리/수치/운영/진단 혼재
python/preflight_reactive_a100.py,72,main,literal_assignment,cfg['evaluator']['base_overrides']['numerics']['physicsDevice'],"""cuda""",정적 리터럴; 물리/수치/운영/진단 혼재
python/preflight_reactive_a100.py,52,main,literal_assignment,env[key],"""1""",정적 리터럴; 물리/수치/운영/진단 혼재
python/preflight_reactive_a100.py,51,main,dict_get,PYTHONPATH,"""""",코드 기본값; 실행 활성/단위는 문맥 확인
python/preflight_reactive_a100.py,25,source_fingerprint,function_default,root,"""EXPRESSION: ROOT""",함수 기본 인수; 호출별 override 가능
python/run_bc_native.py,22,main,literal_assignment,cfg['evaluator']['backend'],"""bc_global_native""",정적 리터럴; 물리/수치/운영/진단 혼재
python/run_bc_native.py,22,main,literal_assignment,cfg['evaluator']['native']['cpu_workers'],0,정적 리터럴; 물리/수치/운영/진단 혼재
python/run_bc_native.py,48,main,dict_setdefault,TORCH_CUDA_ARCH_LIST,"""8.0""",코드 기본값; 실행 활성/단위는 문맥 확인
python/run_bc_native.py,31,main,dict_get,cpu_budget,8,코드 기본값; 실행 활성/단위는 문맥 확인
python/run_bc_native.py,46,main,dict_get,PYTHONPATH,"""""",코드 기본값; 실행 활성/단위는 문맥 확인
python/run_bc_native.py,34,main,dict_get,parallel_cases,1,코드 기본값; 실행 활성/단위는 문맥 확인
python/run_bc_native.py,32,main,dict_get,host_reserve,2,코드 기본값; 실행 활성/단위는 문맥 확인
python/run_bc_post_onset.py,39,main,dict_get,post_onset,{},코드 기본값; 실행 활성/단위는 문맥 확인
python/run_nsga2_electrical_solid_loop.py,31,set_reproducible_seed,literal_assignment,torch.backends.cuda.matmul.allow_tf32,false,정적 리터럴; 물리/수치/운영/진단 혼재
python/run_nsga2_electrical_solid_loop.py,32,set_reproducible_seed,literal_assignment,torch.backends.cudnn.allow_tf32,false,정적 리터럴; 물리/수치/운영/진단 혼재
python/run_nsga2_electrical_solid_loop.py,151,main,dict_get,seed,20260827,코드 기본값; 실행 활성/단위는 문맥 확인
python/run_nsga2_electrical_solid_loop.py,114,main,dict_setdefault,project,{},코드 기본값; 실행 활성/단위는 문맥 확인
python/run_nsga2_electrical_solid_loop.py,115,main,dict_setdefault,evaluator,{},코드 기본값; 실행 활성/단위는 문맥 확인
python/run_nsga2_electrical_solid_loop.py,117,main,dict_setdefault,optimization,{},코드 기본값; 실행 활성/단위는 문맥 확인
python/run_nsga2_electrical_solid_loop.py,121,main,dict_setdefault,physics,{},코드 기본값; 실행 활성/단위는 문맥 확인
python/run_nsga2_electrical_solid_loop.py,122,main,dict_setdefault,condensed_ignition,{},코드 기본값; 실행 활성/단위는 문맥 확인
python/run_nsga2_electrical_solid_loop.py,125,main,dict_setdefault,evaluator,{},코드 기본값; 실행 활성/단위는 문맥 확인
python/run_nsga2_electrical_solid_loop.py,133,main,dict_setdefault,evaluator,{},코드 기본값; 실행 활성/단위는 문맥 확인
python/run_nsga2_electrical_solid_loop.py,135,main,dict_setdefault,optimization,{},코드 기본값; 실행 활성/단위는 문맥 확인
python/run_nsga2_electrical_solid_loop.py,151,main,dict_get,project,{},코드 기본값; 실행 활성/단위는 문맥 확인
python/run_nsga2_electrical_solid_loop.py,193,main,dict_get,enabled,false,코드 기본값; 실행 활성/단위는 문맥 확인
python/run_nsga2_electrical_solid_loop.py,193,main,dict_get,propagation_refinement,{},코드 기본값; 실행 활성/단위는 문맥 확인
python/validate_bc_global_pipeline.py,112,main,literal_assignment,expected_used,"[2, 4, 5, 6, 7, 8, 9, 11, 13, 15, 16, 17, 22, 23, 24]",정적 리터럴; 물리/수치/운영/진단 혼재
python/validate_bc_global_pipeline.py,113,main,literal_assignment,expected_excluded,"[3, 18, 25, 26, 27, 28, 29, 30, 31]",정적 리터럴; 물리/수치/운영/진단 혼재
python/validate_bc_global_pipeline.py,124,main,literal_assignment,expected_comp,"{""lithium_perchlorate_mass_fraction"": 0.3158, ""water_mass_fraction"": 0.5842, ""pva_mass_fraction"": 0.09, ""glycerol_mass_fraction"": 0.0, ""boric_acid_mass_fraction"": 0.01, ""tungsten_mass_fraction"": 0.0}",정적 리터럴; 물리/수치/운영/진단 혼재
python/validate_bc_global_pipeline.py,153,main,literal_assignment,expected_objectives,"[""ignition_delay_s"", ""area_undecomposed_fraction_at_evaluation_time"", ""minimum_ignition_voltage_V"", ""current_congestion""]",정적 리터럴; 물리/수치/운영/진단 혼재
python/validate_bc_global_pipeline.py,21,__init__,literal_assignment,self.rows,[],정적 리터럴; 물리/수치/운영/진단 혼재
python/validate_bc_global_pipeline.py,296,main,literal_assignment,required,"[""final/preflame_final_pareto_designs.csv"", ""final/propagation_selection.csv"", ""final/all_propagation_refined_designs.csv"", ""final/final_pareto_designs.csv"", ""final/recommended_design.json"", ""final/area_matched_staggered.json"", ""final/area_matched_staggered_propagation.json"", ""final/recommended_vs_area_matched_staggered_propagation.json"", ""RUN_COMPLETE.json""]",정적 리터럴; 물리/수치/운영/진단 혼재
python/validate_bc_global_pipeline.py,330,main,literal_assignment,persisted_handoff_keys,"""set()""",정적 리터럴; 물리/수치/운영/진단 혼재
python/validate_hybrid_a100_cpu48.py,36,_make_mask,literal_assignment,"anode[r0:r1, 5:5 + width]",true,정적 리터럴; 물리/수치/운영/진단 혼재
python/validate_hybrid_a100_cpu48.py,37,_make_mask,literal_assignment,"cathode[r0:r1, n - 5 - width:n - 5]",true,정적 리터럴; 물리/수치/운영/진단 혼재
python/validate_hybrid_a100_cpu48.py,71,main,literal_assignment,dt,0.00025,정적 리터럴; 물리/수치/운영/진단 혼재
python/validate_hybrid_a100_cpu48.py,96,main,literal_assignment,items,[],정적 리터럴; 물리/수치/운영/진단 혼재
python/validate_hybrid_a100_cpu48.py,124,main,literal_assignment,metrics,"[""peakCurrent_A"", ""inputElectricalEnergyAt2s_J"", ""peakCurrentCongestion"", ""peakMaximumTemperature_K""]",정적 리터럴; 물리/수치/운영/진단 혼재
python/validate_hybrid_a100_cpu48.py,130,main,literal_assignment,comparisons,{},정적 리터럴; 물리/수치/운영/진단 혼재
python/validate_hybrid_a100_cpu48.py,40,_make_mask,literal_assignment,"anode[extra_start:extra_start + extra, 5 + width]",true,정적 리터럴; 물리/수치/운영/진단 혼재
python/validate_hybrid_a100_cpu48.py,41,_make_mask,literal_assignment,"cathode[extra_start:extra_start + extra, n - 6 - width]",true,정적 리터럴; 물리/수치/운영/진단 혼재
python/validate_hybrid_a100_cpu48.py,72,main,dict_setdefault,physics,{},코드 기본값; 실행 활성/단위는 문맥 확인
python/validate_hybrid_a100_cpu48.py,73,main,dict_setdefault,condensed_ignition,{},코드 기본값; 실행 활성/단위는 문맥 확인
python/validate_hybrid_a100_cpu48.py,74,main,dict_setdefault,minimum_ignition_voltage_search,{},코드 기본값; 실행 활성/단위는 문맥 확인
python/validate_hybrid_a100_cpu48.py,75,main,dict_get,voltage_V,260.0,코드 기본값; 실행 활성/단위는 문맥 확인
python/validate_hybrid_a100_cpu48.py,77,main,dict_setdefault,evaluator,{},코드 기본값; 실행 활성/단위는 문맥 확인
python/validate_hybrid_a100_cpu48.py,95,main,dict_get,grid_size,96,코드 기본값; 실행 활성/단위는 문맥 확인
python/validate_hybrid_a100_cpu48.py,75,main,dict_get,physics,{},코드 기본값; 실행 활성/단위는 문맥 확인
python/validate_hybrid_a100_cpu48.py,95,main,dict_get,geometry,{},코드 기본값; 실행 활성/단위는 문맥 확인
python/validate_hybrid_a100_cpu48.py,100,main,dict_get,target_area_fraction_per_polarity,0.2,코드 기본값; 실행 활성/단위는 문맥 확인
python/validate_hybrid_a100_cpu48.py,120,main,dict_get,physicsRejected,false,코드 기본값; 실행 활성/단위는 문맥 확인
python/validate_hybrid_a100_cpu48.py,145,main,dict_get,cuda_completed,0,코드 기본값; 실행 활성/단위는 문맥 확인
python/validate_hybrid_a100_cpu48.py,146,main,dict_get,cpu_completed,0,코드 기본값; 실행 활성/단위는 문맥 확인
python/validate_hybrid_a100_cpu48.py,100,main,dict_get,geometry,{},코드 기본값; 실행 활성/단위는 문맥 확인
python/validate_hybrid_a100_cpu48.py,121,main,dict_get,backend,"""""",코드 기본값; 실행 활성/단위는 문맥 확인
python/validate_hybrid_a100_cpu48.py,122,main,dict_get,backend,"""""",코드 기본값; 실행 활성/단위는 문맥 확인
python/validate_hybrid_a100_cpu48.py,24,_make_mask,function_default,variant,0,함수 기본 인수; 호출별 override 가능
python/validate_multicomponent_surface_pairs.py,23,<module>,literal_assignment,REQUIRED_PAIRS,"[[1, 1], [1, 2], [2, 1], [2, 2], [3, 1], [1, 3]]",정적 리터럴; 물리/수치/운영/진단 혼재
python/validate_multicomponent_surface_pairs.py,46,main,literal_assignment,items,[],정적 리터럴; 물리/수치/운영/진단 혼재
python/validate_multicomponent_surface_pairs.py,47,main,literal_assignment,chosen_rows,[],정적 리터럴; 물리/수치/운영/진단 혼재
python/validate_multicomponent_surface_pairs.py,98,main,literal_assignment,evaluator_config['end_time_s'],0.00025,정적 리터럴; 물리/수치/운영/진단 혼재
python/validate_multicomponent_surface_pairs.py,99,main,literal_assignment,evaluator_config['grid_size'],193,정적 리터럴; 물리/수치/운영/진단 혼재
python/validate_multicomponent_surface_pairs.py,100,main,literal_assignment,evaluator_config['base_overrides'],"{""coupled"": {""timeStep_s"": 0.00025, ""endTime_s"": 0.00025, ""electricalUpdateInterval_s"": 0.00025, ""snapshotTimes_s"": []}, ""condensedPhaseMetrics"": {""evaluationTime_s"": 0.00025}}",정적 리터럴; 물리/수치/운영/진단 혼재
python/validate_multicomponent_surface_pairs.py,114,main,literal_assignment,output_rows,[],정적 리터럴; 물리/수치/운영/진단 혼재
python/validate_multicomponent_surface_pairs.py,120,main,dict_get,physicsRejected,false,코드 기본값; 실행 활성/단위는 문맥 확인
python/validate_multicomponent_surface_pairs.py,122,main,dict_get,finalElectricalConverged,false,코드 기본값; 실행 활성/단위는 문맥 확인
python/validate_potential_precision.py,50,_solve,literal_assignment,solver['methodStatic'],"""pcg""",정적 리터럴; 물리/수치/운영/진단 혼재
python/validate_potential_precision.py,51,_solve,literal_assignment,solver['methodCoupled'],"""pcg""",정적 리터럴; 물리/수치/운영/진단 혼재
python/validate_potential_precision.py,52,_solve,literal_assignment,solver['preconditioner'],"""jacobi""",정적 리터럴; 물리/수치/운영/진단 혼재
python/validate_potential_precision.py,53,_solve,literal_assignment,solver['symmetricEquilibration'],true,정적 리터럴; 물리/수치/운영/진단 혼재
python/validate_potential_precision.py,54,_solve,literal_assignment,solver['correctionForm'],true,정적 리터럴; 물리/수치/운영/진단 혼재
python/validate_potential_precision.py,56,_solve,literal_assignment,"(rtol, atol)","[1e-10, 1e-12]",정적 리터럴; 물리/수치/운영/진단 혼재
python/verify_release_manifest.py,11,<module>,literal_assignment,EXCLUDED_DIRS,"""{'build', '.git', '__pycache__', '.native_build', '.pytest_cache', '.ruff_cache', 'runs'}""",정적 리터럴; 물리/수치/운영/진단 혼재
python/verify_release_manifest.py,58,_read_manifest,literal_assignment,entries,{},정적 리터럴; 물리/수치/운영/진단 혼재
python/verify_release_manifest.py,105,verify,literal_assignment,mismatched,[],정적 리터럴; 물리/수치/운영/진단 혼재
