file,line,end_line,function,is_test
python/a100_device_gate.py,23,24,_utc_now,False
python/a100_device_gate.py,27,31,_write_json,False
python/a100_device_gate.py,34,40,_cuda_visible_selector,False
python/a100_device_gate.py,43,86,_nvidia_smi_rows,False
python/a100_device_gate.py,89,136,_select_smi_row,False
python/a100_device_gate.py,139,253,collect_device_report,False
python/a100_device_gate.py,256,337,_load_preflight,False
python/a100_device_gate.py,340,358,_minimal_runtime_device_identity,False
python/a100_device_gate.py,361,415,_record_gate,False
python/a100_device_gate.py,418,450,main,False
python/audit_v800_preservation.py,7,7,sha,False
python/audit_v800_preservation.py,8,50,main,False
python/audit_v810_preservation.py,36,37,_sha256_bytes,False
python/audit_v810_preservation.py,40,45,_sha256_file,False
python/audit_v810_preservation.py,48,59,_included,False
python/audit_v810_preservation.py,62,74,_load_mapping,False
python/audit_v810_preservation.py,77,105,_baseline_zip_files,False
python/audit_v810_preservation.py,108,345,audit,False
python/audit_v810_preservation.py,348,424,_write_report,False
python/audit_v810_preservation.py,427,489,main,False
python/audit_v820_preservation.py,36,37,_sha256_bytes,False
python/audit_v820_preservation.py,40,45,_sha256_file,False
python/audit_v820_preservation.py,48,59,_included,False
python/audit_v820_preservation.py,62,74,_load_mapping,False
python/audit_v820_preservation.py,77,105,_baseline_zip_files,False
python/audit_v820_preservation.py,108,345,audit,False
python/audit_v820_preservation.py,348,424,_write_report,False
python/audit_v820_preservation.py,427,489,main,False
python/benchmark_bc_native_batches.py,15,18,benchmark_items,False
python/benchmark_bc_native_batches.py,20,85,main,False
python/benchmark_reactive_backends.py,19,79,main,False
python/check_bc_native_cuda.py,10,45,main,False
python/compare_bc_native_python.py,12,63,main,False
python/compare_cpp_python_fp64.py,37,64,_run,False
python/compare_cpp_python_fp64.py,67,204,main,False
python/compare_cpu_mps_validation.py,20,43,_pareto_ids,False
python/compare_cpu_mps_validation.py,46,53,_safe_spearman,False
python/compare_cpu_mps_validation.py,56,169,main,False
python/ecsp_cpp/backend.py,24,25,_bool_text,False
python/ecsp_cpp/backend.py,28,39,write_mask_binary,False
python/ecsp_cpp/backend.py,42,56,_channel_values,False
python/ecsp_cpp/backend.py,59,236,serialise_cpp_config,False
python/ecsp_cpp/backend.py,239,248,write_cpp_config,False
python/ecsp_cpp/backend.py,252,258,__init__,False
python/ecsp_cpp/backend.py,260,272,verify,False
python/ecsp_cpp/backend.py,274,303,prepare_case,False
python/ecsp_cpp/backend.py,306,317,launch_prepared_case,False
python/ecsp_cpp/backend.py,320,348,collect_prepared_case,False
python/ecsp_cpp/backend.py,350,360,run_case,False
python/ecsp_cuda/solver.py,40,42,_canonical_numpy_bool_mask,False
python/ecsp_cuda/solver.py,45,54,_strict_json_value,False
python/ecsp_cuda/solver.py,57,60,_same_float,False
python/ecsp_cuda/solver.py,72,104,__init__,False
python/ecsp_cuda/solver.py,106,121,verify,False
python/ecsp_cuda/solver.py,124,143,_validate_common_config,False
python/ecsp_cuda/solver.py,146,160,_channel,False
python/ecsp_cuda/solver.py,162,164,_to_scalar_tensor,False
python/ecsp_cuda/solver.py,166,169,_harmonic,False
python/ecsp_cuda/solver.py,171,172,_sigmoid,False
python/ecsp_cuda/solver.py,174,182,_neumann_edges,False
python/ecsp_cuda/solver.py,184,218,_init_state,False
python/ecsp_cuda/solver.py,220,254,_transport_fields,False
python/ecsp_cuda/solver.py,256,275,_diffusion_rhs,False
python/ecsp_cuda/solver.py,277,317,_build_system,False
python/ecsp_cuda/solver.py,319,328,_apply_A,False
python/ecsp_cuda/solver.py,331,334,_dot,False
python/ecsp_cuda/solver.py,336,422,_solve_pcg,False
python/ecsp_cuda/solver.py,424,431,_activity_gamma,False
python/ecsp_cuda/solver.py,433,442,_eeq,False
python/ecsp_cuda/solver.py,444,485,_channel_eval,False
python/ecsp_cuda/solver.py,487,511,_cell_context,False
python/ecsp_cuda/solver.py,513,604,_solve_faces,False
python/ecsp_cuda/solver.py,606,639,_eval_boundary,False
python/ecsp_cuda/solver.py,641,685,_finish_reaction,False
python/ecsp_cuda/solver.py,687,800,_solve_electrochem,False
python/ecsp_cuda/solver.py,802,812,_gradient,False
python/ecsp_cuda/solver.py,814,837,_compute_current,False
python/ecsp_cuda/solver.py,839,845,_laplacian,False
python/ecsp_cuda/solver.py,847,860,_flux_div_charged,False
python/ecsp_cuda/solver.py,862,871,_flux_div_neutral,False
python/ecsp_cuda/solver.py,873,888,_limited_update,False
python/ecsp_cuda/solver.py,890,929,_update_species,False
python/ecsp_cuda/solver.py,931,949,_update_blocking,False
python/ecsp_cuda/solver.py,951,954,_percentile99,False
python/ecsp_cuda/solver.py,956,1213,_simulate_batch,False
python/ecsp_cuda/solver.py,1215,1247,run_batch,False
python/ecsp_cuda/solver.py,542,552,evaluate,False
python/ecsp_cuda/solver.py,644,649,heat,False
python/ecsp_native/adapter.py,18,26,_native_step_count,False
python/ecsp_native/adapter.py,28,37,_is_time_grid_aligned,False
python/ecsp_native/adapter.py,51,237,pack_config,False
python/ecsp_native/adapter.py,239,251,_canonical_native_bool_mask,False
python/ecsp_native/adapter.py,253,318,run_native_batch,False
python/ecsp_native/adapter.py,320,506,_package,False
python/ecsp_native/adapter.py,40,45,__init__,False
python/ecsp_native/adapter.py,46,49,to_cpu_dicts,False
python/ecsp_native/adapter.py,90,90,floor,False
python/ecsp_native/adapter.py,197,218,prop,False
python/ecsp_native/adapter.py,330,333,evaluation_value,False
python/ecsp_native/adapter.py,334,337,evaluation_peak,False
python/ecsp_native/loader.py,14,26,required_cpp_standard,False
python/ecsp_native/loader.py,28,41,build_info,False
python/ecsp_native/loader.py,44,62,load_native,False
python/ecsp_native/standalone.py,18,30,standalone_build_info,False
python/ecsp_native/standalone.py,32,66,build_standalone,False
python/ecsp_native/standalone.py,68,74,_write_tensor,False
python/ecsp_native/standalone.py,76,79,_read_exact,False
python/ecsp_native/standalone.py,81,92,_read_tensor,False
python/ecsp_native/standalone.py,94,131,run_standalone,False
python/ecsp_nsga2/baselines.py,58,62,_nearest_resize,False
python/ecsp_nsga2/baselines.py,65,67,_component_count,False
python/ecsp_nsga2/baselines.py,70,80,_component_boxes,False
python/ecsp_nsga2/baselines.py,83,86,_minimum_gap_mm,False
python/ecsp_nsga2/baselines.py,89,90,_perimeter,False
python/ecsp_nsga2/baselines.py,93,139,_build_hidden_bus_vertical_staggered_masks,False
python/ecsp_nsga2/baselines.py,142,162,_equal_rectangular_fingers,False
python/ecsp_nsga2/baselines.py,165,173,_vertical_overlap_fraction,False
python/ecsp_nsga2/baselines.py,176,593,generate_area_matched_staggered,False
python/ecsp_nsga2/baselines.py,595,622,write_objective_comparison_csv,False
python/ecsp_nsga2/baselines.py,625,635,_load_font,False
python/ecsp_nsga2/baselines.py,638,686,write_comparison_image,False
python/ecsp_nsga2/baselines.py,689,704,strict_json_dump,False
python/ecsp_nsga2/baselines.py,517,538,component_record,False
python/ecsp_nsga2/baselines.py,690,701,clean,False
python/ecsp_nsga2/bc_native.py,34,49,available_cpu_budget,False
python/ecsp_nsga2/bc_native.py,52,54,_write,False
python/ecsp_nsga2/bc_native.py,57,62,_candidate_failure,False
python/ecsp_nsga2/bc_native.py,218,225,_cpu_init,False
python/ecsp_nsga2/bc_native.py,227,229,_cpu_job,False
python/ecsp_nsga2/bc_native.py,66,121,__init__,False
python/ecsp_nsga2/bc_native.py,123,127,_run_physics,False
python/ecsp_nsga2/bc_native.py,129,169,_safe_run,False
python/ecsp_nsga2/bc_native.py,171,191,_evaluate_chunk,False
python/ecsp_nsga2/bc_native.py,193,201,evaluate_batch,False
python/ecsp_nsga2/bc_native.py,203,213,evaluate_handoff_batch,False
python/ecsp_nsga2/bc_native.py,238,278,__init__,False
python/ecsp_nsga2/bc_native.py,280,286,_start_pool,False
python/ecsp_nsga2/bc_native.py,288,290,close,False
python/ecsp_nsga2/bc_native.py,292,317,evaluate_batch,False
python/ecsp_nsga2/bc_native.py,319,319,evaluate,False
python/ecsp_nsga2/bc_native.py,320,322,evaluate_handoff_batch,False
python/ecsp_nsga2/bc_native.py,323,323,evaluate_handoff,False
python/ecsp_nsga2/bc_native.py,173,182,trials,False
python/ecsp_nsga2/bc_native.py,296,298,submit,False
python/ecsp_nsga2/bc_native.py,299,303,collect,False
python/ecsp_nsga2/bc_vmin.py,13,83,validate_voltage_search_contract,False
python/ecsp_nsga2/bc_vmin.py,86,118,_monotonicity_violation,False
python/ecsp_nsga2/bc_vmin.py,121,255,batched_voltage_search,False
python/ecsp_nsga2/bc_vmin.py,160,181,apply,False
python/ecsp_nsga2/diversity.py,25,27,descriptor_vector,False
python/ecsp_nsga2/diversity.py,30,38,robust_standardize,False
python/ecsp_nsga2/diversity.py,41,78,farthest_point_selection,False
python/ecsp_nsga2/diversity.py,81,127,quota_preserving_mating_pool,False
python/ecsp_nsga2/diversity.py,70,71,min_distance,False
python/ecsp_nsga2/evaluator.py,19,26,_deep_merge,False
python/ecsp_nsga2/evaluator.py,29,37,_load_yaml_if_available,False
python/ecsp_nsga2/evaluator.py,104,127,_normalise_evaluation_time_aliases,False
python/ecsp_nsga2/evaluator.py,130,142,_bc_solver_converged,False
python/ecsp_nsga2/evaluator.py,159,170,_strict_json_value,False
python/ecsp_nsga2/evaluator.py,173,197,_normalise_result,False
python/ecsp_nsga2/evaluator.py,200,213,_lookup,False
python/ecsp_nsga2/evaluator.py,216,331,canonicalise_metrics,False
python/ecsp_nsga2/evaluator.py,3398,3446,create_evaluator,False
python/ecsp_nsga2/evaluator.py,338,339,__init__,False
python/ecsp_nsga2/evaluator.py,341,370,evaluate,False
python/ecsp_nsga2/evaluator.py,382,630,__init__,False
python/ecsp_nsga2/evaluator.py,632,693,_build_geometry_batch,False
python/ecsp_nsga2/evaluator.py,696,709,_tensor_scalar,False
python/ecsp_nsga2/evaluator.py,711,857,_evaluate_chunk,False
python/ecsp_nsga2/evaluator.py,860,897,_failed_geometry_row,False
python/ecsp_nsga2/evaluator.py,899,951,evaluate_batch,False
python/ecsp_nsga2/evaluator.py,953,962,evaluate,False
python/ecsp_nsga2/evaluator.py,974,1272,__init__,False
python/ecsp_nsga2/evaluator.py,1275,1276,_to_python,False
python/ecsp_nsga2/evaluator.py,1279,1302,_failed_geometry_row,False
python/ecsp_nsga2/evaluator.py,1304,1452,_build_geometry_batch,False
python/ecsp_nsga2/evaluator.py,1454,1464,_run_physics,False
python/ecsp_nsga2/evaluator.py,1466,1633,_run_model,False
python/ecsp_nsga2/evaluator.py,1635,1676,_trial_valid,False
python/ecsp_nsga2/evaluator.py,1678,1742,_attach_vmin,False
python/ecsp_nsga2/evaluator.py,1744,1756,_evaluate_chunk,False
python/ecsp_nsga2/evaluator.py,1759,1769,_is_retryable_batch_oom,False
python/ecsp_nsga2/evaluator.py,1772,1775,_is_candidate_scoped_failure,False
python/ecsp_nsga2/evaluator.py,1777,1849,evaluate_batch,False
python/ecsp_nsga2/evaluator.py,1852,1860,_handoff_numpy,False
python/ecsp_nsga2/evaluator.py,1862,2008,_extract_handoff_batch,False
python/ecsp_nsga2/evaluator.py,2010,2052,_failed_handoff_result,False
python/ecsp_nsga2/evaluator.py,2054,2105,evaluate_handoff_batch,False
python/ecsp_nsga2/evaluator.py,2107,2116,evaluate_handoff,False
python/ecsp_nsga2/evaluator.py,2128,2309,__init__,False
python/ecsp_nsga2/evaluator.py,2311,2431,_prepare_cpp_item,False
python/ecsp_nsga2/evaluator.py,2433,2470,_cpp_one,False
python/ecsp_nsga2/evaluator.py,2473,2507,_cpp_failed_geometry_row,False
python/ecsp_nsga2/evaluator.py,2509,2535,_vmin_trial_validity,False
python/ecsp_nsga2/evaluator.py,2537,2560,_vmin_trial_summary,False
python/ecsp_nsga2/evaluator.py,2563,2579,_vmin_monotonicity_ok,False
python/ecsp_nsga2/evaluator.py,2581,2930,_attach_minimum_ignition_voltage_search,False
python/ecsp_nsga2/evaluator.py,2932,3059,evaluate_batch,False
python/ecsp_nsga2/evaluator.py,3061,3068,evaluate,False
python/ecsp_nsga2/evaluator.py,3080,3134,__init__,False
python/ecsp_nsga2/evaluator.py,3136,3149,_candidate_modules,False
python/ecsp_nsga2/evaluator.py,3152,3203,_score_callable,False
python/ecsp_nsga2/evaluator.py,3205,3235,_discover,False
python/ecsp_nsga2/evaluator.py,3237,3247,_write_diagnostics,False
python/ecsp_nsga2/evaluator.py,3249,3314,_build_call,False
python/ecsp_nsga2/evaluator.py,3316,3375,evaluate_batch,False
python/ecsp_nsga2/evaluator.py,3377,3395,evaluate,False
python/ecsp_nsga2/evaluator.py,1685,1728,run_trials,False
python/ecsp_nsga2/evaluator.py,1790,1822,evaluate_resilient,False
python/ecsp_nsga2/evaluator.py,2062,2099,evaluate_resilient,False
python/ecsp_nsga2/evaluator.py,2607,2681,finalise,False
python/ecsp_nsga2/evaluator.py,2740,2742,voltage_dir,False
python/ecsp_nsga2/evaluator.py,1875,1879,spatial,False
python/ecsp_nsga2/evaluator.py,1881,1885,history,False
python/ecsp_nsga2/geometry.py,32,48,minimum_clear_gap_pixels,False
python/ecsp_nsga2/geometry.py,87,89,_canonical_node,False
python/ecsp_nsga2/geometry.py,92,97,topology_signature,False
python/ecsp_nsga2/geometry.py,100,116,_valid_component_pairs,False
python/ecsp_nsga2/geometry.py,119,166,_make_path_template,False
python/ecsp_nsga2/geometry.py,169,213,_attach_parameters,False
python/ecsp_nsga2/geometry.py,216,266,_assign_component_poses,False
python/ecsp_nsga2/geometry.py,268,321,make_topology_templates,False
python/ecsp_nsga2/geometry.py,324,336,instantiate_variant,False
python/ecsp_nsga2/geometry.py,339,378,_walk_tree,False
python/ecsp_nsga2/geometry.py,381,397,genome_to_component_polylines,False
python/ecsp_nsga2/geometry.py,400,407,genome_to_polylines,False
python/ecsp_nsga2/geometry.py,410,458,_draw_polylines,False
python/ecsp_nsga2/geometry.py,461,463,_component_count,False
python/ecsp_nsga2/geometry.py,466,506,_fit_area_components,False
python/ecsp_nsga2/geometry.py,509,514,_minimum_gap_mm,False
python/ecsp_nsga2/geometry.py,517,518,_perimeter,False
python/ecsp_nsga2/geometry.py,521,538,_orientation_entropy,False
python/ecsp_nsga2/geometry.py,541,561,_count_nodes,False
python/ecsp_nsga2/geometry.py,564,574,_branch_stats,False
python/ecsp_nsga2/geometry.py,577,696,rasterize_and_validate,False
python/ecsp_nsga2/geometry.py,699,708,_nodes_in_component,False
python/ecsp_nsga2/geometry.py,711,717,_all_nodes,False
python/ecsp_nsga2/geometry.py,720,721,_component_counts,False
python/ecsp_nsga2/geometry.py,724,728,_strip_pose,False
python/ecsp_nsga2/geometry.py,731,735,_main_chain_tail,False
python/ecsp_nsga2/geometry.py,738,771,_normalise_component_metadata,False
python/ecsp_nsga2/geometry.py,774,778,_reposition_components,False
python/ecsp_nsga2/geometry.py,781,787,_can_add_component,False
python/ecsp_nsga2/geometry.py,790,808,_enforce_component_limits,False
python/ecsp_nsga2/geometry.py,811,824,_new_component,False
python/ecsp_nsga2/geometry.py,827,1003,mutate_genome,False
python/ecsp_nsga2/geometry.py,1006,1034,crossover_genomes,False
python/ecsp_nsga2/geometry.py,1037,1058,save_geometry,False
python/ecsp_nsga2/geometry.py,702,705,visit,False
python/ecsp_nsga2/hybrid.py,55,160,__init__,False
python/ecsp_nsga2/hybrid.py,162,203,_write_hybrid_diagnostics,False
python/ecsp_nsga2/hybrid.py,205,241,_decorate_row,False
python/ecsp_nsga2/hybrid.py,243,255,_cpp_failed_geometry_row,False
python/ecsp_nsga2/hybrid.py,257,275,_cpu_collect,False
python/ecsp_nsga2/hybrid.py,277,290,_gpu_run,False
python/ecsp_nsga2/hybrid.py,293,327,_pop_gpu_batch,False
python/ecsp_nsga2/hybrid.py,329,531,_execute_hybrid_tasks,False
python/ecsp_nsga2/hybrid.py,533,749,_attach_minimum_ignition_voltage_search_hybrid,False
python/ecsp_nsga2/hybrid.py,751,778,evaluate_batch,False
python/ecsp_nsga2/hybrid.py,780,789,evaluate,False
python/ecsp_nsga2/hybrid.py,80,89,_env_or_config_int,False
python/ecsp_nsga2/hybrid.py,542,601,finalise,False
python/ecsp_nsga2/nsga2.py,33,34,_feasible,False
python/ecsp_nsga2/nsga2.py,37,61,constrained_dominates,False
python/ecsp_nsga2/nsga2.py,64,104,fast_non_dominated_sort,False
python/ecsp_nsga2/nsga2.py,107,134,assign_crowding_distance,False
python/ecsp_nsga2/nsga2.py,137,141,rank_and_crowd,False
python/ecsp_nsga2/nsga2.py,144,154,crowded_comparison,False
python/ecsp_nsga2/nsga2.py,157,163,binary_tournament,False
python/ecsp_nsga2/nsga2.py,166,185,environmental_selection,False
python/ecsp_nsga2/nsga2.py,188,191,pareto_front,False
python/ecsp_nsga2/nsga2.py,194,215,select_knee_by_utopia_distance,False
python/ecsp_nsga2/nsga2.py,29,30,is_evaluated,False
python/ecsp_nsga2/post_onset.py,28,55,validate_post_onset_config,False
python/ecsp_nsga2/post_onset.py,58,69,handoff_digest,False
python/ecsp_nsga2/post_onset.py,72,73,_json,False
python/ecsp_nsga2/post_onset.py,76,98,_comparison,False
python/ecsp_nsga2/post_onset.py,101,145,run_post_onset,False
python/ecsp_nsga2/post_onset.py,148,156,_nondominated_ranks,False
python/ecsp_nsga2/post_onset.py,159,208,write_backend_rank_comparison,False
python/ecsp_nsga2/post_onset_batch.py,21,31,_cpu_init,False
python/ecsp_nsga2/post_onset_batch.py,34,40,_cpu_case,False
python/ecsp_nsga2/post_onset_batch.py,43,49,_cpu_baseline,False
python/ecsp_nsga2/post_onset_batch.py,52,154,run_post_onset_batch,False
python/ecsp_nsga2/post_onset_batch.py,103,124,group,False
python/ecsp_nsga2/post_onset_batch.py,91,97,fill_baselines,False
python/ecsp_nsga2/propagation.py,52,77,_require_finite_json_numbers,False
python/ecsp_nsga2/propagation.py,80,99,_validated_cell_area,False
python/ecsp_nsga2/propagation.py,102,117,_checked_scaled_measure,False
python/ecsp_nsga2/propagation.py,120,140,_safe_harmonic_mean,False
python/ecsp_nsga2/propagation.py,143,189,_scaled_diffusion_cfl_term,False
python/ecsp_nsga2/propagation.py,220,285,_table_property,False
python/ecsp_nsga2/propagation.py,288,323,_div_k_grad,False
python/ecsp_nsga2/propagation.py,326,390,_thermal_diffusive_cfl,False
python/ecsp_nsga2/propagation.py,393,409,_interp_time_history,False
python/ecsp_nsga2/propagation.py,412,426,_kinetic_rate,False
python/ecsp_nsga2/propagation.py,429,458,_accepted_channel_step,False
python/ecsp_nsga2/propagation.py,461,493,_positive_time_step_count,False
python/ecsp_nsga2/propagation.py,496,518,_configuration_integer,False
python/ecsp_nsga2/propagation.py,521,541,_arrival_time_statistics,False
python/ecsp_nsga2/propagation.py,544,548,_front_edge_count,False
python/ecsp_nsga2/propagation.py,551,554,_front_perimeter,False
python/ecsp_nsga2/propagation.py,557,602,_effective_regression_velocity,False
python/ecsp_nsga2/propagation.py,605,660,_reaction_level_set,False
python/ecsp_nsga2/propagation.py,663,2160,run_condensed_propagation,False
python/ecsp_nsga2/propagation.py,2163,2186,final_refinement_objectives,False
python/ecsp_nsga2/propagation.py,205,217,as_dict,False
python/ecsp_nsga2/workflow.py,62,74,_json_safe,False
python/ecsp_nsga2/workflow.py,86,205,__init__,False
python/ecsp_nsga2/workflow.py,207,234,_save_effective_config,False
python/ecsp_nsga2/workflow.py,237,251,_metadata,False
python/ecsp_nsga2/workflow.py,253,312,_initial_population,False
python/ecsp_nsga2/workflow.py,314,324,_constraint_penalty_objectives,False
python/ecsp_nsga2/workflow.py,326,365,_numerical_violation,False
python/ecsp_nsga2/workflow.py,367,461,_apply_raw_metrics,False
python/ecsp_nsga2/workflow.py,463,529,_evaluate_population,False
python/ecsp_nsga2/workflow.py,532,558,_write_population_csv,False
python/ecsp_nsga2/workflow.py,560,616,_make_child,False
python/ecsp_nsga2/workflow.py,618,648,_offspring,False
python/ecsp_nsga2/workflow.py,650,659,_hypervolume_proxy,False
python/ecsp_nsga2/workflow.py,661,679,_save_generation_summary,False
python/ecsp_nsga2/workflow.py,681,683,_area_matched_staggered_enabled,False
python/ecsp_nsga2/workflow.py,685,712,_recommended_area_match_target,False
python/ecsp_nsga2/workflow.py,714,858,_evaluate_area_matched_staggered,False
python/ecsp_nsga2/workflow.py,861,891,_comparison_record,False
python/ecsp_nsga2/workflow.py,893,944,_write_area_matched_staggered_comparison,False
python/ecsp_nsga2/workflow.py,946,959,_record_baseline_failure,False
python/ecsp_nsga2/workflow.py,961,1036,_select_propagation_candidates,False
python/ecsp_nsga2/workflow.py,1038,1126,_resolved_propagation_config,False
python/ecsp_nsga2/workflow.py,1128,1166,_propagation_metadata,False
python/ecsp_nsga2/workflow.py,1169,1230,_validate_handoff_reevaluation,False
python/ecsp_nsga2/workflow.py,1232,1337,_run_propagation_refinement,False
python/ecsp_nsga2/workflow.py,1340,1359,_propagation_comparison_record,False
python/ecsp_nsga2/workflow.py,1361,1411,_write_propagation_comparison,False
python/ecsp_nsga2/workflow.py,1413,1431,_copy_recommendation_geometry,False
python/ecsp_nsga2/workflow.py,1434,1452,_load_persisted_baseline_raster,False
python/ecsp_nsga2/workflow.py,1454,1712,_finalise_with_propagation,False
python/ecsp_nsga2/workflow.py,1714,1812,_finalise,False
python/ecsp_nsga2/workflow.py,1814,1881,run,False
python/ecsp_nsga2/workflow.py,1538,1568,refine_one,False
python/ecsp_reactive/cli.py,20,71,_finite_error_json,False
python/ecsp_reactive/cli.py,74,100,_parser,False
python/ecsp_reactive/cli.py,103,176,main,False
python/ecsp_reactive/cli.py,25,63,convert,False
python/ecsp_reactive/condensed/chemistry.py,22,52,__init__,False
python/ecsp_reactive/condensed/chemistry.py,54,55,progress,False
python/ecsp_reactive/condensed/chemistry.py,57,60,raw_rates,False
python/ecsp_reactive/condensed/chemistry.py,62,99,source,False
python/ecsp_reactive/condensed/chemistry.py,101,109,conserved_inventory_residuals,False
python/ecsp_reactive/condensed/chemistry.py,111,112,chemical_reservoir,False
python/ecsp_reactive/condensed/electrical.py,22,43,__init__,False
python/ecsp_reactive/condensed/electrical.py,46,108,evaluate,False
python/ecsp_reactive/condensed/electrical.py,34,34,bt,False
python/ecsp_reactive/condensed/electrical.py,49,49,tensor,False
python/ecsp_reactive/condensed/electrical.py,50,50,array,False
python/ecsp_reactive/condensed/finite_volume.py,16,28,_pad,False
python/ecsp_reactive/condensed/finite_volume.py,31,46,_trace,False
python/ecsp_reactive/condensed/finite_volume.py,49,64,reconstruct,False
python/ecsp_reactive/condensed/finite_volume.py,67,72,physical_flux,False
python/ecsp_reactive/condensed/finite_volume.py,75,123,riemann_flux,False
python/ecsp_reactive/condensed/finite_volume.py,126,131,mechanically_stationary,False
python/ecsp_reactive/condensed/finite_volume.py,134,158,flux_divergence,False
python/ecsp_reactive/condensed/finite_volume.py,93,104,star,False
python/ecsp_reactive/condensed/handoff.py,18,19,model_digest,False
python/ecsp_reactive/condensed/handoff.py,40,43,__init__,False
python/ecsp_reactive/condensed/handoff.py,45,176,adapt,False
python/ecsp_reactive/condensed/handoff.py,46,53,scalar,False
python/ecsp_reactive/condensed/handoff.py,79,86,field,False
python/ecsp_reactive/condensed/handoff.py,88,92,mask,False
python/ecsp_reactive/condensed/solver.py,26,27,_write_json,False
python/ecsp_reactive/condensed/solver.py,382,385,run_reactive_propagation,False
python/ecsp_reactive/condensed/solver.py,31,103,__init__,False
python/ecsp_reactive/condensed/solver.py,105,113,_thermal_terms,False
python/ecsp_reactive/condensed/solver.py,115,134,time_step,False
python/ecsp_reactive/condensed/solver.py,136,164,rhs,False
python/ecsp_reactive/condensed/solver.py,166,181,advance,False
python/ecsp_reactive/condensed/solver.py,183,223,_record,False
python/ecsp_reactive/condensed/solver.py,225,295,run,False
python/ecsp_reactive/condensed/solver.py,297,379,finish,False
python/ecsp_reactive/condensed/solver.py,238,247,save_snapshot,False
python/ecsp_reactive/condensed/tensor_electrical.py,23,47,__init__,False
python/ecsp_reactive/condensed/tensor_electrical.py,50,90,evaluate,False
python/ecsp_reactive/condensed/tensor_math.py,27,31,interp,False
python/ecsp_reactive/condensed/tensor_math.py,34,36,harmonic,False
python/ecsp_reactive/condensed/tensor_math.py,39,49,conduction_and_diagonal,False
python/ecsp_reactive/condensed/tensor_math.py,58,96,__init__,False
python/ecsp_reactive/condensed/tensor_math.py,98,99,tensor,False
python/ecsp_reactive/condensed/tensor_math.py,101,102,pressure,False
python/ecsp_reactive/condensed/tensor_math.py,104,105,sound,False
python/ecsp_reactive/condensed/tensor_math.py,107,110,cold,False
python/ecsp_reactive/condensed/tensor_math.py,112,119,sensible,False
python/ecsp_reactive/condensed/tensor_math.py,121,129,temperature,False
python/ecsp_reactive/condensed/tensor_math.py,131,134,primitive,False
python/ecsp_reactive/condensed/tensor_math.py,136,139,conservative,False
python/ecsp_reactive/condensed/tensor_math.py,141,146,valid,False
python/ecsp_reactive/condensed/tensor_math.py,148,149,progress,False
python/ecsp_reactive/condensed/tensor_math.py,151,157,rates,False
python/ecsp_reactive/condensed/tensor_math.py,159,177,chemistry,False
python/ecsp_reactive/condensed/tensor_math.py,179,180,reservoir,False
python/ecsp_reactive/condensed/tensor_math.py,182,190,thermal,False
python/ecsp_reactive/condensed/tensor_math.py,192,210,step_size,False
python/ecsp_reactive/condensed/tensor_math.py,212,224,_pad,False
python/ecsp_reactive/condensed/tensor_math.py,226,239,_trace,False
python/ecsp_reactive/condensed/tensor_math.py,241,250,reconstruct,False
python/ecsp_reactive/condensed/tensor_math.py,252,256,physical_flux,False
python/ecsp_reactive/condensed/tensor_math.py,258,287,riemann,False
python/ecsp_reactive/condensed/tensor_math.py,289,315,hydro,False
python/ecsp_reactive/condensed/tensor_math.py,317,337,rhs,False
python/ecsp_reactive/condensed/tensor_math.py,339,354,trial,False
python/ecsp_reactive/condensed/tensor_math.py,356,380,record,False
python/ecsp_reactive/condensed/tensor_math.py,382,384,front_edges,False
python/ecsp_reactive/condensed/tensor_math.py,270,279,star,False
python/ecsp_reactive/condensed/tensor_solver.py,23,53,validate_execution_config,False
python/ecsp_reactive/condensed/tensor_solver.py,76,81,_snapshot,False
python/ecsp_reactive/condensed/tensor_solver.py,85,219,run_tensor_solvers,False
python/ecsp_reactive/condensed/tensor_solver.py,222,228,run_tensor_propagation_batch,False
python/ecsp_reactive/condensed/tensor_solver.py,58,69,__init__,False
python/ecsp_reactive/condensed/tensor_solver.py,70,73,__call__,False
python/ecsp_reactive/condensed/thermo.py,18,40,__init__,False
python/ecsp_reactive/condensed/thermo.py,42,43,cp,False
python/ecsp_reactive/condensed/thermo.py,45,51,_absolute_integral,False
python/ecsp_reactive/condensed/thermo.py,53,54,sensible_energy,False
python/ecsp_reactive/condensed/thermo.py,56,65,temperature,False
python/ecsp_reactive/condensed/thermo.py,69,86,__init__,False
python/ecsp_reactive/condensed/thermo.py,88,90,pressure,False
python/ecsp_reactive/condensed/thermo.py,92,94,sound_speed,False
python/ecsp_reactive/condensed/thermo.py,96,101,cold_energy,False
python/ecsp_reactive/condensed/thermo.py,103,104,internal_energy,False
python/ecsp_reactive/condensed/thermo.py,106,107,temperature,False
python/ecsp_reactive/condensed/thermo.py,109,118,primitive,False
python/ecsp_reactive/condensed/thermo.py,120,125,conservative,False
python/ecsp_reactive/condensed/thermo.py,127,132,valid_primitive,False
python/ecsp_reactive/condensed/thermo.py,134,138,validate,False
python/ecsp_reactive/condensed/validation_cases.py,6,32,synthetic_condensed_case,False
python/ecsp_reactive/configuration.py,36,68,_construct_unique_mapping,False
python/ecsp_reactive/configuration.py,77,80,_load_unique_yaml,False
python/ecsp_reactive/configuration.py,233,236,_mapping,False
python/ecsp_reactive/configuration.py,239,266,_validate_key_set,False
python/ecsp_reactive/configuration.py,269,369,_validate_configuration_keys,False
python/ecsp_reactive/configuration.py,372,378,_child,False
python/ecsp_reactive/configuration.py,381,385,_boolean,False
python/ecsp_reactive/configuration.py,388,402,_deep_copy_freeze,False
python/ecsp_reactive/configuration.py,405,411,_runtime_real,False
python/ecsp_reactive/configuration.py,414,419,_runtime_integer,False
python/ecsp_reactive/configuration.py,834,1175,parse_reactive_config,False
python/ecsp_reactive/configuration.py,1178,1224,load_reactive_config,False
python/ecsp_reactive/configuration.py,488,501,__post_init__,False
python/ecsp_reactive/configuration.py,503,733,validate_runtime_contract,False
python/ecsp_reactive/configuration.py,735,752,runtime_configuration_snapshot,False
python/ecsp_reactive/configuration.py,754,823,runtime_provenance_audit,False
python/ecsp_reactive/configuration.py,826,827,dx_m,False
python/ecsp_reactive/configuration.py,830,831,dy_m,False
python/ecsp_reactive/configuration.py,843,850,q,False
python/ecsp_reactive/configuration.py,852,899,integer,False
python/ecsp_reactive/configuration.py,1206,1221,merge,False
python/ecsp_reactive/core.py,33,49,_state_fp64,False
python/ecsp_reactive/core.py,52,59,_broadcast_fp64,False
python/ecsp_reactive/core.py,62,168,primitive_to_conservative,False
python/ecsp_reactive/core.py,171,210,physical_state_mask,False
python/ecsp_reactive/core.py,213,261,conservative_to_primitive,False
python/ecsp_reactive/core.py,264,286,flux_x,False
python/ecsp_reactive/core.py,289,311,flux_y,False
python/ecsp_reactive/electrical.py,20,47,canonical_bool_mask,False
python/ecsp_reactive/electrical.py,50,56,_immutable_bool_mask,False
python/ecsp_reactive/electrical.py,85,109,gradient_2d,False
python/ecsp_reactive/electrical.py,112,152,joule_heating_sigma_e2,False
python/ecsp_reactive/electrical.py,155,182,surface_heat_flux_to_volume,False
python/ecsp_reactive/electrical.py,66,82,build,False
python/ecsp_reactive/electrical.py,193,200,total_heat_W_per_m3,False
python/ecsp_reactive/eos.py,39,44,_as_fp64,False
python/ecsp_reactive/eos.py,47,55,_finite_positive_parameter,False
python/ecsp_reactive/eos.py,58,59,_maybe_scalar,False
python/ecsp_reactive/eos.py,62,75,_require_positive_finite,False
python/ecsp_reactive/eos.py,99,127,__post_init__,False
python/ecsp_reactive/eos.py,129,135,metadata,False
python/ecsp_reactive/eos.py,137,159,pressure_from_density,False
python/ecsp_reactive/eos.py,161,165,pressure,False
python/ecsp_reactive/eos.py,167,187,pressure_from_rho_e,False
python/ecsp_reactive/eos.py,189,213,sound_speed,False
python/ecsp_reactive/eos.py,215,243,cold_specific_energy,False
python/ecsp_reactive/eos.py,245,269,specific_internal_energy_from_temperature,False
python/ecsp_reactive/eos.py,271,299,temperature_from_rho_e,False
python/ecsp_reactive/eos.py,301,310,temperature,False
python/ecsp_reactive/eos.py,312,319,specific_internal_energy_from_pressure,False
python/ecsp_reactive/eos.py,332,343,__post_init__,False
python/ecsp_reactive/eos.py,346,347,cv_J_per_kg_K,False
python/ecsp_reactive/eos.py,349,350,metadata,False
python/ecsp_reactive/eos.py,352,370,pressure_from_rho_e,False
python/ecsp_reactive/eos.py,372,381,pressure,False
python/ecsp_reactive/eos.py,383,400,sound_speed,False
python/ecsp_reactive/eos.py,402,415,specific_internal_energy_from_pressure,False
python/ecsp_reactive/eos.py,417,428,specific_internal_energy_from_temperature,False
python/ecsp_reactive/eos.py,430,447,temperature_from_rho_e,False
python/ecsp_reactive/eos.py,449,458,temperature,False
python/ecsp_reactive/front.py,31,35,_immutable_float_array,False
python/ecsp_reactive/front.py,38,42,_immutable_int_array,False
python/ecsp_reactive/front.py,45,49,_immutable_bool_array,False
python/ecsp_reactive/front.py,226,267,axis_aligned_sampling_frame,False
python/ecsp_reactive/front.py,270,290,_validated_species_progress,False
python/ecsp_reactive/front.py,293,299,_validated_threshold,False
python/ecsp_reactive/front.py,302,338,_bilinear_sample_cell_centred,False
python/ecsp_reactive/front.py,341,383,_ray_threshold_intersections,False
python/ecsp_reactive/front.py,386,465,extract_species_isofront,False
python/ecsp_reactive/front.py,468,473,_same_sampling_frame,False
python/ecsp_reactive/front.py,476,566,measure_normal_regression,False
python/ecsp_reactive/front.py,569,601,track_species_isofront_motion,False
python/ecsp_reactive/front.py,604,679,evaluate_species_threshold_sensitivity,False
python/ecsp_reactive/front.py,64,98,__post_init__,False
python/ecsp_reactive/front.py,101,102,ray_count,False
python/ecsp_reactive/front.py,104,108,coordinates_xy_m,False
python/ecsp_reactive/front.py,137,162,__post_init__,False
python/ecsp_reactive/front.py,197,212,__post_init__,False
python/ecsp_reactive/level_set.py,187,194,_validated_spacing,False
python/ecsp_reactive/level_set.py,197,212,_validated_phi,False
python/ecsp_reactive/level_set.py,215,220,_coerce_boundary,False
python/ecsp_reactive/level_set.py,223,227,_pad_along_last_axis,False
python/ecsp_reactive/level_set.py,230,282,_weno5_backward_derivative,False
python/ecsp_reactive/level_set.py,285,336,weno5_one_sided_derivatives,False
python/ecsp_reactive/level_set.py,339,353,_broadcast_velocity,False
python/ecsp_reactive/level_set.py,356,398,level_set_advection_rhs,False
python/ecsp_reactive/level_set.py,401,424,recommended_level_set_timestep_s,False
python/ecsp_reactive/level_set.py,427,435,_ssprk3,False
python/ecsp_reactive/level_set.py,438,450,_first_differences,False
python/ecsp_reactive/level_set.py,453,465,_centred_gradient_components,False
python/ecsp_reactive/level_set.py,468,499,signed_distance_rms_error,False
python/ecsp_reactive/level_set.py,502,531,_negative_triangle_fraction,False
python/ecsp_reactive/level_set.py,534,578,zero_contour_interior_area_m2,False
python/ecsp_reactive/level_set.py,581,645,reinitialize_transported_level_set,False
python/ecsp_reactive/level_set.py,648,774,advect_material_level_set,False
python/ecsp_reactive/level_set.py,58,63,__post_init__,False
python/ecsp_reactive/level_set.py,83,123,validate,False
python/ecsp_reactive/level_set.py,134,143,__post_init__,False
python/ecsp_reactive/level_set.py,146,149,interior_mask,False
python/ecsp_reactive/level_set.py,152,153,exterior_mask,False
python/ecsp_reactive/level_set.py,614,635,reinitialisation_rhs,False
python/ecsp_reactive/level_set.py,700,710,physical_rhs,False
python/ecsp_reactive/numerics.py,102,112,_boundary_value,False
python/ecsp_reactive/numerics.py,115,127,_normalise_spatial_axis,False
python/ecsp_reactive/numerics.py,130,171,_pad_spatial,False
python/ecsp_reactive/numerics.py,174,207,_weno_js_weights,False
python/ecsp_reactive/numerics.py,210,336,weno5_js_reconstruct,False
python/ecsp_reactive/numerics.py,339,349,_first_order_face_states,False
python/ecsp_reactive/numerics.py,352,365,_primitive_reconstruction_fields,False
python/ecsp_reactive/numerics.py,368,399,_primitive_faces_to_conservative,False
python/ecsp_reactive/numerics.py,402,459,hll_flux,False
python/ecsp_reactive/numerics.py,462,530,interface_fluxes,False
python/ecsp_reactive/numerics.py,533,560,finite_volume_rhs,False
python/ecsp_reactive/numerics.py,563,583,max_signal_speed,False
python/ecsp_reactive/numerics.py,586,606,cfl_time_step,False
python/ecsp_reactive/numerics.py,613,665,ssprk3_step,False
python/ecsp_reactive/numerics.py,83,86,positivity_face_fallback_fraction,False
python/ecsp_reactive/numerics.py,88,99,as_dict,False
python/ecsp_reactive/numerics.py,634,646,evaluate,False
python/ecsp_reactive/parallel.py,20,31,row_partition,False
python/ecsp_reactive/parallel.py,34,40,all_row_partitions,False
python/ecsp_reactive/parallel.py,43,53,add_outflow_row_halos,False
python/ecsp_reactive/parallel.py,56,62,add_periodic_row_halos,False
python/ecsp_reactive/parallel.py,74,83,__post_init__,False
python/ecsp_reactive/parallel.py,86,93,world,False
python/ecsp_reactive/parallel.py,96,97,local_rows,False
python/ecsp_reactive/parallel.py,99,111,scatter_rows,False
python/ecsp_reactive/parallel.py,113,154,exchange_row_halos,False
python/ecsp_reactive/parallel.py,156,166,gather_rows,False
python/ecsp_reactive/provenance.py,162,171,validate_model_mode,False
python/ecsp_reactive/provenance.py,33,38,__init__,False
python/ecsp_reactive/provenance.py,49,80,parse,False
python/ecsp_reactive/provenance.py,89,108,quantity,False
python/ecsp_reactive/provenance.py,110,136,algorithm,False
python/ecsp_reactive/provenance.py,138,159,report,False
python/ecsp_reactive/reaction.py,71,128,arrhenius_rate,False
python/ecsp_reactive/reaction.py,131,181,reaction_source,False
python/ecsp_reactive/reaction.py,43,65,__post_init__,False
python/ecsp_reactive/reaction.py,67,68,metadata,False
python/ecsp_reactive/solid.py,51,67,laplacian_2d,False
python/ecsp_reactive/solid.py,70,107,solid_arrhenius_rate,False
python/ecsp_reactive/solid.py,110,153,solid_thermal_rhs,False
python/ecsp_reactive/solid.py,156,199,solid_stable_time_step,False
python/ecsp_reactive/solid.py,202,235,advance_solid_ssprk3,False
python/ecsp_reactive/solid.py,31,42,__post_init__,False
python/ecsp_reactive/solid.py,45,48,thermal_diffusivity_m2_per_s,False
python/ecsp_reactive/solid.py,216,222,valid,False
python/ecsp_reactive/solver.py,78,91,_surface_geometry_sha256,False
python/ecsp_reactive/solver.py,94,112,_terminal_remainder_summary,False
python/ecsp_reactive/solver.py,115,130,_immutable_fp64,False
python/ecsp_reactive/solver.py,133,134,_immutable_state,False
python/ecsp_reactive/solver.py,137,199,_json_value,False
python/ecsp_reactive/solver.py,202,222,_deep_freeze_json,False
python/ecsp_reactive/solver.py,225,254,_json_resource_charge_bytes,False
python/ecsp_reactive/solver.py,257,265,_canonical_json_sha256,False
python/ecsp_reactive/solver.py,268,292,_scaled_sum,False
python/ecsp_reactive/solver.py,295,304,_finite_accumulate,False
python/ecsp_reactive/solver.py,307,309,_nullable_finite,False
python/ecsp_reactive/solver.py,312,334,_minimum_positive_ratio,False
python/ecsp_reactive/solver.py,337,353,_strict_headroom_limit,False
python/ecsp_reactive/solver.py,356,413,_front_step_summary,False
python/ecsp_reactive/solver.py,416,467,_projected_history_memory,False
python/ecsp_reactive/solver.py,470,506,_projected_working_set_memory,False
python/ecsp_reactive/solver.py,721,735,_deterministic_npz,False
python/ecsp_reactive/solver.py,738,752,_atomic_write,False
python/ecsp_reactive/solver.py,2549,2554,run_reactive_case,False
python/ecsp_reactive/solver.py,148,197,convert,False
python/ecsp_reactive/solver.py,213,220,freeze,False
python/ecsp_reactive/solver.py,238,248,deep_size,False
python/ecsp_reactive/solver.py,549,569,as_dict,False
python/ecsp_reactive/solver.py,589,594,as_dict,False
python/ecsp_reactive/solver.py,610,611,as_dict,False
python/ecsp_reactive/solver.py,629,673,__post_init__,False
python/ecsp_reactive/solver.py,675,690,summary,False
python/ecsp_reactive/solver.py,692,718,save,False
python/ecsp_reactive/solver.py,797,803,_provider_authentication_status,False
python/ecsp_reactive/solver.py,805,1097,__init__,False
python/ecsp_reactive/solver.py,1099,1148,_constant_prescribed_electrical,False
python/ecsp_reactive/solver.py,1150,1245,_validate_electrical_fields,False
python/ecsp_reactive/solver.py,1247,1262,_electrical_stage_record,False
python/ecsp_reactive/solver.py,1264,1287,initial_state,False
python/ecsp_reactive/solver.py,1289,1333,_validate_stage,False
python/ecsp_reactive/solver.py,1335,1382,_electrical_at_stage,False
python/ecsp_reactive/solver.py,1384,1508,_stage_derivative,False
python/ecsp_reactive/solver.py,1510,1645,_time_limits,False
python/ecsp_reactive/solver.py,1647,1670,_validate_stage_time_limits,False
python/ecsp_reactive/solver.py,1672,1723,_ssprk_trial,False
python/ecsp_reactive/solver.py,1726,1756,_reduced_retry_timestep,False
python/ecsp_reactive/solver.py,1758,1867,_accumulate_stage,False
python/ecsp_reactive/solver.py,1869,2546,run,False
python/ecsp_reactive/validation.py,58,60,_require,False
python/ecsp_reactive/validation.py,63,69,_observed_orders,False
python/ecsp_reactive/validation.py,72,102,_tait_identity_check,False
python/ecsp_reactive/validation.py,105,159,_primitive_roundtrip_check,False
python/ecsp_reactive/validation.py,162,222,_free_stream_conservation_check,False
python/ecsp_reactive/validation.py,225,254,_reaction_bookkeeping_check,False
python/ecsp_reactive/validation.py,257,291,_joule_linear_field_check,False
python/ecsp_reactive/validation.py,294,312,_periodic_thermal_integral_check,False
python/ecsp_reactive/validation.py,315,353,_level_set_translation_check,False
python/ecsp_reactive/validation.py,356,361,_translated_planar_species,False
python/ecsp_reactive/validation.py,364,411,_front_regression_check,False
python/ecsp_reactive/validation.py,414,442,_weno_spatial_convergence_check,False
python/ecsp_reactive/validation.py,445,480,_ssprk_temporal_convergence_check,False
python/ecsp_reactive/validation.py,553,606,_manufactured_coupled_config,False
python/ecsp_reactive/validation.py,609,759,_manufactured_coupled_run,False
python/ecsp_reactive/validation.py,762,1052,_coupled_solver_grid_cfl_check,False
python/ecsp_reactive/validation.py,1055,1078,_deterministic_kernel_signature,False
python/ecsp_reactive/validation.py,1081,1095,_determinism_check,False
python/ecsp_reactive/validation.py,1098,1146,_row_decomposition_parity_check,False
python/ecsp_reactive/validation.py,1149,1158,_execute_check,False
python/ecsp_reactive/validation.py,1161,1176,_mpi_status,False
python/ecsp_reactive/validation.py,1179,1320,run_validation,False
python/ecsp_reactive/validation.py,1323,1332,write_validation_report,False
python/ecsp_reactive/validation.py,499,521,analytic_fields,False
python/ecsp_reactive/validation.py,523,550,initial_state,False
python/ecsp_reactive/validation.py,1106,1111,stencil,False
python/ecsp_v6/composition.py,10,57,_resolve_retained_water,False
python/ecsp_v6/composition.py,60,134,composition_summary,False
python/ecsp_v6/composition.py,137,155,save_composition_summary,False
python/ecsp_v6/config.py,14,21,deep_merge,False
python/ecsp_v6/config.py,37,57,apply_compatibility_profile,False
python/ecsp_v6/config.py,65,81,_normalize_yaml_scalars,False
python/ecsp_v6/config.py,84,89,load_yaml,False
python/ecsp_v6/config.py,92,111,resolve_manufacturing_component_limits,False
python/ecsp_v6/config.py,114,127,resolve_bootstrap_component_bounds,False
python/ecsp_v6/config.py,130,136,load_config,False
python/ecsp_v6/config.py,139,1058,validate_config,False
python/ecsp_v6/config.py,1061,1063,save_resolved_json,False
python/ecsp_v6/manufacturability.py,14,16,_component_sizes,False
python/ecsp_v6/manufacturability.py,19,24,_minimum_gap,False
python/ecsp_v6/manufacturability.py,27,31,_minimum_width_proxy,False
python/ecsp_v6/manufacturability.py,34,38,_direct_contact_pixels,False
python/ecsp_v6/manufacturability.py,43,56,_boundary_zone,False
python/ecsp_v6/manufacturability.py,59,66,_all_components_touch_boundary,False
python/ecsp_v6/manufacturability.py,69,101,_connectivity_diagnostics,False
python/ecsp_v6/manufacturability.py,103,110,_remove_small_components,False
python/ecsp_v6/manufacturability.py,113,119,_limit_components,False
python/ecsp_v6/manufacturability.py,123,158,_limit_total_components,False
python/ecsp_v6/manufacturability.py,161,166,_disk_structure,False
python/ecsp_v6/manufacturability.py,169,192,_round_mask,False
python/ecsp_v6/manufacturability.py,195,212,_corner_radius_pixels,False
python/ecsp_v6/manufacturability.py,215,248,corner_radius_diagnostics,False
python/ecsp_v6/manufacturability.py,251,264,_fixed_area_targets,False
python/ecsp_v6/manufacturability.py,267,278,fixed_area_targets,False
python/ecsp_v6/manufacturability.py,281,295,_allowed_area,False
python/ecsp_v6/manufacturability.py,298,304,_signed_distance_score,False
python/ecsp_v6/manufacturability.py,307,316,_top_k_mask,False
python/ecsp_v6/manufacturability.py,319,349,_exact_boundary_adjustment,False
python/ecsp_v6/manufacturability.py,352,504,_project_one_polarity_area,False
python/ecsp_v6/manufacturability.py,507,677,project_geometry_constraints,False
python/ecsp_v6/manufacturability.py,681,682,_component_count,False
python/ecsp_v6/manufacturability.py,685,687,_bridge_structure,False
python/ecsp_v6/manufacturability.py,690,755,_shortest_safe_path,False
python/ecsp_v6/manufacturability.py,758,887,_connect_one_polarity,False
python/ecsp_v6/manufacturability.py,890,982,connect_same_polarity_networks,False
python/ecsp_v6/manufacturability.py,985,1007,_cut_clearance_moat,False
python/ecsp_v6/manufacturability.py,1010,1014,_mask_iou,False
python/ecsp_v6/manufacturability.py,1017,1130,repair,False
python/ecsp_v6/manufacturability.py,1132,1308,evaluate,False
python/ecsp_v6/manufacturability.py,430,445,consider,False
python/ecsp_v6/maskio.py,11,17,save_geometry,False
python/ecsp_v6/maskio.py,20,27,load_geometry,False
python/ecsp_v6/maskio.py,30,34,load_library,False
python/ecsp_v6/physics/bc_global.py,84,100,_strict_resource_integer,False
python/ecsp_v6/physics/bc_global.py,103,122,_bc_resource_limits,False
python/ecsp_v6/physics/bc_global.py,125,153,_positive_time_step_count,False
python/ecsp_v6/physics/bc_global.py,156,167,_is_time_grid_aligned,False
python/ecsp_v6/physics/bc_global.py,170,172,_time_match_tolerance,False
python/ecsp_v6/physics/bc_global.py,175,203,_require_unclipped_faradaic_inventory,False
python/ecsp_v6/physics/bc_global.py,251,272,bc_model_contract,False
python/ecsp_v6/physics/bc_global.py,285,316,_as_channel,False
python/ecsp_v6/physics/bc_global.py,319,331,_interp1d,False
python/ecsp_v6/physics/bc_global.py,334,398,_property_from_config,False
python/ecsp_v6/physics/bc_global.py,401,474,bc_transport_fields,False
python/ecsp_v6/physics/bc_global.py,477,511,_invalid_bc_constitutive_cells,False
python/ecsp_v6/physics/bc_global.py,514,548,_raise_if_invalid_bc_constitutive,False
python/ecsp_v6/physics/bc_global.py,551,577,_divergence_k_grad,False
python/ecsp_v6/physics/bc_global.py,580,614,_thermal_diffusive_cfl,False
python/ecsp_v6/physics/bc_global.py,617,632,_channel_rate,False
python/ecsp_v6/physics/bc_global.py,635,640,_global_progress,False
python/ecsp_v6/physics/bc_global.py,643,757,_reaction_inventory,False
python/ecsp_v6/physics/bc_global.py,760,787,_masked_integral_ratio,False
python/ecsp_v6/physics/bc_global.py,790,830,_validate_bc_config,False
python/ecsp_v6/physics/bc_global.py,833,1454,_validate_bc_runtime_contract,False
python/ecsp_v6/physics/bc_global.py,1457,1468,_serialize_handoff,False
python/ecsp_v6/physics/bc_global.py,1471,1487,_select_active_batch,False
python/ecsp_v6/physics/bc_global.py,1490,1531,_scatter_active_batch,False
python/ecsp_v6/physics/bc_global.py,1534,1567,_scatter_solver_diagnostics,False
python/ecsp_v6/physics/bc_global.py,1570,2296,continue_bc_onset_batch_to_evaluation,False
python/ecsp_v6/physics/bc_global.py,2299,2588,complete_bc_evaluation_output,False
python/ecsp_v6/physics/bc_global.py,2591,3985,run_bc_global_batch,False
python/ecsp_v6/physics/bc_global.py,1009,1022,strict_integer,False
python/ecsp_v6/physics/bc_global.py,1540,1551,merge_tensor,False
python/ecsp_v6/physics/bc_global.py,1626,1632,field,False
python/ecsp_v6/physics/bc_global.py,2319,2322,replace,False
python/ecsp_v6/physics/bc_global.py,1727,1735,inconsistent,False
python/ecsp_v6/physics/bc_global.py,2491,2499,merge_field,False
python/ecsp_v6/physics/composition_model.py,28,53,build_composition,False
python/ecsp_v6/physics/coupled.py,44,46,_density,False
python/ecsp_v6/physics/coupled.py,49,75,_validate_explicit_stability,False
python/ecsp_v6/physics/coupled.py,78,98,_history_at_time,False
python/ecsp_v6/physics/coupled.py,101,867,run_coupled_batch,False
python/ecsp_v6/physics/electrochem.py,15,30,_batch_voltage_vector,False
python/ecsp_v6/physics/electrochem.py,33,69,initial_state,False
python/ecsp_v6/physics/electrochem.py,72,165,transport_fields,False
python/ecsp_v6/physics/electrochem.py,169,203,_masked_gradient_propellant,False
python/ecsp_v6/physics/electrochem.py,206,347,_surface_finite_volume_power_density,False
python/ecsp_v6/physics/electrochem.py,349,477,compute_current,False
python/ecsp_v6/physics/electrochem.py,480,549,interface_normal_current,False
python/ecsp_v6/physics/electrochem.py,553,577,_activity_coefficient,False
python/ecsp_v6/physics/electrochem.py,580,607,_equilibrium_potential,False
python/ecsp_v6/physics/electrochem.py,610,663,update_interfacial_blocking,False
python/ecsp_v6/physics/electrochem.py,665,739,_reaction_candidate,False
python/ecsp_v6/physics/electrochem.py,742,852,_reaction_candidate_and_deta,False
python/ecsp_v6/physics/electrochem.py,855,867,_finish_heat,False
python/ecsp_v6/physics/electrochem.py,870,996,_interface_kinetic_candidates,False
python/ecsp_v6/physics/electrochem.py,999,1042,_robin_face_values,False
python/ecsp_v6/physics/electrochem.py,1045,1050,_relative_rms_change,False
python/ecsp_v6/physics/electrochem.py,1053,1075,_gauge_mask_for_geometry,False
python/ecsp_v6/physics/electrochem.py,1078,1100,_apply_electrolyte_offset,False
python/ecsp_v6/physics/electrochem.py,1105,1168,_interface_context_fields,False
python/ecsp_v6/physics/electrochem.py,1171,1207,_directional_interface_geometry,False
python/ecsp_v6/physics/electrochem.py,1210,1272,_local_bv_channels,False
python/ecsp_v6/physics/electrochem.py,1275,1342,_local_bv_channels_from_electrode_gap,False
python/ecsp_v6/physics/electrochem.py,1345,1372,_series_contact_slope,False
python/ecsp_v6/physics/electrochem.py,1375,1754,_implicit_bv_surface_contacts,False
python/ecsp_v6/physics/electrochem.py,1757,1763,_batch_membership,False
python/ecsp_v6/physics/electrochem.py,1766,1799,_batch_scatter_max,False
python/ecsp_v6/physics/electrochem.py,1802,1825,_batch_scatter_sum,False
python/ecsp_v6/physics/electrochem.py,1828,2361,_implicit_bv_robin_faces,False
python/ecsp_v6/physics/electrochem.py,2364,2567,_balance_nonlinear_robin_gauge,False
python/ecsp_v6/physics/electrochem.py,2569,2809,_solve_nonlinear_robin_potential,False
python/ecsp_v6/physics/electrochem.py,2811,3052,_solve_surface_overlay_potential,False
python/ecsp_v6/physics/electrochem.py,3055,3327,interface_reactions,False
python/ecsp_v6/physics/electrochem.py,3329,3458,solve_electrical_and_reaction,False
python/ecsp_v6/physics/electrochem.py,3460,3497,static_solver,False
python/ecsp_v6/physics/electrochem.py,1030,1035,ghost,False
python/ecsp_v6/physics/electrochem.py,1926,1933,indexed_contribution,False
python/ecsp_v6/physics/electrochem.py,1935,2012,evaluate_gap,False
python/ecsp_v6/physics/electrochem.py,2297,2302,average_current,False
python/ecsp_v6/physics/electrochem.py,2304,2309,weighted_eta,False
python/ecsp_v6/physics/electrochem.py,2447,2470,evaluate,False
python/ecsp_v6/physics/electrochem.py,2866,2888,retain_latest_active,False
python/ecsp_v6/physics/electrochem.py,1481,1526,evaluate,False
python/ecsp_v6/physics/errors.py,11,24,__init__,False
python/ecsp_v6/physics/errors.py,26,29,__reduce__,False
python/ecsp_v6/physics/geometry.py,37,39,_direct_contact,False
python/ecsp_v6/physics/geometry.py,42,48,_component_count,False
python/ecsp_v6/physics/geometry.py,51,61,_minimum_clear_distance_m,False
python/ecsp_v6/physics/geometry.py,64,233,load_and_resize_geometry,False
python/ecsp_v6/physics/geometry.py,236,281,load_geometry_batch,False
python/ecsp_v6/physics/geometry.py,33,34,batch_size,False
python/ecsp_v6/physics/numerics.py,11,27,resolve_device,False
python/ecsp_v6/physics/numerics.py,30,36,resolve_dtype,False
python/ecsp_v6/physics/numerics.py,39,47,validate_device_dtype,False
python/ecsp_v6/physics/numerics.py,50,61,configure_torch,False
python/ecsp_v6/physics/numerics.py,64,65,as_tensor,False
python/ecsp_v6/physics/numerics.py,68,73,ensure_batch,False
python/ecsp_v6/physics/numerics.py,76,88,physical_floor,False
python/ecsp_v6/physics/numerics.py,91,110,harmonic_mean,False
python/ecsp_v6/physics/numerics.py,113,120,apply_neumann_boundary,False
python/ecsp_v6/physics/numerics.py,123,139,matlab_gradient,False
python/ecsp_v6/physics/numerics.py,142,151,laplacian_neumann,False
python/ecsp_v6/physics/numerics.py,154,162,_positive_half_up_indices,False
python/ecsp_v6/physics/numerics.py,165,176,resize_nearest_numpy,False
python/ecsp_v6/physics/numerics.py,179,183,resize_linear_tensor,False
python/ecsp_v6/physics/numerics.py,186,200,resize_nearest_tensor,False
python/ecsp_v6/physics/numerics.py,203,208,percentile_linear,False
python/ecsp_v6/physics/numerics.py,211,213,batch_masked_mean,False
python/ecsp_v6/physics/numerics.py,216,218,batch_masked_max,False
python/ecsp_v6/physics/numerics.py,221,252,batch_quantile_masked,False
python/ecsp_v6/physics/numerics.py,265,297,to_cpu_dicts,False
python/ecsp_v6/physics/potential.py,13,24,_batch_voltage_field,False
python/ecsp_v6/physics/potential.py,27,95,diffusion_current_divergence,False
python/ecsp_v6/physics/potential.py,98,101,_shift_east,False
python/ecsp_v6/physics/potential.py,104,107,_shift_west,False
python/ecsp_v6/physics/potential.py,110,113,_shift_north,False
python/ecsp_v6/physics/potential.py,116,119,_shift_south,False
python/ecsp_v6/physics/potential.py,122,131,_neighbor_coefficients,False
python/ecsp_v6/physics/potential.py,134,140,_active_mask,False
python/ecsp_v6/physics/potential.py,143,147,_fixed_potential,False
python/ecsp_v6/physics/potential.py,150,331,_build_linear_system,False
python/ecsp_v6/physics/potential.py,334,341,_apply_operator,False
python/ecsp_v6/physics/potential.py,344,346,_dot_batch,False
python/ecsp_v6/physics/potential.py,349,375,_norm_batch,False
python/ecsp_v6/physics/potential.py,378,386,_finite_norm_converged,False
python/ecsp_v6/physics/potential.py,389,395,_solver_threshold,False
python/ecsp_v6/physics/potential.py,398,435,_equilibrate_linear_system,False
python/ecsp_v6/physics/potential.py,439,475,_mg_restrict,False
python/ecsp_v6/physics/potential.py,478,481,_mg_prolong,False
python/ecsp_v6/physics/potential.py,484,510,_coarsen_linear_system,False
python/ecsp_v6/physics/potential.py,513,526,_mg_jacobi,False
python/ecsp_v6/physics/potential.py,529,564,_mg_v_cycle,False
python/ecsp_v6/physics/potential.py,567,577,_apply_pcg_preconditioner,False
python/ecsp_v6/physics/potential.py,579,769,_pcg_correction_core,False
python/ecsp_v6/physics/potential.py,772,851,_steepest_descent_correction_core,False
python/ecsp_v6/physics/potential.py,854,977,_solve_pcg_system,False
python/ecsp_v6/physics/potential.py,980,1055,solve_pcg,False
python/ecsp_v6/physics/potential.py,1058,1354,solve_bicgstab,False
python/ecsp_v6/physics/potential.py,1357,1523,solve_direct_cpu,False
python/ecsp_v6/physics/potential.py,1526,1547,_weighted_candidate,False
python/ecsp_v6/physics/potential.py,1550,1644,solve_rb_sor,False
python/ecsp_v6/physics/potential.py,1647,1718,solve_potential,False
python/ecsp_v6/physics/potential.py,623,641,restart_rows,False
python/ecsp_v6/physics/potential.py,1119,1141,restart_rows,False
python/ecsp_v6/physics/species.py,12,80,_flux_divergence_charged,False
python/ecsp_v6/physics/species.py,83,121,_flux_divergence_neutral,False
python/ecsp_v6/physics/species.py,124,212,_limited_update,False
python/ecsp_v6/physics/species.py,215,269,_species_rates,False
python/ecsp_v6/physics/species.py,272,303,_choose_substeps,False
python/ecsp_v6/physics/species.py,306,414,update_species,False
python/evaluate_area_matched_staggered.py,13,24,_load_config,False
python/evaluate_area_matched_staggered.py,27,208,main,False
python/make_a100_cpu48_hybrid_config.py,12,94,main,False
python/mps_numerical_preflight.py,40,92,_representative_interdigitated_geometry,False
python/mps_numerical_preflight.py,95,124,_stress_conductivity,False
python/mps_numerical_preflight.py,127,170,_mps_sensitive_operation_smoke,False
python/mps_numerical_preflight.py,173,182,_known_solution,False
python/mps_numerical_preflight.py,185,343,run_preflight,False
python/mps_numerical_preflight.py,346,370,main,False
python/preflight_reactive_a100.py,25,33,source_fingerprint,False
python/preflight_reactive_a100.py,36,43,require_gpu_tests,False
python/preflight_reactive_a100.py,46,94,main,False
python/preflight_reactive_a100.py,59,61,run,False
python/run_bc_native.py,8,51,main,False
python/run_bc_post_onset.py,19,40,main,False
python/run_nsga2_electrical_solid_loop.py,19,34,set_reproducible_seed,False
python/run_nsga2_electrical_solid_loop.py,37,42,load_config,False
python/run_nsga2_electrical_solid_loop.py,45,200,main,False
python/tests/test_area_matched_staggered_baseline.py,20,26,_boxes,True
python/tests/test_area_matched_staggered_baseline.py,29,95,_assert_reference,True
python/tests/test_area_matched_staggered_baseline.py,98,113,test_area_matched_staggered_user_20mm_constraints,True
python/tests/test_area_matched_staggered_baseline.py,116,131,test_area_matched_staggered_user_25mm_constraints,True
python/tests/test_area_matched_staggered_baseline.py,134,147,test_exact_two_finger_layout_is_not_silently_replaced_when_infeasible,True
python/tests/test_area_matched_staggered_baseline.py,150,199,test_cpp_reference_component_override_is_baseline_only,True
python/tests/test_area_matched_staggered_baseline.py,202,253,test_baseline_output_helpers,True
python/tests/test_area_matched_staggered_baseline.py,256,280,test_area_matched_staggered_explicit_recommended_area_override,True
python/tests/test_bc_continuation_async.py,24,84,continuation_case,True
python/tests/test_bc_continuation_async.py,87,96,_continue,True
python/tests/test_bc_continuation_async.py,99,105,_assert_candidate_failure,True
python/tests/test_bc_continuation_async.py,108,142,test_continuation_timestep_loop_has_no_host_synchronizing_calls,True
python/tests/test_bc_continuation_async.py,145,159,test_continuation_preserves_mixed_lane_durations,True
python/tests/test_bc_continuation_async.py,162,212,test_continuation_integrates_valid_sub_femtosecond_steps,True
python/tests/test_bc_continuation_async.py,215,226,test_deferred_inventory_failure_still_fails_closed,True
python/tests/test_bc_continuation_async.py,229,248,test_deferred_property_failure_runs_all_steps_then_fails_closed,True
python/tests/test_bc_continuation_async.py,251,275,test_final_continuation_step_rejects_invalid_updated_properties,True
python/tests/test_bc_continuation_async.py,278,306,test_deferred_cfl_failure_reports_original_batch_indices,True
python/tests/test_bc_continuation_async.py,309,338,test_continuation_rejects_nonfinite_cfl_from_finite_large_properties,True
python/tests/test_bc_continuation_async.py,341,362,test_deferred_nonfinite_temperature_still_fails_closed,True
python/tests/test_bc_continuation_async.py,365,380,test_invalid_onset_state_reports_only_bad_lane,True
python/tests/test_bc_continuation_async.py,383,395,test_invalid_ignition_delay_reports_only_bad_lane,True
python/tests/test_bc_continuation_async.py,398,411,test_invalid_remaining_mass_reports_only_bad_lane,True
python/tests/test_bc_continuation_async.py,414,458,test_invalid_common_evaluation_state_reports_only_bad_lane,True
python/tests/test_bc_continuation_async.py,461,540,test_python_mixed_voltage_batch_matches_serial_after_one_lane_freezes,True
python/tests/test_bc_continuation_async.py,218,219,never_close,True
python/tests/test_bc_continuation_async.py,234,239,invalid_property,True
python/tests/test_bc_continuation_async.py,283,297,unstable_cfl,True
python/tests/test_bc_continuation_async.py,346,354,nonfinite_conduction,True
python/tests/test_bc_continuation_async.py,401,402,invalid_remaining,True
python/tests/test_bc_continuation_async.py,419,431,invalid_continuation,True
python/tests/test_bc_global_pipeline.py,15,20,_debug_config,True
python/tests/test_bc_global_pipeline.py,23,40,test_cured_water_mass_fraction_is_final_specimen_basis,True
python/tests/test_bc_global_pipeline.py,43,101,test_bc_global_full_debug_pipeline_and_staggered_reference,True
python/tests/test_bc_global_pipeline.py,104,183,test_bc_global_release_contract_is_complete,True
python/tests/test_bc_global_pipeline.py,186,209,test_bc_global_production_staggered_is_constructible,True
python/tests/test_bc_native.py,16,17,config,True
python/tests/test_bc_native.py,19,20,evaluator,True
python/tests/test_bc_native.py,22,24,item,True
python/tests/test_bc_native.py,27,40,_assert_named_tensor_close,True
python/tests/test_bc_native.py,43,50,_batch_prefix,True
python/tests/test_bc_native.py,54,72,test_native_reference_fp64_full_fields,True
python/tests/test_bc_native.py,75,83,test_native_mixed_voltages_matches_independent_calls,True
python/tests/test_bc_native.py,86,89,early_config,True
python/tests/test_bc_native.py,92,114,test_candidate_freezes_at_first_onset_and_trial_mode_keeps_partial_metrics_explicit,True
python/tests/test_bc_native.py,117,120,test_onset_only_handoff_is_forbidden,True
python/tests/test_bc_native.py,123,127,test_invalid_voltages_and_precision_rejected,True
python/tests/test_bc_native.py,130,136,test_unsupported_native_physics_never_silently_dropped,True
python/tests/test_bc_native.py,139,150,test_native_chemistry_heat_caps_retained,True
python/tests/test_bc_native.py,153,168,test_batched_search_cases_numerical_failure_and_censoring,True
python/tests/test_bc_native.py,171,191,test_vmin_real_batched_and_full_reference_preserved,True
python/tests/test_bc_native.py,194,205,test_native_full_pipeline_keeps_pareto_handoff_staggered,True
python/tests/test_bc_native.py,208,220,test_spawned_cpu_pool_uses_native_workers,True
python/tests/test_bc_native.py,224,244,test_native_cuda_cpu_full_field_and_mixed_voltage_parity,True
python/tests/test_bc_native.py,254,260,test_native_a100_profile_gpu_subbatch_and_hybrid_wave_contract,True
python/tests/test_bc_native.py,264,295,test_native_cuda32_64_batch_size_invariance,True
python/tests/test_bc_native.py,156,156,valid,True
python/tests/test_bc_native.py,157,159,run,True
python/tests/test_bc_native_release.py,15,22,test_native_compiler_standard_tracks_libtorch_requirement,True
python/tests/test_bc_native_release.py,25,49,test_pillow_mode1_masks_are_canonicalized_at_generation_and_resize,True
python/tests/test_bc_native_release.py,52,63,test_native_scalar_finite_helper_has_separate_host_and_cuda_paths,True
python/tests/test_bc_native_release.py,66,71,_noncanonical_ff_bool,True
python/tests/test_bc_native_release.py,74,143,test_native_adapter_and_direct_binding_canonicalize_ff_bool_storage,True
python/tests/test_bc_native_release.py,145,173,test_native_time_loop_only_synchronizes_at_bounded_host_checks,True
python/tests/test_bc_native_release.py,175,211,test_native_host_check_interval_preserves_early_stop_outputs,True
python/tests/test_bc_native_release.py,213,218,test_adapter_step_count_matches_native_integral_ratio_rounding,True
python/tests/test_bc_native_release.py,221,251,test_native_potential_assembly_handles_large_finite_conductivity,True
python/tests/test_bc_native_release.py,254,289,test_zero_initial_water_and_zero_configured_floor_keep_python_native_parity,True
python/tests/test_bc_native_release.py,292,318,test_surface_outer_relaxation_below_1e3_is_not_silently_clamped,True
python/tests/test_bc_native_release.py,320,331,test_native_engine_near_integral_horizon_has_no_zero_tail_step,True
python/tests/test_bc_native_release.py,334,355,test_bc_resource_limits_reject_before_history_allocation,True
python/tests/test_bc_native_release.py,358,399,test_deferred_native_onset_snapshot_is_trimmed_to_exact_python_handoff,True
python/tests/test_bc_native_release.py,401,439,test_native_conservative_surface_joule_heat_matches_reference,True
python/tests/test_bc_native_release.py,441,452,test_mixed_batch_handoff_never_replays_post_onset_sources,True
python/tests/test_bc_native_release.py,454,461,test_standalone_executable_has_no_python_entrypoint,True
python/tests/test_bc_native_release.py,463,472,test_standalone_extension_same_engine_all_fields,True
python/tests/test_bc_native_release.py,474,480,test_standalone_early_trial_matches_extension,True
python/tests/test_bc_native_release.py,482,483,test_standalone_protocol_rejects_truncated_output,True
python/tests/test_bc_native_release.py,485,503,test_batched_search_matches_serial_boolean_reference,True
python/tests/test_bc_native_release.py,505,516,test_oom_split_retries_every_candidate_in_order,True
python/tests/test_bc_native_release.py,547,556,test_plain_runtime_error_messages_are_never_candidate_failures,True
python/tests/test_bc_native_release.py,559,603,test_scaled_l2_norm_prevents_infinite_norm_false_convergence,True
python/tests/test_bc_native_release.py,606,611,test_native_pcg_source_requires_scaled_finite_norm_convergence,True
python/tests/test_bc_native_release.py,624,636,test_structured_continuation_failure_isolated_without_message_matching,True
python/tests/test_bc_native_release.py,639,644,test_structured_candidate_failure_keeps_metadata_when_pickled,True
python/tests/test_bc_native_release.py,647,669,test_native_handoff_batch_quarantines_only_typed_failed_lane,True
python/tests/test_bc_native_release.py,672,691,test_real_continuation_property_failure_quarantines_only_bad_voltage_lane,True
python/tests/test_bc_native_release.py,694,708,test_native_fails_closed_before_committing_rejected_faradaic_current,True
python/tests/test_bc_native_release.py,710,730,test_deferred_native_property_failure_stays_quarantined_until_host_check,True
python/tests/test_bc_native_release.py,732,762,test_final_step_rejects_new_temperature_with_invalid_properties,True
python/tests/test_bc_native_release.py,765,795,test_final_step_rejects_invalid_updated_transport_constitutive_state,True
python/tests/test_bc_native_release.py,798,822,test_nonfinite_bv_arithmetic_never_becomes_zero_current,True
python/tests/test_bc_native_release.py,825,842,test_harmonic_mean_is_overflow_safe_and_invalid_inputs_propagate,True
python/tests/test_bc_native_release.py,845,871,test_extreme_finite_limiter_arithmetic_is_not_silently_clipped,True
python/tests/test_bc_native_release.py,874,897,test_extreme_finite_thermal_energy_is_not_silently_clamped,True
python/tests/test_bc_native_release.py,900,915,test_extreme_finite_thermal_conductivity_fails_cfl_not_as_insulation,True
python/tests/test_bc_native_release.py,917,949,test_congestion_objective_is_bounded_by_evaluation_time,True
python/tests/test_bc_native_release.py,951,956,test_zero_initial_mobile_water_is_not_created_by_numerical_floor,True
python/tests/test_bc_native_release.py,958,962,test_infrastructure_error_not_reported_as_physics_failure,True
python/tests/test_bc_native_release.py,964,974,test_cpupool_full_pipeline_standalone,True
python/tests/test_bc_native_release.py,976,993,test_native_invalid_time_and_table_configs_fail_closed,True
python/tests/test_bc_native_release.py,995,1016,test_native_material_properties_and_physical_bounds_fail_closed,True
python/tests/test_bc_native_release.py,1018,1048,test_strict_backends_share_density_weight_and_outer_iteration_contract,True
python/tests/test_bc_native_release.py,1050,1063,test_surface_local_iteration_defaults_ignore_legacy_budget,True
python/tests/test_bc_native_release.py,1065,1092,test_native_thermal_cfl_matches_reference_and_fails_closed,True
python/tests/test_bc_native_release.py,1094,1099,test_missing_joule_model_defaults_to_reference_conductive_mode,True
python/tests/test_bc_native_release.py,1102,1118,test_benchmark_geometry_workload_and_profiles,True
python/tests/test_bc_native_release.py,180,185,run,True
python/tests/test_bc_native_release.py,489,490,run,True
python/tests/test_bc_native_release.py,510,512,model,True
python/tests/test_bc_native_release.py,551,552,model,True
python/tests/test_bc_native_release.py,628,632,model,True
python/tests/test_bc_native_release.py,651,654,model,True
python/tests/test_bc_native_release.py,960,960,model,True
python/tests/test_bc_reaction_conservation.py,43,49,_channel,True
python/tests/test_bc_reaction_conservation.py,52,66,_propagation_config,True
python/tests/test_bc_reaction_conservation.py,69,91,_bc_config,True
python/tests/test_bc_reaction_conservation.py,94,135,_handoff,True
python/tests/test_bc_reaction_conservation.py,138,172,test_inventory_uses_actual_mobile_lp_and_reports_electrochemical_loss,True
python/tests/test_bc_reaction_conservation.py,175,189,test_masked_integral_ratio_scales_before_reduction_to_avoid_fp64_overflow,True
python/tests/test_bc_reaction_conservation.py,210,219,test_reaction_inventory_rejects_unrepresentable_initial_mass,True
python/tests/test_bc_reaction_conservation.py,222,239,test_accepted_channel_rate_is_delta_alpha_over_dt,True
python/tests/test_bc_reaction_conservation.py,246,250,test_time_step_count_has_no_zero_length_tail,True
python/tests/test_bc_reaction_conservation.py,262,274,test_propagation_resource_limits_fail_closed_before_integration,True
python/tests/test_bc_reaction_conservation.py,277,290,test_faradaic_inventory_clipping_fails_closed,True
python/tests/test_bc_reaction_conservation.py,293,295,test_internal_evaluation_time_must_align_with_time_grid,True
python/tests/test_bc_reaction_conservation.py,299,313,test_preflame_rejects_nonpositive_or_nonfinite_maximum_rate,True
python/tests/test_bc_reaction_conservation.py,316,324,test_preflame_thermal_cfl_uses_finite_volume_face_diagonal,True
python/tests/test_bc_reaction_conservation.py,328,412,test_preflame_time_grid_is_strict_and_conversion_is_finite,True
python/tests/test_bc_reaction_conservation.py,416,447,test_propagation_time_grid_is_strict_and_conversion_is_finite,True
python/tests/test_bc_reaction_conservation.py,450,462,test_propagation_rejects_zero_extent_inventory,True
python/tests/test_bc_reaction_conservation.py,472,486,test_propagation_rejects_negative_handoff_inventory,True
python/tests/test_bc_reaction_conservation.py,489,531,test_missing_reaction_inventory_is_rejected_even_with_legacy_flag,True
python/tests/test_bc_reaction_conservation.py,534,548,test_authorized_propagation_requires_complete_solver_snapshot,True
python/tests/test_bc_reaction_conservation.py,551,565,test_propagation_rejects_mobile_lp_cation_anion_mismatch,True
python/tests/test_bc_reaction_conservation.py,567,592,test_propagation_rejects_rectangular_grid_and_inconsistent_product,True
python/tests/test_bc_reaction_conservation.py,595,606,test_propagation_rejects_nonphysical_thermal_properties,True
python/tests/test_bc_reaction_conservation.py,609,628,test_propagation_final_step_rejects_invalid_updated_properties,True
python/tests/test_bc_reaction_conservation.py,631,647,test_propagation_fails_closed_on_unstable_total_thermal_cfl,True
python/tests/test_bc_reaction_conservation.py,650,660,test_propagation_temperature_cap_is_not_silent,True
python/tests/test_bc_reaction_conservation.py,663,698,test_workflow_does_not_mark_skipped_no_onset_as_propagation_success,True
python/tests/test_bc_reaction_conservation.py,701,720,_propagation_boundary_workflow,True
python/tests/test_bc_reaction_conservation.py,727,746,test_workflow_propagation_infrastructure_and_programming_errors_escape,True
python/tests/test_bc_reaction_conservation.py,749,780,test_workflow_converts_only_typed_candidate_propagation_error,True
python/tests/test_bc_reaction_conservation.py,783,800,test_workflow_invalid_global_propagation_config_escapes,True
python/tests/test_bc_reaction_conservation.py,803,822,test_propagation_rejects_falsely_deauthorized_valid_onset,True
python/tests/test_bc_reaction_conservation.py,825,849,test_preflame_heat_history_is_not_replayed_by_boolean_flags,True
python/tests/test_bc_reaction_conservation.py,852,895,test_propagation_inventory_limits_heat_and_keeps_product_water_separate,True
python/tests/test_bc_reaction_conservation.py,898,963,test_propagation_inventory_ratios_do_not_overflow_raw_domain_sums,True
python/tests/test_bc_reaction_conservation.py,966,973,test_arrival_cv_and_unarrived_coverage_are_independent,True
python/tests/test_bc_reaction_conservation.py,976,991,test_propagation_extreme_finite_domain_fails_closed_before_output,True
python/tests/test_bc_reaction_conservation.py,994,1004,test_propagation_regression_speed_cancels_cell_area_before_arithmetic,True
python/tests/test_bc_reaction_conservation.py,1007,1030,test_propagation_harmonic_and_cfl_algebra_avoid_intermediate_overflow,True
python/tests/test_bc_reaction_conservation.py,1040,1052,test_propagation_refinement_rejects_nonfinite_objectives,True
python/tests/test_bc_reaction_conservation.py,1055,1089,test_explicit_post_onset_history_is_rejected_without_closed_coupled_solver,True
python/tests/test_bc_reaction_conservation.py,1092,1105,test_legacy_stale_replay_requires_explicit_escape_hatch,True
python/tests/test_bc_reaction_conservation.py,1108,1293,test_preflame_candidate_freezes_at_first_onset_and_history_tail_is_filled,True
python/tests/test_bc_reaction_conservation.py,734,736,fail,True
python/tests/test_bc_reaction_conservation.py,756,758,reject_candidate,True
python/tests/test_bc_reactive_integration.py,24,50,fixture,True
python/tests/test_bc_reactive_integration.py,53,56,solver_fixture,True
python/tests/test_bc_reactive_integration.py,61,67,test_caloric_integral_round_trip,True
python/tests/test_bc_reactive_integration.py,70,72,test_invalid_caloric_replacement_refused,True
python/tests/test_bc_reactive_integration.py,75,86,test_handoff_exact_two_channel_energy_and_inventories,True
python/tests/test_bc_reactive_integration.py,104,107,test_invalid_handoff_rejected,True
python/tests/test_bc_reactive_integration.py,110,119,test_same_X_does_not_erase_channel_information,True
python/tests/test_bc_reactive_integration.py,122,127,test_kinetics_identical_to_BC_torch_tables,True
python/tests/test_bc_reactive_integration.py,130,137,test_accepted_heat_equals_two_conservative_channel_increments,True
python/tests/test_bc_reactive_integration.py,140,146,test_exhausted_LP_blocks_progress_and_heat,True
python/tests/test_bc_reactive_integration.py,149,153,test_no_mobile_water_created_from_product_water,True
python/tests/test_bc_reactive_integration.py,156,160,test_no_extra_Q_weights,True
python/tests/test_bc_reactive_integration.py,163,170,test_tait_cold_work_integral_and_barotropic_pressure,True
python/tests/test_bc_reactive_integration.py,173,183,test_hllc_stationary_thermal_contact_has_no_acoustic_diffusion,True
python/tests/test_bc_reactive_integration.py,186,199,test_shared_scalar_transport_preserves_stoichiometric_invariants,True
python/tests/test_bc_reactive_integration.py,202,213,test_uniform_reaction_exact_energy_mass_and_same_baseline,True
python/tests/test_bc_reactive_integration.py,216,226,test_hotspot_diffusion_conserves_energy_without_gas_or_duplicate_solid,True
python/tests/test_bc_reactive_integration.py,229,236,test_saved_preflame_heat_is_not_replayed,True
python/tests/test_bc_reactive_integration.py,239,248,test_reaction_front_comes_from_both_channels_without_density_removal,True
python/tests/test_bc_reactive_integration.py,251,260,test_paired_dispatch_and_input_immutability,True
python/tests/test_bc_reactive_integration.py,266,267,test_invalid_or_unacknowledged_ranking_config,True
python/tests/test_bc_reactive_integration.py,270,274,test_primary_backend_failure_never_silently_falls_back,True
python/tests/test_bc_reactive_integration.py,277,280,test_legacy_stale_heating_mode_rejected,True
python/tests/test_bc_reactive_integration.py,283,295,test_dynamic_acoustic_update_is_not_replaced_by_stationary_fast_path,True
python/tests/test_bc_reactive_integration.py,298,311,test_rank_comparison_can_detect_reversal,True
python/tests/test_bc_reactive_integration.py,314,351,test_full_nsga2_reactive_branch_and_same_handoff_baseline,True
python/tests/test_bc_reactive_integration.py,354,365,test_exact_stationary_fast_path_matches_full_flux_update,True
python/tests/test_bc_reactive_integration.py,368,382,test_fourier_grid_convergence_retained_in_single_energy_equation,True
python/tests/test_cpp_backend_io.py,10,23,test_cpp_mask_binary_roundtrip_layout,True
python/tests/test_cpp_backend_io.py,26,32,test_cpp_mask_binary_rejects_overlap,True
python/tests/test_cpp_backend_io.py,35,38,test_cpp_flat_config_is_deterministic_and_boolean_safe,True
python/tests/test_cpp_backend_io.py,41,60,test_cpp_resolved_config_preserves_static_and_coupled_tolerances,True
python/tests/test_cpp_surface_contact_physics.py,17,22,_mask,True
python/tests/test_cpp_surface_contact_physics.py,25,68,test_cpp_surface_contacts_do_not_remove_propellant,True
python/tests/test_direct_physics_smoke.py,14,61,test_direct_no_f_physics_one_step_cpu,True
python/tests/test_diversity_and_mating.py,25,38,make,True
python/tests/test_diversity_and_mating.py,41,55,test_quota_pool_has_target_size_and_topology_coverage,True
python/tests/test_hybrid_cuda_cpu_backend.py,17,22,_mask,True
python/tests/test_hybrid_cuda_cpu_backend.py,25,29,test_legacy_cpu_solver_source_is_preserved_byte_for_byte,True
python/tests/test_hybrid_cuda_cpu_backend.py,32,77,test_hybrid_scheduler_reserves_work_for_both_devices,True
python/tests/test_hybrid_cuda_cpu_backend.py,80,129,test_torch_batched_equations_match_buffered_cpp_short_horizon,True
python/tests/test_hybrid_cuda_cpu_backend.py,132,148,test_create_evaluator_routes_hybrid_backend,True
python/tests/test_hybrid_cuda_cpu_backend.py,151,165,_valid_trial_row,True
python/tests/test_hybrid_cuda_cpu_backend.py,168,208,test_hybrid_vmin_search_uses_wave_scheduler,True
python/tests/test_hybrid_cuda_cpu_backend.py,211,235,test_hybrid_diagnostics_serialises_effective_partition,True
python/tests/test_hybrid_cuda_cpu_backend.py,189,194,fake_execute,True
python/tests/test_metric_mapping.py,8,27,test_canonical_four_objectives,True
python/tests/test_metric_mapping.py,30,49,test_no_ignition_is_finite_and_right_censored_not_nan,True
python/tests/test_mps_multigrid_restriction.py,8,14,_full_weight_reference,True
python/tests/test_mps_multigrid_restriction.py,17,25,test_full_weighting_odd_grid_sizes_match_expected_hierarchy,True
python/tests/test_mps_multigrid_restriction.py,28,34,test_historical_cpu_area_restriction_is_unchanged,True
python/tests/test_mps_profile.py,16,21,_mock_mps_available,True
python/tests/test_mps_profile.py,24,26,test_auto_prefers_mps_when_cuda_is_unavailable,True
python/tests/test_mps_profile.py,29,31,test_mps_rejects_fp64,True
python/tests/test_mps_profile.py,34,57,test_m2_profile_contains_float32_pilot_tolerances,True
python/tests/test_mps_profile.py,60,77,test_direct_evaluator_accepts_mps_fp32_profile,True
python/tests/test_mps_profile.py,80,94,test_direct_evaluator_rejects_mps_with_default_fp64,True
python/tests/test_mps_profile.py,97,151,test_float32_physics_path_smoke_on_cpu,True
python/tests/test_mps_safe_reductions.py,9,25,test_fixed_shape_batch_reductions_match_reference,True
python/tests/test_mps_safe_reductions.py,28,42,test_fixed_shape_masked_quantile_matches_linear_reference,True
python/tests/test_mps_safe_reductions.py,45,50,test_fixed_shape_quantile_accepts_single_2d_field,True
python/tests/test_no_f_contract.py,11,26,test_active_solver_contains_no_f_state_or_equation,True
python/tests/test_no_f_contract.py,29,34,test_base_config_has_no_flame_section_and_cfd_is_disabled,True
python/tests/test_no_f_contract.py,37,55,test_active_package_has_no_openfoam_runtime_commands,True
python/tests/test_no_f_contract.py,58,62,test_production_requires_condensed_phase_ignition_for_recommendation,True
python/tests/test_nonlinear_robin_gauge_balance.py,23,42,_two_case_geometry,True
python/tests/test_nonlinear_robin_gauge_balance.py,45,87,test_exact_global_gauge_balances_batched_bv_currents_fp32,True
python/tests/test_nonlinear_robin_gauge_balance.py,90,140,test_mps_fp32_profile_one_step_on_cpu_reference,True
python/tests/test_nsga2_core.py,13,20,ind,True
python/tests/test_nsga2_core.py,23,31,test_non_dominated_sort_and_constraint_domination,True
python/tests/test_nsga2_core.py,34,46,test_elitist_environmental_selection_and_knee,True
python/tests/test_physical_floors_and_bv_derivative.py,15,20,test_physical_floors_do_not_depend_on_dtype,True
python/tests/test_physical_floors_and_bv_derivative.py,23,50,test_mass_transfer_derivative_does_not_flush_to_zero_at_large_kinetic_current,True
python/tests/test_potential_spd_equilibration.py,17,32,test_representative_spd_pcg_preflight_cpu_fp32,True
python/tests/test_potential_spd_equilibration.py,35,80,test_pcg_with_legacy_multigrid_is_not_silently_rerouted,True
python/tests/test_potential_spd_equilibration.py,83,144,test_gpu_resident_residual_minimising_fallback_recovers_small_spd_case,True
python/tests/test_reactive_config_cli_contract.py,21,24,_raw_config,True
python/tests/test_reactive_config_cli_contract.py,27,49,test_working_set_limit_is_required_exact_and_runtime_validated,True
python/tests/test_reactive_config_cli_contract.py,52,60,test_integer_quantities_preserve_large_yaml_integer_tokens_exactly,True
python/tests/test_reactive_config_cli_contract.py,72,79,test_integer_quantities_fail_closed_on_ambiguous_or_overflowing_values,True
python/tests/test_reactive_config_cli_contract.py,93,107,test_nonuniform_provider_still_validates_ignored_uniform_records,True
python/tests/test_reactive_config_cli_contract.py,110,114,test_malformed_yaml_is_a_typed_configuration_error,True
python/tests/test_reactive_config_cli_contract.py,117,131,test_cli_missing_config_is_structured_expected_oserror,True
python/tests/test_reactive_config_cli_contract.py,134,141,test_cli_has_no_unreachable_surface_mask_options,True
python/tests/test_reactive_config_cli_contract.py,152,170,test_cli_rejects_reinitialization_arguments_when_interval_is_zero,True
python/tests/test_reactive_configuration.py,18,63,test_assumed_paper_case_is_runnable_but_self_identifies_assumptions,True
python/tests/test_reactive_configuration.py,66,68,test_strict_paper_template_fails_closed_at_first_unresolved_input,True
python/tests/test_reactive_configuration.py,71,99,test_extended_config_is_explicit_inherited_nonpaper_mode,True
python/tests/test_reactive_configuration.py,102,123,test_inherited_quantity_and_algorithm_records_are_atomic,True
python/tests/test_reactive_configuration.py,126,135,test_quantity_boolean_is_rejected_instead_of_becoming_one,True
python/tests/test_reactive_configuration.py,138,152,test_reinitialization_algorithm_cannot_enable_when_interval_is_zero,True
python/tests/test_reactive_configuration.py,155,170,test_reinitialization_interval_cannot_run_when_algorithm_is_none,True
python/tests/test_reactive_configuration.py,177,188,test_maximum_stage_retries_is_an_exact_positive_integer,True
python/tests/test_reactive_configuration.py,191,223,test_strict_template_marks_stage_retry_budget_unresolved,True
python/tests/test_reactive_configuration.py,235,246,test_output_resource_limits_are_exact_positive_integers,True
python/tests/test_reactive_configuration.py,249,266,test_typo_in_extended_child_is_not_masked_by_inherited_value,True
python/tests/test_reactive_configuration.py,269,281,test_arbitrary_top_level_key_is_rejected,True
python/tests/test_reactive_configuration.py,284,296,test_non_string_configuration_key_is_rejected_as_configuration_error,True
python/tests/test_reactive_configuration.py,299,311,test_quantity_object_extra_key_is_rejected,True
python/tests/test_reactive_configuration.py,314,322,test_duplicate_key_in_main_yaml_is_rejected,True
python/tests/test_reactive_configuration.py,325,335,test_duplicate_key_in_extended_base_yaml_is_rejected,True
python/tests/test_reactive_configuration.py,347,359,test_independent_boundary_algorithms_reject_unsupported_choices,True
python/tests/test_reactive_configuration.py,371,384,test_config_uniform_field_requires_every_scalar_quantity,True
python/tests/test_reactive_configuration.py,387,412,test_prescribed_array_provider_allows_omitting_uniform_scalars,True
python/tests/test_reactive_configuration.py,415,435,test_prescribed_array_provider_marks_present_uniform_scalars_not_consumed,True
python/tests/test_reactive_configuration.py,438,449,test_unknown_electrical_source_provider_fails_closed,True
python/tests/test_reactive_configuration.py,452,462,test_mpi_algorithm_supports_serial_and_future_rowwise_decomposition,True
python/tests/test_reactive_configuration.py,465,476,test_unknown_mpi_algorithm_fails_closed,True
python/tests/test_reactive_configuration.py,480,490,test_progress_tolerance_must_be_finite_and_strictly_below_one,True
python/tests/test_reactive_configuration.py,493,508,test_configuration_nested_state_is_detached_and_recursively_immutable,True
python/tests/test_reactive_configuration.py,533,541,test_dataclass_replace_cannot_bypass_numeric_runtime_contract,True
python/tests/test_reactive_configuration.py,544,554,test_dataclass_replace_cannot_bypass_algorithm_or_reinit_contract,True
python/tests/test_reactive_configuration.py,557,580,test_dataclass_replace_enforces_provider_specific_optional_scalars,True
python/tests/test_reactive_core.py,32,35,ideal_gas,True
python/tests/test_reactive_core.py,39,48,tait,True
python/tests/test_reactive_core.py,51,75,test_tait_eq3_pressure_and_sound_speed_finite_difference,True
python/tests/test_reactive_core.py,78,117,test_tait_caloric_roundtrip_and_cold_energy_identity,True
python/tests/test_reactive_core.py,120,126,test_tait_rejects_nonpositive_pressure_and_missing_caloric_state,True
python/tests/test_reactive_core.py,129,153,test_ideal_gas_primitive_conservative_roundtrip_and_eq1_flux,True
python/tests/test_reactive_core.py,156,169,test_conservative_conversion_fails_closed_without_clipping,True
python/tests/test_reactive_core.py,172,196,test_weno5_constant_preservation_and_smooth_fifth_order_convergence,True
python/tests/test_reactive_core.py,199,219,test_weno_weights_are_invariant_to_component_unit_rescaling,True
python/tests/test_reactive_core.py,222,242,test_weno_face_is_independent_of_values_outside_its_local_stencil,True
python/tests/test_reactive_core.py,245,251,test_weno_left_trace_does_not_use_opposite_side_sixth_cell,True
python/tests/test_reactive_core.py,255,263,test_weno_extreme_positive_epsilon_has_finite_normalized_weights,True
python/tests/test_reactive_core.py,266,313,test_tait_finite_volume_rhs_is_reference_energy_gauge_covariant,True
python/tests/test_reactive_core.py,316,382,test_hll_consistency_and_face_positivity_fallback_is_measured,True
python/tests/test_reactive_core.py,385,396,test_ssprk3_third_order_for_nonautonomous_signature,True
python/tests/test_reactive_core.py,399,428,test_arrhenius_rate_and_reaction_heat_progress_ratio,True
python/tests/test_reactive_core.py,431,446,test_arrhenius_uses_explicit_gas_constant_and_signed_heat,True
python/tests/test_reactive_core.py,449,482,test_arrhenius_completion_tolerance_zeros_rate_without_changing_state,True
python/tests/test_reactive_core.py,489,492,test_arrhenius_rejects_invalid_inputs,True
python/tests/test_reactive_core.py,495,502,test_uniform_state_has_zero_periodic_flux_divergence,True
python/tests/test_reactive_core.py,505,548,test_periodic_sod_shock_tube_remains_positive_and_conservative,True
python/tests/test_reactive_core.py,551,561,test_explicit_reflective_boundary_has_zero_normal_mass_and_energy_flux,True
python/tests/test_reactive_core.py,523,529,rhs,True
python/tests/test_reactive_levelset_front.py,36,37,_cell_centres,True
python/tests/test_reactive_levelset_front.py,40,58,test_material_level_set_sign_is_fixed_and_independent_of_reaction_progress,True
python/tests/test_reactive_levelset_front.py,61,73,test_periodic_weno5_derivative_has_high_order_smooth_convergence,True
python/tests/test_reactive_levelset_front.py,76,92,test_level_set_weno_is_local_to_its_stencil,True
python/tests/test_reactive_levelset_front.py,95,130,test_ssprk3_weno_periodic_constant_velocity_translates_smooth_level_set,True
python/tests/test_reactive_levelset_front.py,133,158,test_outflow_planar_level_set_moves_at_prescribed_velocity,True
python/tests/test_reactive_levelset_front.py,161,198,test_constant_velocity_circle_advection_preserves_location_and_area,True
python/tests/test_reactive_levelset_front.py,201,212,test_level_set_cfl_violation_is_not_silently_advanced,True
python/tests/test_reactive_levelset_front.py,215,219,test_reinitialization_requires_explicit_nonpaper_provenance,True
python/tests/test_reactive_levelset_front.py,222,251,test_reinitialization_uses_transported_phi_and_measures_zero_contour_drift,True
python/tests/test_reactive_levelset_front.py,254,259,_translated_planar_species,True
python/tests/test_reactive_levelset_front.py,262,280,test_species_front_uses_subcell_threshold_interpolation,True
python/tests/test_reactive_levelset_front.py,283,313,test_planar_species_front_local_and_mean_normal_speed_are_exact,True
python/tests/test_reactive_levelset_front.py,316,354,test_planar_front_speed_is_axis_orientation_independent,True
python/tests/test_reactive_levelset_front.py,357,381,test_species_threshold_0p3_0p5_0p7_sensitivity_is_assumed_and_reported,True
python/tests/test_reactive_levelset_front.py,384,425,test_front_birth_death_and_multiple_intersections_are_diagnosed,True
python/tests/test_reactive_levelset_front.py,428,445,test_front_comparison_refuses_different_coordinates_or_normals,True
python/tests/test_reactive_parallel.py,19,24,test_row_decomposition_is_balanced_and_exact,True
python/tests/test_reactive_parallel.py,27,32,test_serial_outflow_halo_fill,True
python/tests/test_reactive_parallel.py,35,52,test_serial_periodic_halo_fill_and_rank_one_domain_wrap,True
python/tests/test_reactive_parallel.py,55,57,test_rank_count_cannot_exceed_row_count,True
python/tests/test_reactive_parallel.py,61,63,test_actual_mpi_fails_with_explicit_environment_status_when_unavailable,True
python/tests/test_reactive_parallel.py,42,43,Get_rank,True
python/tests/test_reactive_parallel.py,46,47,Get_size,True
python/tests/test_reactive_provenance_electrical.py,20,26,assumed,True
python/tests/test_reactive_provenance_electrical.py,29,32,test_strict_paper_registry_fails_closed_on_assumed_quantity,True
python/tests/test_reactive_provenance_electrical.py,35,48,test_assumption_registry_reports_runnable_nonpaper_input,True
python/tests/test_reactive_provenance_electrical.py,51,56,test_model_modes_are_explicit,True
python/tests/test_reactive_provenance_electrical.py,59,66,test_noncanonical_ff_bool_is_canonicalised_to_raw_zero_one,True
python/tests/test_reactive_provenance_electrical.py,69,76,test_numeric_mask_truth_is_evaluated_before_uint8_canonicalisation,True
python/tests/test_reactive_provenance_electrical.py,87,89,test_nonfinite_or_complex_mask_is_rejected,True
python/tests/test_reactive_provenance_electrical.py,92,109,test_surface_contacts_are_overlays_on_full_propellant_domain,True
python/tests/test_reactive_provenance_electrical.py,112,130,test_uniform_electric_field_has_exact_sigma_e_squared_heating,True
python/tests/test_reactive_provenance_electrical.py,133,139,test_surface_heat_is_applied_to_complete_footprint_not_perimeter,True
python/tests/test_reactive_provenance_electrical.py,142,145,test_surface_heat_volume_conversion_rejects_finite_input_overflow,True
python/tests/test_reactive_provenance_electrical.py,148,157,test_electrical_source_sum_rejects_overflow,True
python/tests/test_reactive_release_builder.py,18,23,_write_json,True
python/tests/test_reactive_release_builder.py,26,27,_sha256,True
python/tests/test_reactive_release_builder.py,30,48,_make_parent,True
python/tests/test_reactive_release_builder.py,51,107,_make_source,True
python/tests/test_reactive_release_builder.py,110,166,_make_validation,True
python/tests/test_reactive_release_builder.py,169,177,_case,True
python/tests/test_reactive_release_builder.py,180,184,_assert_no_published_artifacts,True
python/tests/test_reactive_release_builder.py,187,211,test_release_builder_semantically_validates_then_atomically_publishes,True
python/tests/test_reactive_release_builder.py,214,231,test_fresh_extract_failure_leaves_no_partial_release,True
python/tests/test_reactive_release_builder.py,234,254,test_publication_rename_failure_rolls_back_every_created_target,True
python/tests/test_reactive_release_builder.py,258,287,test_release_builder_rejects_invalid_evidence_or_parent_before_publication,True
python/tests/test_reactive_release_builder.py,290,298,test_pending_gate_is_scoped_to_v8_3_test_status,True
python/tests/test_reactive_release_builder.py,219,221,fail_fresh_extract,True
python/tests/test_reactive_release_builder.py,241,244,fail_second_publish,True
python/tests/test_reactive_solid.py,16,28,model,True
python/tests/test_reactive_solid.py,31,35,test_periodic_laplacian_conserves_integral,True
python/tests/test_reactive_solid.py,38,85,test_pure_periodic_heat_conduction_matches_sinusoidal_analytic_solution,True
python/tests/test_reactive_solid.py,88,99,test_arrhenius_constant_rate_and_reaction_heat_are_consistent,True
python/tests/test_reactive_solid.py,102,114,test_solid_completion_tolerance_zeros_rate_without_changing_alpha,True
python/tests/test_reactive_solid.py,117,132,test_ssprk3_integrates_constant_alpha_rate_without_clipping,True
python/tests/test_reactive_solid.py,135,149,test_ssprk3_rejects_alpha_overshoot_instead_of_clipping,True
python/tests/test_reactive_solid.py,152,159,test_solid_rate_does_not_hide_roundoff_overshoot_with_clipping,True
python/tests/test_reactive_solid.py,166,177,test_solid_stability_controls_are_validated,True
python/tests/test_reactive_solid.py,57,67,rhs,True
python/tests/test_reactive_solid.py,121,122,rhs,True
python/tests/test_reactive_solid.py,139,140,rhs,True
python/tests/test_reactive_solver.py,23,42,source_fields,True
python/tests/test_reactive_solver.py,45,75,small_config,True
python/tests/test_reactive_solver.py,78,86,extended_config,True
python/tests/test_reactive_solver.py,89,99,uniform_config,True
python/tests/test_reactive_solver.py,102,109,surface_contacts,True
python/tests/test_reactive_solver.py,112,149,test_electrical_provider_contracts_fail_closed_and_report_consumed_inputs,True
python/tests/test_reactive_solver.py,152,161,test_single_process_solver_rejects_declared_rowwise_mpi_runner,True
python/tests/test_reactive_solver.py,164,214,test_uniform_free_stream_and_separate_solid_state_are_preserved,True
python/tests/test_reactive_solver.py,217,257,test_deterministic_repeat_and_deterministic_npz_json,True
python/tests/test_reactive_solver.py,260,286,test_uniform_velocity_actually_transports_independent_material_level_set,True
python/tests/test_reactive_solver.py,289,328,test_reaction_electrical_energy_and_progress_bookkeeping,True
python/tests/test_reactive_solver.py,331,348,test_reaction_rate_can_select_adaptive_time_step,True
python/tests/test_reactive_solver.py,351,372,test_endothermic_flow_reaction_uses_temperature_headroom_limit,True
python/tests/test_reactive_solver.py,375,393,test_endothermic_solid_reaction_uses_temperature_headroom_limit,True
python/tests/test_reactive_solver.py,396,409,test_subnormal_positive_reaction_rate_has_unbounded_not_invalid_limit,True
python/tests/test_reactive_solver.py,412,423,test_negative_total_electrical_source_is_rejected,True
python/tests/test_reactive_solver.py,426,461,test_extended_mode_requires_and_exercises_explicit_callback_each_stage,True
python/tests/test_reactive_solver.py,464,501,test_extended_callback_shape_and_nonfinite_values_fail_closed,True
python/tests/test_reactive_solver.py,504,513,test_paper_prescribed_mode_rejects_surface_masks_as_non_rankable,True
python/tests/test_reactive_solver.py,516,546,test_extended_surface_contacts_are_overlays_without_removing_state,True
python/tests/test_reactive_solver.py,549,594,test_geometry_sensitive_callback_contract_smoke_changes_source_not_ranking_gate,True
python/tests/test_reactive_solver.py,597,633,test_explicit_reinitialization_is_counted_and_hidden_defaults_are_rejected,True
python/tests/test_reactive_solver.py,636,642,test_builtin_single_plane_level_set_rejects_periodic_x_boundary,True
python/tests/test_reactive_solver.py,645,654,test_strict_paper_cannot_be_promoted_from_assumed_runtime_object,True
python/tests/test_reactive_solver.py,657,678,test_nonstrict_runtime_overrides_are_audited_with_effective_values,True
python/tests/test_reactive_solver.py,681,686,test_prescribed_nonfinite_source_is_rejected_before_any_step,True
python/tests/test_reactive_solver.py,689,701,test_solver_owned_prescribed_source_metadata_and_arrays_are_not_mutable,True
python/tests/test_reactive_solver.py,704,724,test_solid_remaining_progress_limits_timestep_without_clipping,True
python/tests/test_reactive_solver.py,728,785,test_near_complete_flow_reaction_retries_transactionally,True
python/tests/test_reactive_solver.py,789,839,test_near_complete_solid_reaction_retries_transactionally,True
python/tests/test_reactive_solver.py,842,871,test_stage_retry_budget_exhaustion_fails_without_returning_partial_result,True
python/tests/test_reactive_solver.py,875,932,test_flow_tolerance_terminal_runs_beyond_nominal_completion,True
python/tests/test_reactive_solver.py,936,992,test_solid_tolerance_terminal_runs_beyond_nominal_completion,True
python/tests/test_reactive_solver.py,995,1019,test_face_fallback_maximum_correction_reaches_result_metadata,True
python/tests/test_reactive_solver.py,1022,1040,test_budget_scales_cells_before_reduction_and_never_serializes_infinity,True
python/tests/test_reactive_solver.py,1043,1051,test_result_history_resource_preflight_fails_before_allocating_run_state,True
python/tests/test_reactive_solver.py,1054,1063,test_prescribed_metadata_is_included_in_history_preflight,True
python/tests/test_reactive_solver.py,1066,1076,test_grid_working_set_preflight_fails_before_grid_allocation,True
python/tests/test_reactive_solver.py,1079,1101,test_callback_metadata_is_runtime_bounded_by_history_resource_limit,True
python/tests/test_reactive_solver.py,430,433,zero_callback,True
python/tests/test_reactive_solver.py,442,447,callback,True
python/tests/test_reactive_solver.py,468,469,wrong_shape,True
python/tests/test_reactive_solver.py,479,482,nonfinite,True
python/tests/test_reactive_solver.py,492,493,mislabeled,True
python/tests/test_reactive_solver.py,520,527,callback,True
python/tests/test_reactive_solver.py,552,561,geometry_sensitive_callback,True
python/tests/test_reactive_solver.py,856,859,deliberately_insufficient_reduction,True
python/tests/test_reactive_solver.py,1000,1006,instrumented,True
python/tests/test_reactive_solver.py,1083,1088,oversized_metadata,True
python/tests/test_reactive_tensor_backend.py,22,28,solvers,True
python/tests/test_reactive_tensor_backend.py,33,39,test_tensor_thermo_inverse_and_cp_matches_reference,True
python/tests/test_reactive_tensor_backend.py,44,54,test_full_dynamic_tensor_flux_matches_numpy,True
python/tests/test_reactive_tensor_backend.py,58,72,test_independent_batch_lanes_equal_single_numpy_runs,True
python/tests/test_reactive_tensor_backend.py,75,88,test_distinct_candidate_timestep_does_not_slow_fast_lane,True
python/tests/test_reactive_tensor_backend.py,91,100,test_one_failed_lane_does_not_invalidate_sibling,True
python/tests/test_reactive_tensor_backend.py,103,111,test_fourier_and_local_stability_diagonal_match_reference,True
python/tests/test_reactive_tensor_backend.py,114,125,test_numpy_thermal_bound_uses_face_conductance_not_4k_heuristic,True
python/tests/test_reactive_tensor_backend.py,128,133,test_exhausted_stock_does_not_force_impossible_tiny_timestep,True
python/tests/test_reactive_tensor_backend.py,138,141,test_constant_objectives_cannot_create_artificial_crowding_endpoints,True
python/tests/test_reactive_tensor_backend.py,148,149,test_execution_config_rejects_silent_ignores,True
python/tests/test_reactive_tensor_backend.py,153,158,test_string_false_is_not_treated_as_true,True
python/tests/test_reactive_tensor_backend.py,161,164,test_no_cuda_never_silently_runs_on_cpu,True
python/tests/test_reactive_tensor_backend.py,167,169,test_memory_guard_before_tensor_allocations,True
python/tests/test_reactive_tensor_backend.py,172,181,test_cpu_spawn_and_tensor_pair_dispatch,True
python/tests/test_reactive_tensor_backend.py,185,215,test_tensor_NSGA_workflow_really_dispatches_batch,True
python/tests/test_reactive_tensor_backend.py,219,233,test_cuda_fp64_stationary_dynamic_and_batch_parity,True
python/tests/test_reactive_tensor_backend.py,237,251,test_cuda_graph_matches_eager_with_changing_timestep,True
python/tests/test_reactive_tensor_backend.py,254,266,test_hll_stationary_contact_does_not_skip_acoustic_diffusion,True
python/tests/test_reactive_tensor_backend.py,269,277,test_preflight_rejects_skipped_cuda_results,True
python/tests/test_reactive_validation.py,35,50,test_validation_schema_and_manufactured_checks_pass,True
python/tests/test_reactive_validation.py,53,72,test_validation_never_promotes_missing_capabilities_to_pass,True
python/tests/test_reactive_validation.py,75,136,test_coupled_grid_cfl_results_do_not_masquerade_as_paper_convergence,True
python/tests/test_reactive_validation.py,139,162,test_validation_cli_writes_same_strict_json_contract,True
python/tests/test_release_validation_gate.py,19,81,_preservation_fixture,True
python/tests/test_release_validation_gate.py,84,143,test_prepackage_audit_defers_only_three_generated_manifest_changes,True
python/tests/test_release_validation_gate.py,146,159,test_generated_artifact_deferral_requires_strict_declared_change_mode,True
python/tests/test_release_validation_gate.py,162,185,test_preservation_audit_reports_and_rejects_symlinks,True
python/tests/test_release_validation_gate.py,188,233,test_validator_fails_before_work_for_missing_baseline_or_occupied_output,True
python/tests/test_release_validation_gate.py,236,269,test_validator_rejects_symlink_baseline_and_has_atomic_completion_contract,True
python/tests/test_surface_contact_multicomponent_geometry.py,19,23,_pair,True
python/tests/test_surface_contact_multicomponent_geometry.py,26,31,test_bootstrap_templates_cover_requested_component_pairs,True
python/tests/test_surface_contact_multicomponent_geometry.py,34,50,test_components_have_independent_poses_and_surface_contact_area,True
python/tests/test_surface_contact_multicomponent_geometry.py,53,70,test_component_mutations_obey_caps_and_change_counts,True
python/tests/test_surface_contact_multicomponent_geometry.py,73,85,test_component_level_crossover_obeys_caps,True
python/tests/test_surface_contact_multicomponent_geometry.py,88,99,test_saved_geometry_contains_full_propellant_overlay_masks,True
python/tests/test_surface_overlay_bv_physics.py,26,34,test_series_contact_slope_is_overflow_safe_and_invalid_inputs_propagate,True
python/tests/test_surface_overlay_bv_physics.py,37,72,_surface_problem,True
python/tests/test_surface_overlay_bv_physics.py,75,95,test_equal_footprints_not_perimeters_give_equal_surface_current,True
python/tests/test_surface_overlay_bv_physics.py,98,126,test_surface_iteration_defaults_do_not_inherit_legacy_budget,True
python/tests/test_surface_overlay_bv_physics.py,129,200,test_surface_contact_newton_and_roundoff_match_native_iteration_contract,True
python/tests/test_surface_overlay_bv_physics.py,203,246,test_surface_heat_and_species_sources_use_surface_layer_volume,True
python/tests/test_surface_overlay_bv_physics.py,249,260,test_surface_contacts_do_not_pin_bulk_potential_to_metal_voltage,True
python/tests/test_surface_overlay_bv_physics.py,263,309,test_outer_ring_contact_cells_are_active_unknowns_and_balance_current,True
python/tests/test_surface_overlay_bv_physics.py,312,349,test_direct_surface_solver_handles_outer_ring_control_volumes,True
python/tests/test_surface_overlay_bv_physics.py,352,410,test_surface_joule_heat_equals_finite_volume_face_and_contact_power,True
python/tests/test_surface_overlay_bv_physics.py,413,459,test_total_j_dot_e_preserves_signed_diffusion_cross_term,True
python/tests/test_surface_overlay_bv_physics.py,462,481,test_surface_outer_nonconvergence_is_reported_even_if_raise_is_disabled,True
python/tests/test_surface_overlay_bv_physics.py,484,605,test_surface_outer_iteration_freezes_each_converged_lane_and_matches_serial,True
python/tests/test_surface_overlay_bv_physics.py,551,573,assert_lane_mapping_matches,True
python/tests/test_v82_release_contract.py,50,51,_profile,True
python/tests/test_v82_release_contract.py,54,67,_geometry_batch,True
python/tests/test_v82_release_contract.py,70,78,_synthetic_bc_batch_evaluator,True
python/tests/test_v82_release_contract.py,81,85,_synthetic_bc_items,True
python/tests/test_v82_release_contract.py,88,99,test_reference_bc_batch_propagates_unclassified_device_failure,True
python/tests/test_v82_release_contract.py,113,139,test_reference_bc_batch_isolates_only_typed_candidate_failure,True
python/tests/test_v82_release_contract.py,142,169,test_reference_bc_batch_oom_splits_but_singleton_oom_is_fatal,True
python/tests/test_v82_release_contract.py,172,204,test_reference_handoff_batch_isolates_typed_candidate_failure,True
python/tests/test_v82_release_contract.py,207,219,test_reference_handoff_batch_propagates_infrastructure_failure,True
python/tests/test_v82_release_contract.py,222,232,test_all_bc_profiles_use_one_surface_overlay_contract,True
python/tests/test_v82_release_contract.py,235,246,test_debug_profiles_label_their_actual_evaluation_horizon,True
python/tests/test_v82_release_contract.py,249,366,test_release_metadata_scopes_legacy_hybrid_and_scripts_fail_closed,True
python/tests/test_v82_release_contract.py,369,504,test_a100_gate_verifies_preflight_and_records_run_metadata,True
python/tests/test_v82_release_contract.py,507,538,test_a100_launchers_and_direct_native_launcher_reject_existing_paths,True
python/tests/test_v82_release_contract.py,541,575,test_debug_and_audit_entrypoints_never_delete_existing_runtime_paths,True
python/tests/test_v82_release_contract.py,578,640,test_selected_device_gate_distinguishes_a100_from_noncertifying_override,True
python/tests/test_v82_release_contract.py,643,669,test_selected_device_gate_prefers_torch_uuid_over_numeric_smi_index,True
python/tests/test_v82_release_contract.py,672,684,test_onset_and_initial_temperature_have_one_effective_value,True
python/tests/test_v82_release_contract.py,687,697,test_conflicting_bc_initial_temperature_fails_closed,True
python/tests/test_v82_release_contract.py,700,717,test_solver_geometry_keeps_propellant_and_species_under_contacts,True
python/tests/test_v82_release_contract.py,720,743,test_legacy_direct_geometry_loader_keeps_embedded_electrode_semantics,True
python/tests/test_v82_release_contract.py,746,757,_objective_row,True
python/tests/test_v82_release_contract.py,760,785,test_evaluation_time_metric_is_canonical_and_at2s_is_deprecated_alias,True
python/tests/test_v82_release_contract.py,788,802,test_congestion_objective_prefers_evaluation_horizon_over_legacy_peak,True
python/tests/test_v82_release_contract.py,814,820,test_workflow_rejects_invalid_failure_penalty_contract_before_evaluator,True
python/tests/test_v82_release_contract.py,823,856,test_required_noncontinuous_ignition_failure_cannot_become_feasible,True
python/tests/test_v82_release_contract.py,859,883,test_vmin_reports_observed_monotonicity_for_consistent_trials,True
python/tests/test_v82_release_contract.py,886,905,test_vmin_does_not_claim_unobserved_monotonicity_when_disabled,True
python/tests/test_v82_release_contract.py,921,934,test_vmin_contract_rejects_nonfinite_or_favourable_failure_scores,True
python/tests/test_v82_release_contract.py,937,950,test_vmin_contract_rejects_tolerance_below_fp64_bracket_spacing,True
python/tests/test_v82_release_contract.py,953,989,test_vmin_search_keeps_extreme_finite_bracket_representable,True
python/tests/test_v82_release_contract.py,1004,1013,test_bc_evaluator_rejects_invalid_vmin_contract_at_initialisation,True
python/tests/test_v82_release_contract.py,1016,1022,test_bc_evaluator_forbids_disabling_active_vmin_objective,True
python/tests/test_v82_release_contract.py,1025,1056,test_vmin_repeated_voltage_contradiction_is_invalid_not_a_threshold,True
python/tests/test_v82_release_contract.py,1059,1081,test_bc_trial_rejects_nonlinear_robin_nonconvergence,True
python/tests/test_v82_release_contract.py,1084,1096,test_vmin_same_voltage_contradiction_is_order_independent,True
python/tests/test_v82_release_contract.py,1099,1141,test_reference_vmin_uses_shared_monotonicity_and_full_horizon_contract,True
python/tests/test_v82_release_contract.py,1144,1189,test_reference_vmin_typed_trial_failure_preserves_reference_objectives,True
python/tests/test_v82_release_contract.py,1192,1250,test_release_manifest_verifier_checks_hashes_and_complete_inventory,True
python/tests/test_v82_release_contract.py,1253,1277,test_release_manifest_verifier_separates_v821_from_historical_v820,True
python/tests/test_v82_release_contract.py,93,95,fail_device,True
python/tests/test_v82_release_contract.py,118,129,isolate,True
python/tests/test_v82_release_contract.py,148,152,split_oom,True
python/tests/test_v82_release_contract.py,163,165,singleton_oom,True
python/tests/test_v82_release_contract.py,178,189,run_model,True
python/tests/test_v82_release_contract.py,213,215,fail,True
python/tests/test_v82_release_contract.py,862,867,run,True
python/tests/test_v82_release_contract.py,959,967,run,True
python/tests/test_v82_release_contract.py,1028,1038,run,True
python/tests/test_v82_release_contract.py,1115,1126,fake_run_model,True
python/tests/test_v82_release_contract.py,1159,1163,typed_trial_failure,True
python/tests/test_vmin_search.py,51,61,_reference_row,True
python/tests/test_vmin_search.py,64,100,test_vmin_bracketed_search_reports_conservative_igniting_bound,True
python/tests/test_vmin_search.py,103,132,test_vmin_right_censor_when_reference_does_not_ignite,True
python/tests/test_vmin_search.py,18,19,poll,True
python/tests/test_vmin_search.py,23,24,__init__,True
python/tests/test_vmin_search.py,26,28,prepare_case,True
python/tests/test_vmin_search.py,30,31,launch_prepared_case,True
python/tests/test_vmin_search.py,33,48,collect_prepared_case,True
python/validate_bc_global_pipeline.py,38,42,_load_yaml,False
python/validate_bc_global_pipeline.py,45,76,_write_reports,False
python/validate_bc_global_pipeline.py,79,85,_sanitise_runtime_text,False
python/validate_bc_global_pipeline.py,88,366,main,False
python/validate_bc_global_pipeline.py,20,21,__init__,False
python/validate_bc_global_pipeline.py,23,31,check,False
python/validate_bc_global_pipeline.py,34,35,passed,False
python/validate_hybrid_a100_cpu48.py,23,42,_make_mask,False
python/validate_hybrid_a100_cpu48.py,45,46,_rel,False
python/validate_hybrid_a100_cpu48.py,49,172,main,False
python/validate_multicomponent_surface_pairs.py,26,172,main,False
python/validate_potential_precision.py,21,80,_solve,False
python/validate_potential_precision.py,83,115,main,False
python/verify_release_manifest.py,22,39,_included,False
python/verify_release_manifest.py,42,54,_default_manifest,False
python/verify_release_manifest.py,57,76,_read_manifest,False
python/verify_release_manifest.py,79,141,verify,False
python/verify_release_manifest.py,144,160,main,False
